task_id,asset_id,department,task_type,maintenance_type,section_id,location_code,description,reported_date,due_date,estimated_duration_min,status,criticality,urgency,operational_impact,can_be_rescheduled,priority_score,priority_category,required_block_type,is_overdue,source_defect_id,base_priority_score,priority_source,priority_override_reason
TASK_000001,AST_000007,ENGINEERING,INSPECTION,INSPECTION,SEC_007,LOC_008,Synthetic turnout maintenance activity,2026-05-07,2026-09-04,90,PENDING,52.8,100.0,43.2,TRUE,96.0,CRITICAL,TRAFFIC_BLOCK,TRUE,,69.28,MANUAL_OVERRIDE,Synthetic critical-case override for prototype edge-case coverage.
TASK_000002,AST_000014,TRD,REPAIR,REPAIR,SEC_004,LOC_005,Synthetic feeder maintenance activity,2026-02-27,2026-09-03,180,SCHEDULED,44.4,100.0,53.3,TRUE,95.0,CRITICAL,POWER_BLOCK,TRUE,,68.86,MANUAL_OVERRIDE,Synthetic critical-case override for prototype edge-case coverage.
TASK_000003,AST_000021,S&T,REPLACEMENT,REPLACEMENT,SEC_001,LOC_001,Synthetic signal maintenance activity,2026-06-21,2026-09-02,60,CANCELLED,42.9,23.0,23.4,FALSE,94.0,CRITICAL,SIGNAL_BLOCK,TRUE,DEF_000270,37.76,MANUAL_OVERRIDE,Synthetic critical-case override for prototype edge-case coverage.
TASK_000004,AST_000028,ENGINEERING,TESTING,TESTING,SEC_008,LOC_009,Synthetic culvert maintenance activity,2026-09-01,2026-09-01,180,PENDING,49.5,9.3,56.3,TRUE,93.0,CRITICAL,TRAFFIC_BLOCK,TRUE,,44.19,MANUAL_OVERRIDE,Synthetic critical-case override for prototype edge-case coverage.
TASK_000005,AST_000035,TRD,PREVENTIVE_MAINTENANCE,PREVENTIVE_MAINTENANCE,SEC_005,LOC_006,Synthetic isolator maintenance activity,2026-05-28,2026-08-31,180,COMPLETED,84.2,69.1,69.0,FALSE,92.0,CRITICAL,POWER_BLOCK,TRUE,,77.45,MANUAL_OVERRIDE,Synthetic critical-case override for prototype edge-case coverage.
TASK_000006,AST_000042,S&T,CORRECTIVE_MAINTENANCE,CORRECTIVE_MAINTENANCE,SEC_002,LOC_002,Synthetic interlocking_equipment maintenance activity,2026-08-30,2026-10-07,60,COMPLETED,44.5,10.5,59.8,FALSE,33.67,LOW,SIGNAL_BLOCK,FALSE,,33.67,RULE_BASED,
TASK_000007,AST_000049,ENGINEERING,INSPECTION,INSPECTION,SEC_009,LOC_010,Synthetic turnout maintenance activity,2026-08-08,2026-08-18,60,PENDING,67.6,89.0,32.4,TRUE,68.46,HIGH,TRAFFIC_BLOCK,TRUE,,68.46,RULE_BASED,
TASK_000008,AST_000006,S&T,REPAIR,REPAIR,SEC_006,LOC_007,Synthetic relay maintenance activity,2026-07-24,2026-08-17,300,IN_PROGRESS,94.3,92.5,52.2,FALSE,83.8,CRITICAL,SIGNAL_BLOCK,TRUE,DEF_000255,83.8,RULE_BASED,
TASK_000009,AST_000013,ENGINEERING,REPLACEMENT,REPLACEMENT,SEC_003,LOC_004,Synthetic bridge maintenance activity,2026-03-24,2026-08-16,300,COMPLETED,54.3,97.4,34.5,FALSE,66.85,HIGH,TRAFFIC_BLOCK,TRUE,,66.85,RULE_BASED,
TASK_000010,AST_000020,TRD,TESTING,TESTING,SEC_010,LOC_005,Synthetic isolator maintenance activity,2026-06-20,2026-08-23,300,PENDING,63.2,94.9,27.9,TRUE,67.56,HIGH,POWER_BLOCK,TRUE,,67.56,RULE_BASED,
TASK_000011,AST_000021,S&T,PREVENTIVE_MAINTENANCE,PREVENTIVE_MAINTENANCE,SEC_001,LOC_001,Synthetic point_machine maintenance activity,2026-06-23,2026-10-01,60,CANCELLED,50.8,22.4,55.1,FALSE,38.28,LOW,TRAFFIC_BLOCK,FALSE,,38.28,RULE_BASED,
TASK_000012,AST_000034,ENGINEERING,CORRECTIVE_MAINTENANCE,CORRECTIVE_MAINTENANCE,SEC_004,LOC_004,Synthetic culvert maintenance activity,2026-07-19,2026-09-03,61,COMPLETED,82.4,100.0,47.3,FALSE,80.67,CRITICAL,TRAFFIC_BLOCK,TRUE,,80.67,RULE_BASED,
TASK_000013,AST_000041,TRD,INSPECTION,INSPECTION,SEC_001,LOC_001,Synthetic feeder maintenance activity,2026-02-23,2026-10-01,30,PENDING,89.8,47.3,64.9,TRUE,61.84,MEDIUM,POWER_BLOCK,FALSE,,61.84,RULE_BASED,
TASK_000014,AST_000048,S&T,REPAIR,REPAIR,SEC_008,LOC_009,Synthetic signal maintenance activity,2026-09-06,2026-10-07,120,PENDING,56.3,3.6,29.0,TRUE,28.03,LOW,SIGNAL_BLOCK,FALSE,DEF_000077,28.03,RULE_BASED,
TASK_000015,AST_000005,TRD,REPLACEMENT,REPLACEMENT,SEC_005,LOC_006,Synthetic ohe maintenance activity,2026-08-25,2026-09-01,120,CANCELLED,56.6,74.4,19.6,FALSE,57.03,MEDIUM,POWER_BLOCK,TRUE,DEF_000214,57.03,RULE_BASED,
TASK_000016,AST_000012,S&T,TESTING,TESTING,SEC_002,LOC_002,Synthetic track_circuit maintenance activity,2026-04-15,2026-10-07,90,PENDING,62.0,75.3,46.7,TRUE,55.96,MEDIUM,SIGNAL_BLOCK,FALSE,DEF_000001,55.96,RULE_BASED,
TASK_000017,AST_000019,ENGINEERING,PREVENTIVE_MAINTENANCE,PREVENTIVE_MAINTENANCE,SEC_009,LOC_009,Synthetic bridge maintenance activity,2026-01-26,2026-09-11,150,PENDING,79.6,59.8,53.7,TRUE,59.22,MEDIUM,TRAFFIC_BLOCK,FALSE,,59.22,RULE_BASED,
TASK_000018,AST_000026,TRD,CORRECTIVE_MAINTENANCE,CORRECTIVE_MAINTENANCE,SEC_006,LOC_006,Synthetic isolator maintenance activity,2026-05-15,2026-10-10,240,PENDING,79.3,10.8,27.7,TRUE,37.92,LOW,POWER_BLOCK,FALSE,DEF_000225,37.92,RULE_BASED,
TASK_000019,AST_000033,S&T,INSPECTION,INSPECTION,SEC_003,LOC_003,Synthetic track_circuit maintenance activity,2026-06-17,2026-09-06,180,SCHEDULED,80.7,72.3,34.2,TRUE,68.48,HIGH,SIGNAL_BLOCK,TRUE,,68.48,RULE_BASED,
TASK_000020,AST_000040,ENGINEERING,REPAIR,REPAIR,SEC_010,LOC_005,Synthetic track maintenance activity,2026-09-02,2026-10-23,180,COMPLETED,49.9,0.0,43.6,FALSE,28.36,LOW,TRAFFIC_BLOCK,FALSE,DEF_000099,28.36,RULE_BASED,
TASK_000021,AST_000047,TRD,REPLACEMENT,REPLACEMENT,SEC_007,LOC_008,Synthetic substation maintenance activity,2026-07-07,2026-10-15,120,COMPLETED,84.5,0.0,55.5,FALSE,43.45,MEDIUM,POWER_BLOCK,FALSE,DEF_000186,43.45,RULE_BASED,
TASK_000022,AST_000004,ENGINEERING,TESTING,TESTING,SEC_004,LOC_005,Synthetic turnout maintenance activity,2026-05-20,2026-08-21,60,PENDING,87.4,100.0,55.7,TRUE,84.52,CRITICAL,TRAFFIC_BLOCK,TRUE,DEF_000123,84.52,RULE_BASED,
TASK_000023,AST_000011,TRD,PREVENTIVE_MAINTENANCE,PREVENTIVE_MAINTENANCE,SEC_001,LOC_002,Synthetic switching_equipment maintenance activity,2026-09-08,2026-10-01,90,COMPLETED,69.6,48.5,36.2,FALSE,47.96,MEDIUM,POWER_BLOCK,FALSE,,47.96,RULE_BASED,
TASK_000024,AST_000018,S&T,CORRECTIVE_MAINTENANCE,CORRECTIVE_MAINTENANCE,SEC_008,LOC_009,Synthetic interlocking_equipment maintenance activity,2026-04-19,2026-08-28,120,IN_PROGRESS,94.2,80.0,57.0,FALSE,81.22,CRITICAL,SIGNAL_BLOCK,TRUE,,81.22,RULE_BASED,
TASK_000025,AST_000025,ENGINEERING,INSPECTION,INSPECTION,SEC_005,LOC_006,Synthetic turnout maintenance activity,2026-09-14,2026-09-21,45,PENDING,94.7,71.1,33.7,TRUE,62.9,MEDIUM,TRAFFIC_BLOCK,FALSE,,62.9,RULE_BASED,
TASK_000026,AST_000032,TRD,REPAIR,REPAIR,SEC_002,LOC_002,Synthetic substation maintenance activity,2026-07-19,2026-09-28,120,COMPLETED,72.1,21.6,30.4,FALSE,39.32,LOW,POWER_BLOCK,FALSE,DEF_000221,39.32,RULE_BASED,
TASK_000027,AST_000039,S&T,REPLACEMENT,REPLACEMENT,SEC_009,LOC_010,Synthetic signal maintenance activity,2026-08-19,2026-10-09,75,PENDING,91.8,0.0,72.1,TRUE,50.15,MEDIUM,SIGNAL_BLOCK,FALSE,DEF_000208,50.15,RULE_BASED,
TASK_000028,AST_000046,ENGINEERING,TESTING,TESTING,SEC_006,LOC_007,Synthetic turnout maintenance activity,2026-07-16,2026-08-15,240,PENDING,52.0,100.0,55.9,TRUE,72.18,HIGH,TRAFFIC_BLOCK,TRUE,DEF_000295,72.18,RULE_BASED,
TASK_000029,AST_000003,S&T,PREVENTIVE_MAINTENANCE,PREVENTIVE_MAINTENANCE,SEC_003,LOC_004,Synthetic relay maintenance activity,2026-07-08,2026-10-21,150,SCHEDULED,55.7,0.0,15.9,TRUE,23.47,LOW,SIGNAL_BLOCK,FALSE,,23.47,RULE_BASED,
TASK_000030,AST_000010,ENGINEERING,CORRECTIVE_MAINTENANCE,CORRECTIVE_MAINTENANCE,SEC_010,LOC_011,Synthetic points maintenance activity,2026-07-22,2026-08-29,75,CANCELLED,83.3,78.5,75.1,FALSE,81.48,CRITICAL,TRAFFIC_BLOCK,TRUE,DEF_000269,81.48,RULE_BASED,
TASK_000031,AST_000017,TRD,INSPECTION,INSPECTION,SEC_007,LOC_007,Synthetic substation maintenance activity,2026-04-17,2026-08-17,240,COMPLETED,66.6,96.8,17.5,FALSE,66.72,HIGH,POWER_BLOCK,TRUE,,66.72,RULE_BASED,
TASK_000032,AST_000024,S&T,REPAIR,REPAIR,SEC_004,LOC_005,Synthetic interlocking_equipment maintenance activity,2026-08-13,2026-10-09,180,CANCELLED,66.7,14.6,21.0,FALSE,32.97,LOW,SIGNAL_BLOCK,FALSE,DEF_000143,32.97,RULE_BASED,
TASK_000033,AST_000031,ENGINEERING,REPLACEMENT,REPLACEMENT,SEC_001,LOC_002,Synthetic turnout maintenance activity,2026-06-24,2026-08-01,240,IN_PROGRESS,40.4,100.0,25.8,FALSE,60.59,MEDIUM,TRAFFIC_BLOCK,TRUE,,60.59,RULE_BASED,
TASK_000034,AST_000038,TRD,TESTING,TESTING,SEC_008,LOC_008,Synthetic switching_equipment maintenance activity,2026-08-23,2026-08-28,120,IN_PROGRESS,95.1,91.4,51.3,FALSE,83.53,CRITICAL,POWER_BLOCK,TRUE,DEF_000167,83.53,RULE_BASED,
TASK_000035,AST_000045,S&T,PREVENTIVE_MAINTENANCE,PREVENTIVE_MAINTENANCE,SEC_005,LOC_006,Synthetic signal maintenance activity,2026-07-31,2026-09-21,120,COMPLETED,42.3,100.0,19.9,FALSE,49.78,MEDIUM,SIGNAL_BLOCK,FALSE,,49.78,RULE_BASED,
TASK_000036,AST_000002,TRD,CORRECTIVE_MAINTENANCE,CORRECTIVE_MAINTENANCE,SEC_002,LOC_002,Synthetic isolator maintenance activity,2026-07-23,2026-09-28,120,SCHEDULED,63.8,74.6,37.2,TRUE,54.01,MEDIUM,POWER_BLOCK,FALSE,DEF_000141,54.01,RULE_BASED,
TASK_000037,AST_000009,S&T,INSPECTION,INSPECTION,SEC_009,LOC_010,Synthetic point_machine maintenance activity,2026-04-22,2026-10-09,90,SCHEDULED,89.0,100.0,51.7,TRUE,74.08,HIGH,SIGNAL_BLOCK,FALSE,,74.08,RULE_BASED,
TASK_000038,AST_000016,ENGINEERING,REPAIR,REPAIR,SEC_006,LOC_006,Synthetic bridge maintenance activity,2026-01-31,2026-10-07,60,SCHEDULED,55.3,16.2,28.0,TRUE,31.21,LOW,TRAFFIC_BLOCK,FALSE,,31.21,RULE_BASED,
TASK_000039,AST_000023,TRD,REPLACEMENT,REPLACEMENT,SEC_003,LOC_003,Synthetic feeder maintenance activity,2026-07-21,2026-10-21,150,PENDING,55.6,2.3,49.7,TRUE,32.58,LOW,POWER_BLOCK,FALSE,DEF_000102,32.58,RULE_BASED,
TASK_000040,AST_000030,S&T,TESTING,TESTING,SEC_010,LOC_005,Synthetic track_circuit maintenance activity,2026-07-18,2026-10-26,90,PENDING,88.6,0.0,25.6,TRUE,37.41,LOW,SIGNAL_BLOCK,FALSE,DEF_000189,37.41,RULE_BASED,
TASK_000041,AST_000037,ENGINEERING,PREVENTIVE_MAINTENANCE,PREVENTIVE_MAINTENANCE,SEC_007,LOC_008,Synthetic turnout maintenance activity,2026-03-11,2026-08-22,120,PENDING,81.9,92.8,50.4,TRUE,79.1,HIGH,TRAFFIC_BLOCK,TRUE,,79.1,RULE_BASED,
TASK_000042,AST_000044,TRD,CORRECTIVE_MAINTENANCE,CORRECTIVE_MAINTENANCE,SEC_004,LOC_004,Synthetic substation maintenance activity,2026-08-03,2026-10-05,150,PENDING,56.3,6.9,16.0,TRUE,25.78,LOW,POWER_BLOCK,FALSE,DEF_000213,25.78,RULE_BASED,
TASK_000043,AST_000001,ENGINEERING,INSPECTION,INSPECTION,SEC_001,LOC_001,Synthetic culvert maintenance activity,2026-02-24,2026-10-25,60,COMPLETED,50.3,0.0,50.5,FALSE,30.23,LOW,TRAFFIC_BLOCK,FALSE,,30.23,RULE_BASED,
TASK_000044,AST_000008,TRD,REPAIR,REPAIR,SEC_008,LOC_008,Synthetic feeder maintenance activity,2026-06-21,2026-09-23,120,PENDING,88.0,42.4,38.7,TRUE,53.19,MEDIUM,POWER_BLOCK,FALSE,DEF_000087,53.19,RULE_BASED,
TASK_000045,AST_000015,S&T,REPLACEMENT,REPLACEMENT,SEC_005,LOC_005,Synthetic relay maintenance activity,2026-05-26,2026-10-10,45,COMPLETED,53.9,0.0,30.6,FALSE,26.52,LOW,SIGNAL_BLOCK,FALSE,DEF_000224,26.52,RULE_BASED,
TASK_000046,AST_000022,ENGINEERING,TESTING,TESTING,SEC_002,LOC_002,Synthetic turnout maintenance activity,2026-07-24,2026-10-10,120,COMPLETED,76.5,10.1,31.0,FALSE,37.56,LOW,TRAFFIC_BLOCK,FALSE,DEF_000161,37.56,RULE_BASED,
TASK_000047,AST_000029,TRD,PREVENTIVE_MAINTENANCE,PREVENTIVE_MAINTENANCE,SEC_009,LOC_010,Synthetic switching_equipment maintenance activity,2026-03-15,2026-08-10,45,COMPLETED,88.2,100.0,38.5,FALSE,80.5,CRITICAL,POWER_BLOCK,TRUE,,80.5,RULE_BASED,
TASK_000048,AST_000036,S&T,CORRECTIVE_MAINTENANCE,CORRECTIVE_MAINTENANCE,SEC_006,LOC_007,Synthetic signal maintenance activity,2026-05-21,2026-08-07,180,PENDING,78.2,100.0,74.4,TRUE,85.97,CRITICAL,SIGNAL_BLOCK,TRUE,DEF_000185,85.97,RULE_BASED,
TASK_000049,AST_000043,ENGINEERING,INSPECTION,INSPECTION,SEC_003,LOC_004,Synthetic turnout maintenance activity,2026-03-21,2026-09-02,180,CANCELLED,70.1,62.5,39.5,FALSE,63.16,MEDIUM,TRAFFIC_BLOCK,TRUE,,63.16,RULE_BASED,
TASK_000050,AST_000050,TRD,REPAIR,REPAIR,SEC_010,LOC_005,Synthetic feeder maintenance activity,2026-05-20,2026-09-15,180,COMPLETED,88.2,57.0,30.9,FALSE,55.7,MEDIUM,POWER_BLOCK,FALSE,DEF_000159,55.7,RULE_BASED,
TASK_000051,AST_000007,ENGINEERING,REPLACEMENT,REPLACEMENT,SEC_007,LOC_008,Synthetic turnout maintenance activity,2026-03-19,2026-08-23,30,PENDING,52.8,82.3,52.2,TRUE,66.22,HIGH,TRAFFIC_BLOCK,TRUE,DEF_000146,66.22,RULE_BASED,
TASK_000052,AST_000014,TRD,TESTING,TESTING,SEC_004,LOC_005,Synthetic feeder maintenance activity,2026-07-17,2026-10-05,45,SCHEDULED,44.4,19.9,57.2,TRUE,35.81,LOW,POWER_BLOCK,FALSE,DEF_000183,35.81,RULE_BASED,
TASK_000053,AST_000021,S&T,PREVENTIVE_MAINTENANCE,PREVENTIVE_MAINTENANCE,SEC_001,LOC_001,Synthetic signal maintenance activity,2026-06-19,2026-10-19,90,COMPLETED,42.9,0.0,30.1,FALSE,22.54,LOW,SIGNAL_BLOCK,FALSE,,22.54,RULE_BASED,
TASK_000054,AST_000028,ENGINEERING,CORRECTIVE_MAINTENANCE,CORRECTIVE_MAINTENANCE,SEC_008,LOC_009,Synthetic culvert maintenance activity,2026-04-20,2026-09-23,150,PENDING,49.5,69.3,51.7,TRUE,51.04,MEDIUM,TRAFFIC_BLOCK,FALSE,DEF_000057,51.04,RULE_BASED,
TASK_000055,AST_000035,TRD,INSPECTION,INSPECTION,SEC_005,LOC_006,Synthetic isolator maintenance activity,2026-08-21,2026-10-10,180,IN_PROGRESS,84.2,99.7,69.6,FALSE,76.78,HIGH,POWER_BLOCK,FALSE,,76.78,RULE_BASED,
TASK_000056,AST_000042,S&T,REPAIR,REPAIR,SEC_002,LOC_002,Synthetic interlocking_equipment maintenance activity,2026-08-28,2026-10-10,75,SCHEDULED,44.5,57.6,58.6,TRUE,47.5,MEDIUM,SIGNAL_BLOCK,FALSE,DEF_000081,47.5,RULE_BASED,
TASK_000057,AST_000049,ENGINEERING,REPLACEMENT,REPLACEMENT,SEC_009,LOC_010,Synthetic turnout maintenance activity,2026-08-27,2026-10-12,180,PENDING,67.6,0.4,27.4,TRUE,30.63,LOW,TRAFFIC_BLOCK,FALSE,DEF_000218,30.63,RULE_BASED,
TASK_000058,AST_000006,S&T,TESTING,TESTING,SEC_006,LOC_007,Synthetic relay maintenance activity,2026-09-14,2026-10-10,90,SCHEDULED,94.3,6.1,53.9,TRUE,48.31,MEDIUM,SIGNAL_BLOCK,FALSE,,48.31,RULE_BASED,
TASK_000059,AST_000013,ENGINEERING,PREVENTIVE_MAINTENANCE,PREVENTIVE_MAINTENANCE,SEC_003,LOC_004,Synthetic bridge maintenance activity,2026-09-09,2026-09-16,120,COMPLETED,54.3,78.5,35.6,FALSE,51.46,MEDIUM,TRAFFIC_BLOCK,FALSE,,51.46,RULE_BASED,
TASK_000060,AST_000020,TRD,CORRECTIVE_MAINTENANCE,CORRECTIVE_MAINTENANCE,SEC_010,LOC_005,Synthetic isolator maintenance activity,2026-07-27,2026-10-17,30,CANCELLED,63.2,0.0,18.6,FALSE,26.77,LOW,POWER_BLOCK,FALSE,DEF_000229,26.77,RULE_BASED,
TASK_000061,AST_000027,S&T,INSPECTION,INSPECTION,SEC_007,LOC_007,Synthetic point_machine maintenance activity,2026-06-14,2026-10-03,60,PENDING,50.8,18.6,62.0,TRUE,38.86,LOW,SIGNAL_BLOCK,FALSE,,38.86,RULE_BASED,
TASK_000062,AST_000034,ENGINEERING,REPAIR,REPAIR,SEC_004,LOC_004,Synthetic culvert maintenance activity,2026-07-08,2026-09-03,90,PENDING,82.4,63.7,43.4,TRUE,68.8,HIGH,TRAFFIC_BLOCK,TRUE,DEF_000253,68.8,RULE_BASED,
TASK_000063,AST_000041,TRD,REPLACEMENT,REPLACEMENT,SEC_001,LOC_001,Synthetic feeder maintenance activity,2026-05-09,2026-10-19,30,PENDING,89.8,0.0,60.6,TRUE,46.58,MEDIUM,POWER_BLOCK,FALSE,,46.58,RULE_BASED,
TASK_000064,AST_000048,S&T,TESTING,TESTING,SEC_008,LOC_009,Synthetic signal maintenance activity,2026-09-13,2026-09-20,30,PENDING,56.3,81.3,27.6,TRUE,51.0,MEDIUM,SIGNAL_BLOCK,FALSE,DEF_000077,51.0,RULE_BASED,
TASK_000065,AST_000005,TRD,PREVENTIVE_MAINTENANCE,PREVENTIVE_MAINTENANCE,SEC_005,LOC_006,Synthetic ohe maintenance activity,2026-02-28,2026-08-03,90,SCHEDULED,56.6,100.0,27.0,TRUE,66.56,HIGH,POWER_BLOCK,TRUE,,66.56,RULE_BASED,
TASK_000066,AST_000012,S&T,CORRECTIVE_MAINTENANCE,CORRECTIVE_MAINTENANCE,SEC_002,LOC_002,Synthetic track_circuit maintenance activity,2026-05-25,2026-07-31,120,COMPLETED,62.0,100.0,36.6,FALSE,70.85,HIGH,SIGNAL_BLOCK,TRUE,DEF_000001,70.85,RULE_BASED,
TASK_000067,AST_000019,ENGINEERING,INSPECTION,INSPECTION,SEC_009,LOC_009,Synthetic bridge maintenance activity,2026-08-23,2026-10-05,75,IN_PROGRESS,79.6,9.9,58.1,FALSE,45.36,MEDIUM,TRAFFIC_BLOCK,FALSE,,45.36,RULE_BASED,
TASK_000068,AST_000026,TRD,REPAIR,REPAIR,SEC_006,LOC_006,Synthetic isolator maintenance activity,2026-07-21,2026-10-22,75,COMPLETED,79.3,0.0,29.7,FALSE,35.18,LOW,POWER_BLOCK,FALSE,DEF_000225,35.18,RULE_BASED,
TASK_000069,AST_000033,S&T,REPLACEMENT,REPLACEMENT,SEC_003,LOC_003,Synthetic track_circuit maintenance activity,2026-06-25,2026-07-31,60,PENDING,80.7,100.0,44.2,TRUE,79.3,HIGH,SIGNAL_BLOCK,TRUE,,79.3,RULE_BASED,
TASK_000070,AST_000040,ENGINEERING,TESTING,TESTING,SEC_010,LOC_005,Synthetic track maintenance activity,2026-04-19,2026-10-01,240,PENDING,49.9,17.1,47.2,TRUE,34.39,LOW,TRAFFIC_BLOCK,FALSE,DEF_000299,34.39,RULE_BASED,
TASK_000071,AST_000047,TRD,PREVENTIVE_MAINTENANCE,PREVENTIVE_MAINTENANCE,SEC_007,LOC_008,Synthetic substation maintenance activity,2026-02-02,2026-09-12,60,PENDING,84.5,58.8,59.0,TRUE,61.96,MEDIUM,POWER_BLOCK,FALSE,,61.96,RULE_BASED,
TASK_000072,AST_000004,ENGINEERING,CORRECTIVE_MAINTENANCE,CORRECTIVE_MAINTENANCE,SEC_004,LOC_005,Synthetic turnout maintenance activity,2026-05-17,2026-09-20,45,COMPLETED,87.4,36.4,49.6,FALSE,53.91,MEDIUM,TRAFFIC_BLOCK,FALSE,DEF_000123,53.91,RULE_BASED,
TASK_000073,AST_000011,TRD,INSPECTION,INSPECTION,SEC_001,LOC_002,Synthetic switching_equipment maintenance activity,2026-07-14,2026-09-25,90,COMPLETED,69.6,26.2,36.3,FALSE,41.3,MEDIUM,POWER_BLOCK,FALSE,,41.3,RULE_BASED,
TASK_000074,AST_000018,S&T,REPAIR,REPAIR,SEC_008,LOC_009,Synthetic interlocking_equipment maintenance activity,2026-05-04,2026-09-20,60,PENDING,94.2,69.8,54.9,TRUE,67.63,HIGH,SIGNAL_BLOCK,FALSE,DEF_000097,67.63,RULE_BASED,
TASK_000075,AST_000025,ENGINEERING,REPLACEMENT,REPLACEMENT,SEC_005,LOC_006,Synthetic turnout maintenance activity,2026-09-10,2026-09-21,180,PENDING,94.7,98.7,40.5,TRUE,72.88,HIGH,TRAFFIC_BLOCK,FALSE,DEF_000234,72.88,RULE_BASED,
TASK_000076,AST_000032,TRD,TESTING,TESTING,SEC_002,LOC_002,Synthetic substation maintenance activity,2026-05-12,2026-08-20,150,IN_PROGRESS,72.1,97.7,26.8,FALSE,71.24,HIGH,POWER_BLOCK,TRUE,DEF_000121,71.24,RULE_BASED,
TASK_000077,AST_000039,S&T,PREVENTIVE_MAINTENANCE,PREVENTIVE_MAINTENANCE,SEC_009,LOC_010,Synthetic signal maintenance activity,2026-05-21,2026-10-05,75,PENDING,91.8,86.6,70.2,TRUE,75.66,HIGH,SIGNAL_BLOCK,FALSE,,75.66,RULE_BASED,
TASK_000078,AST_000046,ENGINEERING,CORRECTIVE_MAINTENANCE,CORRECTIVE_MAINTENANCE,SEC_006,LOC_007,Synthetic turnout maintenance activity,2026-01-25,2026-10-22,75,PENDING,52.0,100.0,48.2,TRUE,60.25,MEDIUM,TRAFFIC_BLOCK,FALSE,,60.25,RULE_BASED,
TASK_000079,AST_000003,S&T,INSPECTION,INSPECTION,SEC_003,LOC_004,Synthetic relay maintenance activity,2026-04-09,2026-08-20,60,PENDING,55.7,99.2,18.0,TRUE,63.76,MEDIUM,SIGNAL_BLOCK,TRUE,,63.76,RULE_BASED,
TASK_000080,AST_000010,ENGINEERING,REPAIR,REPAIR,SEC_010,LOC_011,Synthetic points maintenance activity,2026-05-10,2026-10-01,90,PENDING,83.3,25.4,70.3,TRUE,54.35,MEDIUM,TRAFFIC_BLOCK,FALSE,DEF_000169,54.35,RULE_BASED,
TASK_000081,AST_000017,TRD,REPLACEMENT,REPLACEMENT,SEC_007,LOC_007,Synthetic substation maintenance activity,2026-04-14,2026-09-12,75,IN_PROGRESS,66.6,75.6,24.8,FALSE,52.19,MEDIUM,POWER_BLOCK,FALSE,DEF_000006,52.19,RULE_BASED,
TASK_000082,AST_000024,S&T,TESTING,TESTING,SEC_004,LOC_005,Synthetic interlocking_equipment maintenance activity,2026-05-27,2026-09-02,240,COMPLETED,66.7,77.7,17.8,FALSE,61.1,MEDIUM,SIGNAL_BLOCK,TRUE,DEF_000143,61.1,RULE_BASED,
TASK_000083,AST_000031,ENGINEERING,PREVENTIVE_MAINTENANCE,PREVENTIVE_MAINTENANCE,SEC_001,LOC_002,Synthetic turnout maintenance activity,2026-03-21,2026-10-17,120,PENDING,40.4,0.0,22.6,TRUE,19.79,LOW,TRAFFIC_BLOCK,FALSE,,19.79,RULE_BASED,
TASK_000084,AST_000038,TRD,CORRECTIVE_MAINTENANCE,CORRECTIVE_MAINTENANCE,SEC_008,LOC_008,Synthetic switching_equipment maintenance activity,2026-09-13,2026-09-20,150,COMPLETED,95.1,100.0,43.5,FALSE,74.16,HIGH,POWER_BLOCK,FALSE,DEF_000267,74.16,RULE_BASED,
TASK_000085,AST_000045,S&T,INSPECTION,INSPECTION,SEC_005,LOC_006,Synthetic signal maintenance activity,2026-09-13,2026-09-20,45,PENDING,42.3,68.2,18.9,TRUE,39.99,LOW,SIGNAL_BLOCK,FALSE,,39.99,RULE_BASED,
TASK_000086,AST_000002,TRD,REPAIR,REPAIR,SEC_002,LOC_002,Synthetic isolator maintenance activity,2026-04-27,2026-10-24,45,COMPLETED,63.8,0.0,34.5,FALSE,30.96,LOW,POWER_BLOCK,FALSE,,30.96,RULE_BASED,
TASK_000087,AST_000009,S&T,REPLACEMENT,REPLACEMENT,SEC_009,LOC_010,Synthetic point_machine maintenance activity,2026-09-12,2026-09-19,30,COMPLETED,89.0,100.0,46.1,FALSE,72.68,HIGH,SIGNAL_BLOCK,FALSE,DEF_000178,72.68,RULE_BASED,
TASK_000088,AST_000016,ENGINEERING,TESTING,TESTING,SEC_006,LOC_006,Synthetic bridge maintenance activity,2026-06-17,2026-08-16,75,PENDING,55.3,99.0,26.0,TRUE,65.55,HIGH,TRAFFIC_BLOCK,TRUE,DEF_000065,65.55,RULE_BASED,
TASK_000089,AST_000023,TRD,PREVENTIVE_MAINTENANCE,PREVENTIVE_MAINTENANCE,SEC_003,LOC_003,Synthetic feeder maintenance activity,2026-05-17,2026-10-27,120,COMPLETED,55.6,0.0,50.4,FALSE,32.06,LOW,POWER_BLOCK,FALSE,,32.06,RULE_BASED,
TASK_000090,AST_000030,S&T,CORRECTIVE_MAINTENANCE,CORRECTIVE_MAINTENANCE,SEC_010,LOC_005,Synthetic track_circuit maintenance activity,2026-04-10,2026-08-10,90,COMPLETED,88.6,100.0,28.4,FALSE,78.11,HIGH,SIGNAL_BLOCK,TRUE,DEF_000289,78.11,RULE_BASED,
TASK_000091,AST_000037,ENGINEERING,INSPECTION,INSPECTION,SEC_007,LOC_008,Synthetic turnout maintenance activity,2026-09-04,2026-09-11,180,CANCELLED,81.9,94.8,61.4,FALSE,72.46,HIGH,TRAFFIC_BLOCK,FALSE,,72.46,RULE_BASED,
TASK_000092,AST_000044,TRD,REPAIR,REPAIR,SEC_004,LOC_004,Synthetic substation maintenance activity,2026-08-06,2026-10-05,60,CANCELLED,56.3,59.8,25.7,FALSE,44.07,MEDIUM,POWER_BLOCK,FALSE,DEF_000063,44.07,RULE_BASED,
TASK_000093,AST_000001,ENGINEERING,REPLACEMENT,REPLACEMENT,SEC_001,LOC_001,Synthetic culvert maintenance activity,2026-09-09,2026-09-16,120,SCHEDULED,50.3,100.0,55.3,TRUE,61.43,MEDIUM,TRAFFIC_BLOCK,FALSE,DEF_000300,61.43,RULE_BASED,
TASK_000094,AST_000008,TRD,TESTING,TESTING,SEC_008,LOC_008,Synthetic feeder maintenance activity,2026-05-18,2026-09-20,180,PENDING,88.0,100.0,51.0,TRUE,73.55,HIGH,POWER_BLOCK,FALSE,DEF_000187,73.55,RULE_BASED,
TASK_000095,AST_000015,S&T,PREVENTIVE_MAINTENANCE,PREVENTIVE_MAINTENANCE,SEC_005,LOC_005,Synthetic relay maintenance activity,2026-03-05,2026-09-20,60,COMPLETED,53.9,100.0,25.2,FALSE,55.16,MEDIUM,SIGNAL_BLOCK,FALSE,,55.16,RULE_BASED,
TASK_000096,AST_000022,ENGINEERING,CORRECTIVE_MAINTENANCE,CORRECTIVE_MAINTENANCE,SEC_002,LOC_002,Synthetic turnout maintenance activity,2026-06-16,2026-10-24,45,SCHEDULED,76.5,24.0,19.7,TRUE,38.9,LOW,TRAFFIC_BLOCK,FALSE,DEF_000261,38.9,RULE_BASED,
TASK_000097,AST_000029,TRD,INSPECTION,INSPECTION,SEC_009,LOC_010,Synthetic switching_equipment maintenance activity,2026-06-02,2026-09-19,30,COMPLETED,88.2,42.6,45.7,FALSE,55.08,MEDIUM,POWER_BLOCK,FALSE,,55.08,RULE_BASED,
TASK_000098,AST_000036,S&T,REPAIR,REPAIR,SEC_006,LOC_007,Synthetic signal maintenance activity,2026-09-11,2026-10-21,90,IN_PROGRESS,78.2,0.0,65.1,FALSE,43.64,MEDIUM,SIGNAL_BLOCK,FALSE,DEF_000285,43.64,RULE_BASED,
TASK_000099,AST_000043,ENGINEERING,REPLACEMENT,REPLACEMENT,SEC_003,LOC_004,Synthetic turnout maintenance activity,2026-07-19,2026-10-27,180,PENDING,70.1,100.0,35.2,TRUE,63.33,MEDIUM,TRAFFIC_BLOCK,FALSE,DEF_000272,63.33,RULE_BASED,
TASK_000100,AST_000050,TRD,TESTING,TESTING,SEC_010,LOC_005,Synthetic feeder maintenance activity,2026-03-09,2026-09-26,30,PENDING,88.2,35.6,35.5,TRUE,50.42,MEDIUM,POWER_BLOCK,FALSE,,50.42,RULE_BASED,
TASK_000101,AST_000007,ENGINEERING,PREVENTIVE_MAINTENANCE,PREVENTIVE_MAINTENANCE,SEC_007,LOC_008,Synthetic turnout maintenance activity,2026-03-15,2026-10-27,120,IN_PROGRESS,52.8,0.0,44.0,FALSE,29.48,LOW,TRAFFIC_BLOCK,FALSE,,29.48,RULE_BASED,
TASK_000102,AST_000014,TRD,CORRECTIVE_MAINTENANCE,CORRECTIVE_MAINTENANCE,SEC_004,LOC_005,Synthetic feeder maintenance activity,2026-02-21,2026-09-03,75,CANCELLED,44.4,100.0,45.0,FALSE,66.79,HIGH,POWER_BLOCK,TRUE,,66.79,RULE_BASED,
TASK_000103,AST_000021,S&T,INSPECTION,INSPECTION,SEC_001,LOC_001,Synthetic signal maintenance activity,2026-06-07,2026-10-19,90,COMPLETED,42.9,19.2,26.8,FALSE,27.48,LOW,SIGNAL_BLOCK,FALSE,,27.48,RULE_BASED,
TASK_000104,AST_000028,ENGINEERING,REPAIR,REPAIR,SEC_008,LOC_009,Synthetic culvert maintenance activity,2026-04-20,2026-10-17,120,PENDING,49.5,0.0,60.1,TRUE,32.35,LOW,TRAFFIC_BLOCK,FALSE,DEF_000057,32.35,RULE_BASED,
TASK_000105,AST_000035,TRD,REPLACEMENT,REPLACEMENT,SEC_005,LOC_006,Synthetic isolator maintenance activity,2026-07-28,2026-10-10,150,PENDING,84.2,15.2,71.0,TRUE,51.78,MEDIUM,POWER_BLOCK,FALSE,DEF_000144,51.78,RULE_BASED,
TASK_000106,AST_000042,S&T,TESTING,TESTING,SEC_002,LOC_002,Synthetic interlocking_equipment maintenance activity,2026-08-15,2026-08-31,30,COMPLETED,44.5,81.6,60.9,FALSE,65.28,HIGH,SIGNAL_BLOCK,TRUE,DEF_000231,65.28,RULE_BASED,
TASK_000107,AST_000049,ENGINEERING,PREVENTIVE_MAINTENANCE,PREVENTIVE_MAINTENANCE,SEC_009,LOC_010,Synthetic turnout maintenance activity,2026-08-12,2026-08-19,60,PENDING,67.6,100.0,28.8,TRUE,70.86,HIGH,TRAFFIC_BLOCK,TRUE,,70.86,RULE_BASED,
TASK_000108,AST_000006,S&T,CORRECTIVE_MAINTENANCE,CORRECTIVE_MAINTENANCE,SEC_006,LOC_007,Synthetic relay maintenance activity,2026-08-26,2026-10-10,60,PENDING,94.3,100.0,41.6,TRUE,73.4,HIGH,SIGNAL_BLOCK,FALSE,,73.4,RULE_BASED,
TASK_000109,AST_000013,ENGINEERING,INSPECTION,INSPECTION,SEC_003,LOC_004,Synthetic bridge maintenance activity,2026-03-11,2026-10-26,90,SCHEDULED,54.3,0.0,41.4,TRUE,29.35,LOW,TRAFFIC_BLOCK,FALSE,,29.35,RULE_BASED,
TASK_000110,AST_000020,TRD,REPAIR,REPAIR,SEC_010,LOC_005,Synthetic isolator maintenance activity,2026-04-28,2026-08-07,120,IN_PROGRESS,63.2,100.0,27.8,FALSE,69.07,HIGH,POWER_BLOCK,TRUE,,69.07,RULE_BASED,
TASK_000111,AST_000027,S&T,REPLACEMENT,REPLACEMENT,SEC_007,LOC_007,Synthetic point_machine maintenance activity,2026-07-30,2026-10-03,45,COMPLETED,50.8,87.2,61.1,FALSE,59.22,MEDIUM,SIGNAL_BLOCK,FALSE,DEF_000066,59.22,RULE_BASED,
TASK_000112,AST_000034,ENGINEERING,TESTING,TESTING,SEC_004,LOC_004,Synthetic culvert maintenance activity,2026-08-08,2026-09-03,150,SCHEDULED,82.4,100.0,48.3,TRUE,80.92,CRITICAL,TRAFFIC_BLOCK,TRUE,DEF_000103,80.92,RULE_BASED,
TASK_000113,AST_000041,TRD,PREVENTIVE_MAINTENANCE,PREVENTIVE_MAINTENANCE,SEC_001,LOC_001,Synthetic feeder maintenance activity,2026-02-18,2026-10-01,150,COMPLETED,89.8,97.0,52.7,FALSE,73.7,HIGH,POWER_BLOCK,FALSE,,73.7,RULE_BASED,
TASK_000114,AST_000048,S&T,CORRECTIVE_MAINTENANCE,CORRECTIVE_MAINTENANCE,SEC_008,LOC_009,Synthetic signal maintenance activity,2026-09-06,2026-10-17,60,SCHEDULED,56.3,100.0,40.0,TRUE,59.7,MEDIUM,SIGNAL_BLOCK,FALSE,DEF_000077,59.7,RULE_BASED,
TASK_000115,AST_000005,TRD,INSPECTION,INSPECTION,SEC_005,LOC_006,Synthetic ohe maintenance activity,2026-08-08,2026-10-10,180,SCHEDULED,56.6,36.9,23.2,TRUE,36.68,LOW,POWER_BLOCK,FALSE,,36.68,RULE_BASED,
TASK_000116,AST_000012,S&T,REPAIR,REPAIR,SEC_002,LOC_002,Synthetic track_circuit maintenance activity,2026-04-24,2026-08-31,90,PENDING,62.0,90.1,39.8,TRUE,68.68,HIGH,SIGNAL_BLOCK,TRUE,DEF_000001,68.68,RULE_BASED,
TASK_000117,AST_000019,ENGINEERING,REPLACEMENT,REPLACEMENT,SEC_009,LOC_009,Synthetic bridge maintenance activity,2026-03-10,2026-10-11,240,COMPLETED,79.6,0.0,59.2,FALSE,42.66,MEDIUM,TRAFFIC_BLOCK,FALSE,,42.66,RULE_BASED,
TASK_000118,AST_000026,TRD,TESTING,TESTING,SEC_006,LOC_006,Synthetic isolator maintenance activity,2026-04-06,2026-10-10,150,SCHEDULED,79.3,48.1,23.6,TRUE,48.08,MEDIUM,POWER_BLOCK,FALSE,DEF_000225,48.08,RULE_BASED,
TASK_000119,AST_000033,S&T,PREVENTIVE_MAINTENANCE,PREVENTIVE_MAINTENANCE,SEC_003,LOC_003,Synthetic track_circuit maintenance activity,2026-06-12,2026-10-26,30,CANCELLED,80.7,100.0,43.2,FALSE,69.04,HIGH,SIGNAL_BLOCK,FALSE,,69.04,RULE_BASED,
TASK_000120,AST_000040,ENGINEERING,CORRECTIVE_MAINTENANCE,CORRECTIVE_MAINTENANCE,SEC_010,LOC_005,Synthetic track maintenance activity,2026-04-19,2026-10-01,180,PENDING,49.9,100.0,42.3,TRUE,58.04,MEDIUM,TRAFFIC_BLOCK,FALSE,DEF_000099,58.04,RULE_BASED,
TASK_000121,AST_000047,TRD,INSPECTION,INSPECTION,SEC_007,LOC_008,Synthetic substation maintenance activity,2026-03-30,2026-10-03,30,COMPLETED,84.5,59.7,53.8,FALSE,60.94,MEDIUM,POWER_BLOCK,FALSE,,60.94,RULE_BASED,
TASK_000122,AST_000004,ENGINEERING,REPAIR,REPAIR,SEC_004,LOC_005,Synthetic turnout maintenance activity,2026-07-22,2026-10-24,120,PENDING,87.4,0.0,50.4,TRUE,43.19,MEDIUM,TRAFFIC_BLOCK,FALSE,DEF_000123,43.19,RULE_BASED,
TASK_000123,AST_000011,TRD,REPLACEMENT,REPLACEMENT,SEC_001,LOC_002,Synthetic switching_equipment maintenance activity,2026-08-18,2026-10-01,90,COMPLETED,69.6,97.1,34.1,FALSE,62.01,MEDIUM,POWER_BLOCK,FALSE,DEF_000210,62.01,RULE_BASED,
TASK_000124,AST_000018,S&T,TESTING,TESTING,SEC_008,LOC_009,Synthetic interlocking_equipment maintenance activity,2026-06-20,2026-09-07,60,IN_PROGRESS,94.2,54.8,55.7,FALSE,73.33,HIGH,SIGNAL_BLOCK,TRUE,DEF_000197,73.33,RULE_BASED,
TASK_000125,AST_000025,ENGINEERING,PREVENTIVE_MAINTENANCE,PREVENTIVE_MAINTENANCE,SEC_005,LOC_006,Synthetic turnout maintenance activity,2026-07-04,2026-08-26,45,PENDING,94.7,82.2,39.7,TRUE,77.73,HIGH,TRAFFIC_BLOCK,TRUE,,77.73,RULE_BASED,
TASK_000126,AST_000032,TRD,CORRECTIVE_MAINTENANCE,CORRECTIVE_MAINTENANCE,SEC_002,LOC_002,Synthetic substation maintenance activity,2026-07-19,2026-09-28,150,PENDING,72.1,71.6,28.3,TRUE,53.79,MEDIUM,POWER_BLOCK,FALSE,DEF_000221,53.79,RULE_BASED,
TASK_000127,AST_000039,S&T,INSPECTION,INSPECTION,SEC_009,LOC_010,Synthetic signal maintenance activity,2026-07-16,2026-10-09,120,SCHEDULED,91.8,59.0,71.2,TRUE,67.63,HIGH,SIGNAL_BLOCK,FALSE,,67.63,RULE_BASED,
TASK_000128,AST_000046,ENGINEERING,REPAIR,REPAIR,SEC_006,LOC_007,Synthetic turnout maintenance activity,2026-03-21,2026-10-22,150,IN_PROGRESS,52.0,0.0,50.5,FALSE,30.82,LOW,TRAFFIC_BLOCK,FALSE,DEF_000295,30.82,RULE_BASED,
TASK_000129,AST_000003,S&T,REPLACEMENT,REPLACEMENT,SEC_003,LOC_004,Synthetic relay maintenance activity,2026-07-03,2026-10-21,30,PENDING,55.7,100.0,25.3,TRUE,55.82,MEDIUM,SIGNAL_BLOCK,FALSE,,55.82,RULE_BASED,
TASK_000130,AST_000010,ENGINEERING,TESTING,TESTING,SEC_010,LOC_011,Synthetic points maintenance activity,2026-07-05,2026-08-29,180,PENDING,83.3,95.4,74.7,TRUE,86.45,CRITICAL,TRAFFIC_BLOCK,TRUE,,86.45,RULE_BASED,
TASK_000131,AST_000017,TRD,PREVENTIVE_MAINTENANCE,PREVENTIVE_MAINTENANCE,SEC_007,LOC_007,Synthetic substation maintenance activity,2026-02-24,2026-08-29,180,IN_PROGRESS,66.6,74.9,17.4,FALSE,60.13,MEDIUM,POWER_BLOCK,TRUE,,60.13,RULE_BASED,
TASK_000132,AST_000024,S&T,CORRECTIVE_MAINTENANCE,CORRECTIVE_MAINTENANCE,SEC_004,LOC_005,Synthetic interlocking_equipment maintenance activity,2026-03-23,2026-10-24,75,PENDING,66.7,0.0,22.1,TRUE,28.87,LOW,SIGNAL_BLOCK,FALSE,DEF_000143,28.87,RULE_BASED,
TASK_000133,AST_000031,ENGINEERING,INSPECTION,INSPECTION,SEC_001,LOC_002,Synthetic turnout maintenance activity,2026-04-23,2026-10-17,60,PENDING,40.4,30.4,28.8,TRUE,30.46,LOW,TRAFFIC_BLOCK,FALSE,,30.46,RULE_BASED,
TASK_000134,AST_000038,TRD,REPAIR,REPAIR,SEC_008,LOC_008,Synthetic switching_equipment maintenance activity,2026-09-02,2026-09-09,150,SCHEDULED,95.1,75.6,40.1,TRUE,75.99,HIGH,POWER_BLOCK,TRUE,DEF_000067,75.99,RULE_BASED,
TASK_000135,AST_000045,S&T,REPLACEMENT,REPLACEMENT,SEC_005,LOC_006,Synthetic signal maintenance activity,2026-08-07,2026-09-21,75,COMPLETED,42.3,100.0,21.1,FALSE,50.08,MEDIUM,SIGNAL_BLOCK,FALSE,DEF_000104,50.08,RULE_BASED,
TASK_000136,AST_000002,TRD,TESTING,TESTING,SEC_002,LOC_002,Synthetic isolator maintenance activity,2026-04-09,2026-09-28,30,COMPLETED,63.8,84.8,30.3,FALSE,55.34,MEDIUM,POWER_BLOCK,FALSE,DEF_000141,55.34,RULE_BASED,
TASK_000137,AST_000009,S&T,PREVENTIVE_MAINTENANCE,PREVENTIVE_MAINTENANCE,SEC_009,LOC_010,Synthetic point_machine maintenance activity,2026-02-28,2026-10-10,45,PENDING,89.0,0.7,53.9,TRUE,44.84,MEDIUM,SIGNAL_BLOCK,FALSE,,44.84,RULE_BASED,
TASK_000138,AST_000016,ENGINEERING,CORRECTIVE_MAINTENANCE,CORRECTIVE_MAINTENANCE,SEC_006,LOC_006,Synthetic bridge maintenance activity,2026-05-07,2026-10-28,150,COMPLETED,55.3,0.0,25.1,FALSE,25.63,LOW,TRAFFIC_BLOCK,FALSE,DEF_000265,25.63,RULE_BASED,
TASK_000139,AST_000023,TRD,INSPECTION,INSPECTION,SEC_003,LOC_003,Synthetic feeder maintenance activity,2026-04-14,2026-10-21,45,PENDING,55.6,24.5,60.7,TRUE,41.98,MEDIUM,POWER_BLOCK,FALSE,,41.98,RULE_BASED,
TASK_000140,AST_000030,S&T,REPAIR,REPAIR,SEC_010,LOC_005,Synthetic track_circuit maintenance activity,2026-06-24,2026-08-29,150,IN_PROGRESS,88.6,100.0,21.4,FALSE,76.36,HIGH,SIGNAL_BLOCK,TRUE,DEF_000089,76.36,RULE_BASED,
TASK_000141,AST_000037,ENGINEERING,REPLACEMENT,REPLACEMENT,SEC_007,LOC_008,Synthetic turnout maintenance activity,2026-07-06,2026-09-11,30,PENDING,81.9,100.0,53.2,TRUE,71.96,HIGH,TRAFFIC_BLOCK,FALSE,DEF_000026,71.96,RULE_BASED,
TASK_000142,AST_000044,TRD,TESTING,TESTING,SEC_004,LOC_004,Synthetic substation maintenance activity,2026-01-21,2026-10-01,90,COMPLETED,56.3,27.7,21.4,FALSE,33.36,LOW,POWER_BLOCK,FALSE,,33.36,RULE_BASED,
TASK_000143,AST_000001,ENGINEERING,PREVENTIVE_MAINTENANCE,PREVENTIVE_MAINTENANCE,SEC_001,LOC_001,Synthetic culvert maintenance activity,2026-03-28,2026-10-17,45,SCHEDULED,50.3,68.9,59.7,TRUE,53.2,MEDIUM,TRAFFIC_BLOCK,FALSE,,53.2,RULE_BASED,
TASK_000144,AST_000008,TRD,CORRECTIVE_MAINTENANCE,CORRECTIVE_MAINTENANCE,SEC_008,LOC_008,Synthetic feeder maintenance activity,2026-09-12,2026-09-19,240,SCHEDULED,88.0,100.0,39.3,TRUE,70.62,HIGH,POWER_BLOCK,FALSE,DEF_000287,70.62,RULE_BASED,
TASK_000145,AST_000015,S&T,INSPECTION,INSPECTION,SEC_005,LOC_005,Synthetic relay maintenance activity,2026-07-21,2026-07-31,75,CANCELLED,53.9,100.0,26.0,FALSE,65.36,HIGH,SIGNAL_BLOCK,TRUE,,65.36,RULE_BASED,
TASK_000146,AST_000022,ENGINEERING,REPAIR,REPAIR,SEC_002,LOC_002,Synthetic turnout maintenance activity,2026-07-17,2026-10-20,180,PENDING,76.5,0.0,24.2,TRUE,32.82,LOW,TRAFFIC_BLOCK,FALSE,DEF_000061,32.82,RULE_BASED,
TASK_000147,AST_000029,TRD,REPLACEMENT,REPLACEMENT,SEC_009,LOC_010,Synthetic switching_equipment maintenance activity,2026-03-23,2026-09-21,150,COMPLETED,88.2,42.6,48.2,FALSE,55.7,MEDIUM,POWER_BLOCK,FALSE,,55.7,RULE_BASED,
TASK_000148,AST_000036,S&T,TESTING,TESTING,SEC_006,LOC_007,Synthetic signal maintenance activity,2026-08-23,2026-10-21,60,PENDING,78.2,93.3,73.9,TRUE,73.84,HIGH,SIGNAL_BLOCK,FALSE,DEF_000185,73.84,RULE_BASED,
TASK_000149,AST_000043,ENGINEERING,PREVENTIVE_MAINTENANCE,PREVENTIVE_MAINTENANCE,SEC_003,LOC_004,Synthetic turnout maintenance activity,2026-05-11,2026-09-17,150,PENDING,70.1,50.4,44.2,TRUE,50.7,MEDIUM,TRAFFIC_BLOCK,FALSE,,50.7,RULE_BASED,
TASK_000150,AST_000050,TRD,CORRECTIVE_MAINTENANCE,CORRECTIVE_MAINTENANCE,SEC_010,LOC_005,Synthetic feeder maintenance activity,2026-04-11,2026-09-26,180,COMPLETED,88.2,26.1,35.4,FALSE,47.55,MEDIUM,POWER_BLOCK,FALSE,,47.55,RULE_BASED,
TASK_000151,AST_000007,ENGINEERING,INSPECTION,INSPECTION,SEC_007,LOC_008,Synthetic turnout maintenance activity,2026-06-29,2026-08-03,150,COMPLETED,52.8,100.0,44.3,FALSE,69.55,HIGH,TRAFFIC_BLOCK,TRUE,,69.55,RULE_BASED,
TASK_000152,AST_000014,TRD,REPAIR,REPAIR,SEC_004,LOC_005,Synthetic feeder maintenance activity,2026-04-15,2026-10-07,240,COMPLETED,44.4,6.1,58.4,FALSE,31.97,LOW,POWER_BLOCK,FALSE,DEF_000083,31.97,RULE_BASED,
TASK_000153,AST_000021,S&T,REPLACEMENT,REPLACEMENT,SEC_001,LOC_001,Synthetic signal maintenance activity,2026-06-26,2026-10-03,75,CANCELLED,42.9,15.0,23.4,FALSE,25.36,LOW,SIGNAL_BLOCK,FALSE,DEF_000270,25.36,RULE_BASED,
TASK_000154,AST_000028,ENGINEERING,TESTING,TESTING,SEC_008,LOC_009,Synthetic culvert maintenance activity,2026-04-20,2026-10-17,150,COMPLETED,49.5,94.8,55.1,FALSE,59.54,MEDIUM,TRAFFIC_BLOCK,FALSE,DEF_000057,59.54,RULE_BASED,
TASK_000155,AST_000035,TRD,PREVENTIVE_MAINTENANCE,PREVENTIVE_MAINTENANCE,SEC_005,LOC_006,Synthetic isolator maintenance activity,2026-09-01,2026-10-10,30,PENDING,84.2,18.4,76.8,TRUE,54.19,MEDIUM,POWER_BLOCK,FALSE,,54.19,RULE_BASED,
TASK_000156,AST_000042,S&T,CORRECTIVE_MAINTENANCE,CORRECTIVE_MAINTENANCE,SEC_002,LOC_002,Synthetic interlocking_equipment maintenance activity,2026-08-28,2026-10-20,60,COMPLETED,44.5,100.0,61.0,FALSE,60.82,MEDIUM,SIGNAL_BLOCK,FALSE,DEF_000081,60.82,RULE_BASED,
TASK_000157,AST_000049,ENGINEERING,INSPECTION,INSPECTION,SEC_009,LOC_010,Synthetic turnout maintenance activity,2026-05-16,2026-09-30,75,PENDING,67.6,19.7,27.1,TRUE,36.34,LOW,TRAFFIC_BLOCK,FALSE,,36.34,RULE_BASED,
TASK_000158,AST_000006,S&T,REPAIR,REPAIR,SEC_006,LOC_007,Synthetic relay maintenance activity,2026-07-24,2026-10-21,60,CANCELLED,94.3,100.0,49.2,FALSE,75.3,HIGH,SIGNAL_BLOCK,FALSE,DEF_000255,75.3,RULE_BASED,
TASK_000159,AST_000013,ENGINEERING,REPLACEMENT,REPLACEMENT,SEC_003,LOC_004,Synthetic bridge maintenance activity,2026-06-12,2026-09-17,120,COMPLETED,54.3,47.5,38.0,FALSE,42.76,MEDIUM,TRAFFIC_BLOCK,FALSE,DEF_000142,42.76,RULE_BASED,
TASK_000160,AST_000020,TRD,TESTING,TESTING,SEC_010,LOC_005,Synthetic isolator maintenance activity,2026-06-27,2026-10-17,60,COMPLETED,63.2,100.0,24.9,FALSE,58.35,MEDIUM,POWER_BLOCK,FALSE,DEF_000229,58.35,RULE_BASED,
TASK_000161,AST_000027,S&T,PREVENTIVE_MAINTENANCE,PREVENTIVE_MAINTENANCE,SEC_007,LOC_007,Synthetic point_machine maintenance activity,2026-03-22,2026-09-10,90,IN_PROGRESS,50.8,55.0,50.0,FALSE,56.78,MEDIUM,SIGNAL_BLOCK,TRUE,,56.78,RULE_BASED,
TASK_000162,AST_000034,ENGINEERING,CORRECTIVE_MAINTENANCE,CORRECTIVE_MAINTENANCE,SEC_004,LOC_004,Synthetic culvert maintenance activity,2026-05-28,2026-09-03,120,COMPLETED,82.4,100.0,54.2,FALSE,82.39,CRITICAL,TRAFFIC_BLOCK,TRUE,DEF_000253,82.39,RULE_BASED,
TASK_000163,AST_000041,TRD,INSPECTION,INSPECTION,SEC_001,LOC_001,Synthetic feeder maintenance activity,2026-02-02,2026-10-16,60,PENDING,89.8,0.0,61.0,TRUE,46.68,MEDIUM,POWER_BLOCK,FALSE,,46.68,RULE_BASED,
TASK_000164,AST_000048,S&T,REPAIR,REPAIR,SEC_008,LOC_009,Synthetic signal maintenance activity,2026-09-06,2026-10-17,90,SCHEDULED,56.3,10.9,40.2,TRUE,33.02,LOW,SIGNAL_BLOCK,FALSE,DEF_000077,33.02,RULE_BASED,
TASK_000165,AST_000005,TRD,REPLACEMENT,REPLACEMENT,SEC_005,LOC_006,Synthetic ohe maintenance activity,2026-07-26,2026-09-09,45,SCHEDULED,56.6,68.1,19.7,TRUE,55.16,MEDIUM,POWER_BLOCK,TRUE,DEF_000064,55.16,RULE_BASED,
TASK_000166,AST_000012,S&T,TESTING,TESTING,SEC_002,LOC_002,Synthetic track_circuit maintenance activity,2026-06-25,2026-09-30,120,CANCELLED,62.0,14.2,45.8,FALSE,37.41,LOW,SIGNAL_BLOCK,FALSE,DEF_000001,37.41,RULE_BASED,
TASK_000167,AST_000019,ENGINEERING,PREVENTIVE_MAINTENANCE,PREVENTIVE_MAINTENANCE,SEC_009,LOC_009,Synthetic bridge maintenance activity,2026-05-30,2026-09-04,90,CANCELLED,79.6,73.8,55.7,FALSE,73.92,HIGH,TRAFFIC_BLOCK,TRUE,,73.92,RULE_BASED,
TASK_000168,AST_000026,TRD,CORRECTIVE_MAINTENANCE,CORRECTIVE_MAINTENANCE,SEC_006,LOC_006,Synthetic isolator maintenance activity,2026-04-02,2026-09-07,120,PENDING,79.3,58.3,21.3,TRUE,60.57,MEDIUM,POWER_BLOCK,TRUE,DEF_000225,60.57,RULE_BASED,
TASK_000169,AST_000033,S&T,INSPECTION,INSPECTION,SEC_003,LOC_003,Synthetic track_circuit maintenance activity,2026-03-21,2026-10-09,90,PENDING,80.7,7.2,43.4,TRUE,41.26,MEDIUM,SIGNAL_BLOCK,FALSE,,41.26,RULE_BASED,
TASK_000170,AST_000040,ENGINEERING,REPAIR,REPAIR,SEC_010,LOC_005,Synthetic track maintenance activity,2026-05-03,2026-10-28,75,PENDING,49.9,0.0,53.3,TRUE,30.79,LOW,TRAFFIC_BLOCK,FALSE,,30.79,RULE_BASED,
TASK_000171,AST_000047,TRD,REPLACEMENT,REPLACEMENT,SEC_007,LOC_008,Synthetic substation maintenance activity,2026-07-22,2026-10-15,45,PENDING,84.5,89.5,64.4,TRUE,72.53,HIGH,POWER_BLOCK,FALSE,DEF_000186,72.53,RULE_BASED,
TASK_000172,AST_000004,ENGINEERING,TESTING,TESTING,SEC_004,LOC_005,Synthetic turnout maintenance activity,2026-07-08,2026-10-24,240,CANCELLED,87.4,100.0,52.4,FALSE,73.69,HIGH,TRAFFIC_BLOCK,FALSE,DEF_000123,73.69,RULE_BASED,
TASK_000173,AST_000011,TRD,PREVENTIVE_MAINTENANCE,PREVENTIVE_MAINTENANCE,SEC_001,LOC_002,Synthetic switching_equipment maintenance activity,2026-02-08,2026-10-10,90,PENDING,69.6,11.8,42.5,TRUE,38.52,LOW,POWER_BLOCK,FALSE,,38.52,RULE_BASED,
TASK_000174,AST_000018,S&T,CORRECTIVE_MAINTENANCE,CORRECTIVE_MAINTENANCE,SEC_008,LOC_009,Synthetic interlocking_equipment maintenance activity,2026-05-25,2026-10-17,120,IN_PROGRESS,94.2,17.0,54.3,FALSE,51.64,MEDIUM,SIGNAL_BLOCK,FALSE,DEF_000297,51.64,RULE_BASED,
TASK_000175,AST_000025,ENGINEERING,INSPECTION,INSPECTION,SEC_005,LOC_006,Synthetic turnout maintenance activity,2026-08-16,2026-09-09,180,PENDING,94.7,100.0,40.4,TRUE,83.24,CRITICAL,TRAFFIC_BLOCK,TRUE,,83.24,RULE_BASED,
TASK_000176,AST_000032,TRD,REPAIR,REPAIR,SEC_002,LOC_002,Synthetic substation maintenance activity,2026-02-28,2026-09-30,240,PENDING,72.1,40.6,26.1,TRUE,43.94,MEDIUM,POWER_BLOCK,FALSE,,43.94,RULE_BASED,
TASK_000177,AST_000039,S&T,REPLACEMENT,REPLACEMENT,SEC_009,LOC_010,Synthetic signal maintenance activity,2026-04-19,2026-09-04,240,PENDING,91.8,98.8,66.3,TRUE,88.34,CRITICAL,SIGNAL_BLOCK,TRUE,DEF_000008,88.34,RULE_BASED,
TASK_000178,AST_000046,ENGINEERING,TESTING,TESTING,SEC_006,LOC_007,Synthetic turnout maintenance activity,2026-03-30,2026-10-14,90,SCHEDULED,52.0,0.0,53.9,TRUE,31.67,LOW,TRAFFIC_BLOCK,FALSE,,31.67,RULE_BASED,
TASK_000179,AST_000003,S&T,PREVENTIVE_MAINTENANCE,PREVENTIVE_MAINTENANCE,SEC_003,LOC_004,Synthetic relay maintenance activity,2026-03-28,2026-10-09,30,PENDING,55.7,13.9,14.9,TRUE,27.39,LOW,SIGNAL_BLOCK,FALSE,,27.39,RULE_BASED,
TASK_000180,AST_000010,ENGINEERING,CORRECTIVE_MAINTENANCE,CORRECTIVE_MAINTENANCE,SEC_010,LOC_011,Synthetic points maintenance activity,2026-04-23,2026-10-28,75,IN_PROGRESS,83.3,81.6,81.5,FALSE,74.01,HIGH,TRAFFIC_BLOCK,FALSE,DEF_000169,74.01,RULE_BASED,
TASK_000181,AST_000017,TRD,INSPECTION,INSPECTION,SEC_007,LOC_007,Synthetic substation maintenance activity,2026-08-17,2026-10-15,90,COMPLETED,66.6,100.0,27.9,FALSE,60.28,MEDIUM,POWER_BLOCK,FALSE,,60.28,RULE_BASED,
TASK_000182,AST_000024,S&T,REPAIR,REPAIR,SEC_004,LOC_005,Synthetic interlocking_equipment maintenance activity,2026-05-31,2026-09-02,60,PENDING,66.7,78.6,20.7,TRUE,62.1,MEDIUM,SIGNAL_BLOCK,TRUE,DEF_000143,62.1,RULE_BASED,
TASK_000183,AST_000031,ENGINEERING,REPLACEMENT,REPLACEMENT,SEC_001,LOC_002,Synthetic turnout maintenance activity,2026-06-26,2026-10-10,75,SCHEDULED,40.4,71.1,21.3,TRUE,40.8,MEDIUM,TRAFFIC_BLOCK,FALSE,DEF_000280,40.8,RULE_BASED,
TASK_000184,AST_000038,TRD,TESTING,TESTING,SEC_008,LOC_008,Synthetic switching_equipment maintenance activity,2026-07-30,2026-10-24,75,COMPLETED,95.1,0.0,42.3,FALSE,43.86,MEDIUM,POWER_BLOCK,FALSE,DEF_000167,43.86,RULE_BASED,
TASK_000185,AST_000045,S&T,PREVENTIVE_MAINTENANCE,PREVENTIVE_MAINTENANCE,SEC_005,LOC_006,Synthetic signal maintenance activity,2026-08-20,2026-09-21,30,CANCELLED,42.3,87.2,18.3,FALSE,45.54,MEDIUM,SIGNAL_BLOCK,FALSE,,45.54,RULE_BASED,
TASK_000186,AST_000002,TRD,CORRECTIVE_MAINTENANCE,CORRECTIVE_MAINTENANCE,SEC_002,LOC_002,Synthetic isolator maintenance activity,2026-05-13,2026-10-24,180,PENDING,63.8,100.0,31.7,TRUE,60.26,MEDIUM,POWER_BLOCK,FALSE,,60.26,RULE_BASED,
TASK_000187,AST_000009,S&T,INSPECTION,INSPECTION,SEC_009,LOC_010,Synthetic point_machine maintenance activity,2026-09-11,2026-09-19,90,COMPLETED,89.0,94.1,52.4,FALSE,72.48,HIGH,SIGNAL_BLOCK,FALSE,,72.48,RULE_BASED,
TASK_000188,AST_000016,ENGINEERING,REPAIR,REPAIR,SEC_006,LOC_006,Synthetic bridge maintenance activity,2026-06-17,2026-10-26,60,CANCELLED,55.3,0.0,18.3,FALSE,23.93,LOW,TRAFFIC_BLOCK,FALSE,DEF_000065,23.93,RULE_BASED,
TASK_000189,AST_000023,TRD,REPLACEMENT,REPLACEMENT,SEC_003,LOC_003,Synthetic feeder maintenance activity,2026-01-30,2026-10-14,30,PENDING,55.6,3.4,52.9,TRUE,33.7,LOW,POWER_BLOCK,FALSE,,33.7,RULE_BASED,
TASK_000190,AST_000030,S&T,TESTING,TESTING,SEC_010,LOC_005,Synthetic track_circuit maintenance activity,2026-08-14,2026-09-08,240,PENDING,88.6,51.7,28.4,TRUE,63.62,MEDIUM,SIGNAL_BLOCK,TRUE,,63.62,RULE_BASED,
TASK_000191,AST_000037,ENGINEERING,PREVENTIVE_MAINTENANCE,PREVENTIVE_MAINTENANCE,SEC_007,LOC_008,Synthetic turnout maintenance activity,2026-01-29,2026-09-30,240,PENDING,81.9,23.3,54.7,TRUE,49.33,MEDIUM,TRAFFIC_BLOCK,FALSE,,49.33,RULE_BASED,
TASK_000192,AST_000044,TRD,CORRECTIVE_MAINTENANCE,CORRECTIVE_MAINTENANCE,SEC_004,LOC_004,Synthetic substation maintenance activity,2026-08-27,2026-10-26,180,COMPLETED,56.3,0.0,24.9,FALSE,25.93,LOW,POWER_BLOCK,FALSE,DEF_000063,25.93,RULE_BASED,
TASK_000193,AST_000001,ENGINEERING,INSPECTION,INSPECTION,SEC_001,LOC_001,Synthetic culvert maintenance activity,2026-09-14,2026-09-21,75,COMPLETED,50.3,80.7,58.7,FALSE,56.49,MEDIUM,TRAFFIC_BLOCK,FALSE,,56.49,RULE_BASED,
TASK_000194,AST_000008,TRD,REPAIR,REPAIR,SEC_008,LOC_008,Synthetic feeder maintenance activity,2026-09-12,2026-10-24,180,CANCELLED,88.0,100.0,49.8,FALSE,73.25,HIGH,POWER_BLOCK,FALSE,DEF_000087,73.25,RULE_BASED,
TASK_000195,AST_000015,S&T,REPLACEMENT,REPLACEMENT,SEC_005,LOC_005,Synthetic relay maintenance activity,2026-07-05,2026-09-21,60,PENDING,53.9,100.0,23.3,TRUE,54.69,MEDIUM,SIGNAL_BLOCK,FALSE,DEF_000224,54.69,RULE_BASED,
TASK_000196,AST_000022,ENGINEERING,TESTING,TESTING,SEC_002,LOC_002,Synthetic turnout maintenance activity,2026-07-24,2026-10-24,90,SCHEDULED,76.5,96.7,31.2,TRUE,63.58,MEDIUM,TRAFFIC_BLOCK,FALSE,DEF_000161,63.58,RULE_BASED,
TASK_000197,AST_000029,TRD,PREVENTIVE_MAINTENANCE,PREVENTIVE_MAINTENANCE,SEC_009,LOC_010,Synthetic switching_equipment maintenance activity,2026-02-13,2026-10-22,240,SCHEDULED,88.2,0.0,38.5,TRUE,40.49,MEDIUM,POWER_BLOCK,FALSE,,40.49,RULE_BASED,
TASK_000198,AST_000036,S&T,CORRECTIVE_MAINTENANCE,CORRECTIVE_MAINTENANCE,SEC_006,LOC_007,Synthetic signal maintenance activity,2026-05-28,2026-10-26,60,COMPLETED,78.2,50.2,65.8,FALSE,58.88,MEDIUM,SIGNAL_BLOCK,FALSE,DEF_000285,58.88,RULE_BASED,
TASK_000199,AST_000043,ENGINEERING,INSPECTION,INSPECTION,SEC_003,LOC_004,Synthetic turnout maintenance activity,2026-02-19,2026-10-29,75,PENDING,70.1,0.0,45.9,TRUE,36.01,LOW,TRAFFIC_BLOCK,FALSE,,36.01,RULE_BASED,
TASK_000200,AST_000050,TRD,REPAIR,REPAIR,SEC_010,LOC_005,Synthetic feeder maintenance activity,2026-05-20,2026-09-15,75,PENDING,88.2,100.0,35.1,TRUE,69.64,HIGH,POWER_BLOCK,FALSE,DEF_000159,69.64,RULE_BASED,
TASK_000201,AST_000007,ENGINEERING,REPLACEMENT,REPLACEMENT,SEC_007,LOC_008,Synthetic turnout maintenance activity,2026-08-24,2026-09-30,60,SCHEDULED,52.8,70.3,51.0,TRUE,52.32,MEDIUM,TRAFFIC_BLOCK,FALSE,,52.32,RULE_BASED,
TASK_000202,AST_000014,TRD,TESTING,TESTING,SEC_004,LOC_005,Synthetic feeder maintenance activity,2026-07-26,2026-10-05,45,PENDING,44.4,94.5,54.3,TRUE,57.46,MEDIUM,POWER_BLOCK,FALSE,,57.46,RULE_BASED,
TASK_000203,AST_000021,S&T,PREVENTIVE_MAINTENANCE,PREVENTIVE_MAINTENANCE,SEC_001,LOC_001,Synthetic signal maintenance activity,2026-07-29,2026-09-21,60,PENDING,42.9,100.0,29.4,TRUE,52.36,MEDIUM,SIGNAL_BLOCK,FALSE,,52.36,RULE_BASED,
TASK_000204,AST_000028,ENGINEERING,CORRECTIVE_MAINTENANCE,CORRECTIVE_MAINTENANCE,SEC_008,LOC_009,Synthetic culvert maintenance activity,2026-07-16,2026-10-22,180,COMPLETED,49.5,0.0,58.4,FALSE,31.92,LOW,TRAFFIC_BLOCK,FALSE,DEF_000057,31.92,RULE_BASED,
TASK_000205,AST_000035,TRD,INSPECTION,INSPECTION,SEC_005,LOC_006,Synthetic isolator maintenance activity,2026-07-08,2026-08-31,240,PENDING,84.2,100.0,75.2,TRUE,88.27,CRITICAL,POWER_BLOCK,TRUE,,88.27,RULE_BASED,
TASK_000206,AST_000042,S&T,REPAIR,REPAIR,SEC_002,LOC_002,Synthetic interlocking_equipment maintenance activity,2026-05-30,2026-08-31,150,PENDING,44.5,88.9,68.3,TRUE,69.32,HIGH,SIGNAL_BLOCK,TRUE,,69.32,RULE_BASED,
TASK_000207,AST_000049,ENGINEERING,REPLACEMENT,REPLACEMENT,SEC_009,LOC_010,Synthetic turnout maintenance activity,2026-08-25,2026-10-16,120,COMPLETED,67.6,0.0,34.3,FALSE,32.24,LOW,TRAFFIC_BLOCK,FALSE,DEF_000218,32.24,RULE_BASED,
TASK_000208,AST_000006,S&T,TESTING,TESTING,SEC_006,LOC_007,Synthetic relay maintenance activity,2026-05-11,2026-08-27,75,COMPLETED,94.3,91.6,52.4,FALSE,83.58,CRITICAL,SIGNAL_BLOCK,TRUE,,83.58,RULE_BASED,
TASK_000209,AST_000013,ENGINEERING,PREVENTIVE_MAINTENANCE,PREVENTIVE_MAINTENANCE,SEC_003,LOC_004,Synthetic bridge maintenance activity,2026-02-18,2026-10-26,150,COMPLETED,54.3,0.7,32.8,FALSE,27.42,LOW,TRAFFIC_BLOCK,FALSE,,27.42,RULE_BASED,
TASK_000210,AST_000020,TRD,CORRECTIVE_MAINTENANCE,CORRECTIVE_MAINTENANCE,SEC_010,LOC_005,Synthetic isolator maintenance activity,2026-05-26,2026-09-10,90,CANCELLED,63.2,53.8,28.6,FALSE,55.41,MEDIUM,POWER_BLOCK,TRUE,DEF_000229,55.41,RULE_BASED,
TASK_000211,AST_000027,S&T,INSPECTION,INSPECTION,SEC_007,LOC_007,Synthetic point_machine maintenance activity,2026-05-12,2026-10-03,180,COMPLETED,50.8,58.2,56.0,FALSE,49.24,MEDIUM,SIGNAL_BLOCK,FALSE,,49.24,RULE_BASED,
TASK_000212,AST_000034,ENGINEERING,REPAIR,REPAIR,SEC_004,LOC_004,Synthetic culvert maintenance activity,2026-08-08,2026-10-05,240,SCHEDULED,82.4,61.1,47.6,TRUE,59.07,MEDIUM,TRAFFIC_BLOCK,FALSE,DEF_000103,59.07,RULE_BASED,
TASK_000213,AST_000041,TRD,REPLACEMENT,REPLACEMENT,SEC_001,LOC_001,Synthetic feeder maintenance activity,2026-06-11,2026-10-23,240,COMPLETED,89.8,0.0,56.3,FALSE,45.5,MEDIUM,POWER_BLOCK,FALSE,DEF_000290,45.5,RULE_BASED,
TASK_000214,AST_000048,S&T,TESTING,TESTING,SEC_008,LOC_009,Synthetic signal maintenance activity,2026-06-16,2026-10-22,60,SCHEDULED,56.3,100.0,39.9,TRUE,59.68,MEDIUM,SIGNAL_BLOCK,FALSE,,59.68,RULE_BASED,
TASK_000215,AST_000005,TRD,PREVENTIVE_MAINTENANCE,PREVENTIVE_MAINTENANCE,SEC_005,LOC_006,Synthetic ohe maintenance activity,2026-03-26,2026-08-31,75,COMPLETED,56.6,100.0,24.6,FALSE,65.96,HIGH,POWER_BLOCK,TRUE,,65.96,RULE_BASED,
TASK_000216,AST_000012,S&T,CORRECTIVE_MAINTENANCE,CORRECTIVE_MAINTENANCE,SEC_002,LOC_002,Synthetic track_circuit maintenance activity,2026-07-10,2026-09-30,240,PENDING,62.0,55.1,47.7,TRUE,50.16,MEDIUM,SIGNAL_BLOCK,FALSE,DEF_000001,50.16,RULE_BASED,
TASK_000217,AST_000019,ENGINEERING,INSPECTION,INSPECTION,SEC_009,LOC_009,Synthetic bridge maintenance activity,2026-02-28,2026-10-16,60,COMPLETED,79.6,97.2,54.1,FALSE,70.54,HIGH,TRAFFIC_BLOCK,FALSE,,70.54,RULE_BASED,
TASK_000218,AST_000026,TRD,REPAIR,REPAIR,SEC_006,LOC_006,Synthetic isolator maintenance activity,2026-04-02,2026-10-10,45,SCHEDULED,79.3,34.4,23.8,TRUE,44.02,MEDIUM,POWER_BLOCK,FALSE,DEF_000225,44.02,RULE_BASED,
TASK_000219,AST_000033,S&T,REPLACEMENT,REPLACEMENT,SEC_003,LOC_003,Synthetic track_circuit maintenance activity,2026-08-05,2026-10-26,240,CANCELLED,80.7,0.0,38.2,FALSE,37.8,LOW,SIGNAL_BLOCK,FALSE,DEF_000112,37.8,RULE_BASED,
TASK_000220,AST_000040,ENGINEERING,TESTING,TESTING,SEC_010,LOC_005,Synthetic track maintenance activity,2026-04-19,2026-10-01,180,SCHEDULED,49.9,96.1,52.4,TRUE,59.4,MEDIUM,TRAFFIC_BLOCK,FALSE,DEF_000099,59.4,RULE_BASED,
TASK_000221,AST_000047,TRD,PREVENTIVE_MAINTENANCE,PREVENTIVE_MAINTENANCE,SEC_007,LOC_008,Synthetic substation maintenance activity,2026-08-05,2026-10-15,90,SCHEDULED,84.5,75.5,52.8,TRUE,65.42,HIGH,POWER_BLOCK,FALSE,,65.42,RULE_BASED,
TASK_000222,AST_000004,ENGINEERING,CORRECTIVE_MAINTENANCE,CORRECTIVE_MAINTENANCE,SEC_004,LOC_005,Synthetic turnout maintenance activity,2026-09-10,2026-10-24,240,PENDING,87.4,99.7,53.3,TRUE,73.82,HIGH,TRAFFIC_BLOCK,FALSE,DEF_000123,73.82,RULE_BASED,
TASK_000223,AST_000011,TRD,INSPECTION,INSPECTION,SEC_001,LOC_002,Synthetic switching_equipment maintenance activity,2026-01-23,2026-10-23,180,CANCELLED,69.6,25.8,40.5,FALSE,42.22,MEDIUM,POWER_BLOCK,FALSE,,42.22,RULE_BASED,
TASK_000224,AST_000018,S&T,REPAIR,REPAIR,SEC_008,LOC_009,Synthetic interlocking_equipment maintenance activity,2026-04-25,2026-09-29,90,SCHEDULED,94.2,15.3,59.4,TRUE,52.41,MEDIUM,SIGNAL_BLOCK,FALSE,DEF_000097,52.41,RULE_BASED,
TASK_000225,AST_000025,ENGINEERING,REPLACEMENT,REPLACEMENT,SEC_005,LOC_006,Synthetic turnout maintenance activity,2026-06-23,2026-09-25,180,SCHEDULED,94.7,37.3,39.9,TRUE,54.31,MEDIUM,TRAFFIC_BLOCK,FALSE,DEF_000234,54.31,RULE_BASED,
TASK_000226,AST_000032,TRD,TESTING,TESTING,SEC_002,LOC_002,Synthetic substation maintenance activity,2026-07-19,2026-10-24,90,COMPLETED,72.1,0.0,21.5,FALSE,30.61,LOW,POWER_BLOCK,FALSE,DEF_000221,30.61,RULE_BASED,
TASK_000227,AST_000039,S&T,PREVENTIVE_MAINTENANCE,PREVENTIVE_MAINTENANCE,SEC_009,LOC_010,Synthetic signal maintenance activity,2026-08-24,2026-09-05,180,PENDING,91.8,57.1,74.5,TRUE,77.88,HIGH,SIGNAL_BLOCK,TRUE,,77.88,RULE_BASED,
TASK_000228,AST_000046,ENGINEERING,CORRECTIVE_MAINTENANCE,CORRECTIVE_MAINTENANCE,SEC_006,LOC_007,Synthetic turnout maintenance activity,2026-08-02,2026-08-17,180,COMPLETED,52.0,100.0,50.6,FALSE,70.85,HIGH,TRAFFIC_BLOCK,TRUE,,70.85,RULE_BASED,
TASK_000229,AST_000003,S&T,INSPECTION,INSPECTION,SEC_003,LOC_004,Synthetic relay maintenance activity,2026-01-27,2026-08-20,240,SCHEDULED,55.7,95.5,25.4,TRUE,64.5,MEDIUM,SIGNAL_BLOCK,TRUE,,64.5,RULE_BASED,
TASK_000230,AST_000010,ENGINEERING,REPAIR,REPAIR,SEC_010,LOC_011,Synthetic points maintenance activity,2026-07-22,2026-09-13,120,CANCELLED,83.3,45.9,76.1,FALSE,61.95,MEDIUM,TRAFFIC_BLOCK,FALSE,DEF_000269,61.95,RULE_BASED,
TASK_000231,AST_000017,TRD,REPLACEMENT,REPLACEMENT,SEC_007,LOC_007,Synthetic substation maintenance activity,2026-04-10,2026-10-21,75,COMPLETED,66.6,0.0,18.0,FALSE,27.81,LOW,POWER_BLOCK,FALSE,,27.81,RULE_BASED,
TASK_000232,AST_000024,S&T,TESTING,TESTING,SEC_004,LOC_005,Synthetic interlocking_equipment maintenance activity,2026-04-12,2026-10-24,60,PENDING,66.7,59.5,27.8,TRUE,48.14,MEDIUM,SIGNAL_BLOCK,FALSE,DEF_000143,48.14,RULE_BASED,
TASK_000233,AST_000031,ENGINEERING,PREVENTIVE_MAINTENANCE,PREVENTIVE_MAINTENANCE,SEC_001,LOC_002,Synthetic turnout maintenance activity,2026-07-11,2026-09-19,120,CANCELLED,40.4,42.0,22.7,FALSE,32.42,LOW,TRAFFIC_BLOCK,FALSE,,32.42,RULE_BASED,
TASK_000234,AST_000038,TRD,CORRECTIVE_MAINTENANCE,CORRECTIVE_MAINTENANCE,SEC_008,LOC_008,Synthetic switching_equipment maintenance activity,2026-05-26,2026-09-29,180,PENDING,95.1,100.0,43.8,TRUE,74.24,HIGH,POWER_BLOCK,FALSE,,74.24,RULE_BASED,
TASK_000235,AST_000045,S&T,INSPECTION,INSPECTION,SEC_005,LOC_006,Synthetic signal maintenance activity,2026-07-24,2026-09-25,90,PENDING,42.3,89.5,23.2,TRUE,47.45,MEDIUM,SIGNAL_BLOCK,FALSE,,47.45,RULE_BASED,
TASK_000236,AST_000002,TRD,REPAIR,REPAIR,SEC_002,LOC_002,Synthetic isolator maintenance activity,2026-02-16,2026-10-24,180,PENDING,63.8,0.0,37.4,TRUE,31.68,LOW,POWER_BLOCK,FALSE,,31.68,RULE_BASED,
TASK_000237,AST_000009,S&T,REPLACEMENT,REPLACEMENT,SEC_009,LOC_010,Synthetic point_machine maintenance activity,2026-07-02,2026-10-09,180,CANCELLED,89.0,100.0,43.6,FALSE,72.05,HIGH,SIGNAL_BLOCK,FALSE,DEF_000028,72.05,RULE_BASED,
TASK_000238,AST_000016,ENGINEERING,TESTING,TESTING,SEC_006,LOC_006,Synthetic bridge maintenance activity,2026-05-07,2026-10-28,60,COMPLETED,55.3,31.1,24.6,FALSE,34.83,LOW,TRAFFIC_BLOCK,FALSE,DEF_000265,34.83,RULE_BASED,
TASK_000239,AST_000023,TRD,PREVENTIVE_MAINTENANCE,PREVENTIVE_MAINTENANCE,SEC_003,LOC_003,Synthetic feeder maintenance activity,2026-08-04,2026-09-04,120,PENDING,55.6,60.9,48.5,TRUE,59.86,MEDIUM,POWER_BLOCK,TRUE,,59.86,RULE_BASED,
TASK_000240,AST_000030,S&T,CORRECTIVE_MAINTENANCE,CORRECTIVE_MAINTENANCE,SEC_010,LOC_005,Synthetic track_circuit maintenance activity,2026-05-24,2026-09-13,75,PENDING,88.6,100.0,29.2,TRUE,68.31,HIGH,SIGNAL_BLOCK,FALSE,DEF_000289,68.31,RULE_BASED,
TASK_000241,AST_000037,ENGINEERING,INSPECTION,INSPECTION,SEC_007,LOC_008,Synthetic turnout maintenance activity,2026-01-27,2026-10-21,120,IN_PROGRESS,81.9,42.9,53.3,FALSE,54.86,MEDIUM,TRAFFIC_BLOCK,FALSE,,54.86,RULE_BASED,
TASK_000242,AST_000044,TRD,REPAIR,REPAIR,SEC_004,LOC_004,Synthetic substation maintenance activity,2026-07-14,2026-08-24,90,IN_PROGRESS,56.3,84.0,22.6,FALSE,60.56,MEDIUM,POWER_BLOCK,TRUE,DEF_000213,60.56,RULE_BASED,
TASK_000243,AST_000001,ENGINEERING,REPLACEMENT,REPLACEMENT,SEC_001,LOC_001,Synthetic culvert maintenance activity,2026-09-09,2026-09-19,30,COMPLETED,50.3,46.4,54.6,FALSE,45.18,MEDIUM,TRAFFIC_BLOCK,FALSE,DEF_000300,45.18,RULE_BASED,
TASK_000244,AST_000008,TRD,TESTING,TESTING,SEC_008,LOC_008,Synthetic feeder maintenance activity,2026-06-03,2026-09-23,90,COMPLETED,88.0,100.0,48.6,FALSE,72.95,HIGH,POWER_BLOCK,FALSE,DEF_000187,72.95,RULE_BASED,
TASK_000245,AST_000015,S&T,PREVENTIVE_MAINTENANCE,PREVENTIVE_MAINTENANCE,SEC_005,LOC_005,Synthetic relay maintenance activity,2026-04-19,2026-10-10,120,COMPLETED,53.9,83.3,29.5,FALSE,51.23,MEDIUM,SIGNAL_BLOCK,FALSE,,51.23,RULE_BASED,
TASK_000246,AST_000022,ENGINEERING,CORRECTIVE_MAINTENANCE,CORRECTIVE_MAINTENANCE,SEC_002,LOC_002,Synthetic turnout maintenance activity,2026-06-16,2026-10-24,120,PENDING,76.5,100.0,23.3,TRUE,62.6,MEDIUM,TRAFFIC_BLOCK,FALSE,DEF_000261,62.6,RULE_BASED,
TASK_000247,AST_000029,TRD,INSPECTION,INSPECTION,SEC_009,LOC_010,Synthetic switching_equipment maintenance activity,2026-07-02,2026-09-30,240,CANCELLED,88.2,21.7,49.7,FALSE,49.8,MEDIUM,POWER_BLOCK,FALSE,,49.8,RULE_BASED,
TASK_000248,AST_000036,S&T,REPAIR,REPAIR,SEC_006,LOC_007,Synthetic signal maintenance activity,2026-05-21,2026-10-06,60,PENDING,78.2,2.5,63.3,TRUE,43.94,MEDIUM,SIGNAL_BLOCK,FALSE,DEF_000185,43.94,RULE_BASED,
TASK_000249,AST_000043,ENGINEERING,REPLACEMENT,REPLACEMENT,SEC_003,LOC_004,Synthetic turnout maintenance activity,2026-07-24,2026-10-27,240,PENDING,70.1,100.0,40.5,TRUE,64.66,MEDIUM,TRAFFIC_BLOCK,FALSE,DEF_000272,64.66,RULE_BASED,
TASK_000250,AST_000050,TRD,TESTING,TESTING,SEC_010,LOC_005,Synthetic feeder maintenance activity,2026-04-14,2026-10-10,75,PENDING,88.2,9.1,32.7,TRUE,41.77,MEDIUM,POWER_BLOCK,FALSE,,41.77,RULE_BASED,
TASK_000251,AST_000007,ENGINEERING,PREVENTIVE_MAINTENANCE,PREVENTIVE_MAINTENANCE,SEC_007,LOC_008,Synthetic turnout maintenance activity,2026-05-13,2026-09-22,90,COMPLETED,52.8,32.6,45.2,FALSE,39.56,LOW,TRAFFIC_BLOCK,FALSE,,39.56,RULE_BASED,
TASK_000252,AST_000014,TRD,CORRECTIVE_MAINTENANCE,CORRECTIVE_MAINTENANCE,SEC_004,LOC_005,Synthetic feeder maintenance activity,2026-06-15,2026-10-07,240,SCHEDULED,44.4,100.0,44.8,TRUE,56.74,MEDIUM,POWER_BLOCK,FALSE,DEF_000283,56.74,RULE_BASED,
TASK_000253,AST_000021,S&T,INSPECTION,INSPECTION,SEC_001,LOC_001,Synthetic signal maintenance activity,2026-07-12,2026-09-21,90,COMPLETED,42.9,92.9,25.1,FALSE,49.16,MEDIUM,SIGNAL_BLOCK,FALSE,,49.16,RULE_BASED,
TASK_000254,AST_000028,ENGINEERING,REPAIR,REPAIR,SEC_008,LOC_009,Synthetic culvert maintenance activity,2026-07-09,2026-10-22,90,COMPLETED,49.5,48.9,61.9,FALSE,47.47,MEDIUM,TRAFFIC_BLOCK,FALSE,DEF_000057,47.47,RULE_BASED,
TASK_000255,AST_000035,TRD,REPLACEMENT,REPLACEMENT,SEC_005,LOC_006,Synthetic isolator maintenance activity,2026-07-25,2026-10-10,30,CANCELLED,84.2,100.0,72.1,FALSE,77.5,HIGH,POWER_BLOCK,FALSE,DEF_000144,77.5,RULE_BASED,
TASK_000256,AST_000042,S&T,TESTING,TESTING,SEC_002,LOC_002,Synthetic interlocking_equipment maintenance activity,2026-08-28,2026-10-24,120,COMPLETED,44.5,62.5,64.0,FALSE,50.32,MEDIUM,SIGNAL_BLOCK,FALSE,DEF_000081,50.32,RULE_BASED,
TASK_000257,AST_000049,ENGINEERING,PREVENTIVE_MAINTENANCE,PREVENTIVE_MAINTENANCE,SEC_009,LOC_010,Synthetic turnout maintenance activity,2026-04-08,2026-09-30,60,PENDING,67.6,100.0,27.6,TRUE,60.56,MEDIUM,TRAFFIC_BLOCK,FALSE,,60.56,RULE_BASED,
TASK_000258,AST_000006,S&T,CORRECTIVE_MAINTENANCE,CORRECTIVE_MAINTENANCE,SEC_006,LOC_007,Synthetic relay maintenance activity,2026-07-24,2026-10-21,180,SCHEDULED,94.3,0.0,47.6,TRUE,44.9,MEDIUM,SIGNAL_BLOCK,FALSE,DEF_000255,44.9,RULE_BASED,
TASK_000259,AST_000013,ENGINEERING,INSPECTION,INSPECTION,SEC_003,LOC_004,Synthetic bridge maintenance activity,2026-05-30,2026-10-27,75,PENDING,54.3,54.4,41.5,TRUE,45.7,MEDIUM,TRAFFIC_BLOCK,FALSE,,45.7,RULE_BASED,
TASK_000260,AST_000020,TRD,REPAIR,REPAIR,SEC_010,LOC_005,Synthetic isolator maintenance activity,2026-09-14,2026-10-10,150,COMPLETED,63.2,80.3,24.4,FALSE,52.31,MEDIUM,POWER_BLOCK,FALSE,,52.31,RULE_BASED,
TASK_000261,AST_000027,S&T,REPLACEMENT,REPLACEMENT,SEC_007,LOC_007,Synthetic point_machine maintenance activity,2026-09-03,2026-09-22,240,COMPLETED,50.8,56.8,56.1,FALSE,48.84,MEDIUM,SIGNAL_BLOCK,FALSE,,48.84,RULE_BASED,
TASK_000262,AST_000034,ENGINEERING,TESTING,TESTING,SEC_004,LOC_004,Synthetic culvert maintenance activity,2026-04-02,2026-09-03,180,PENDING,82.4,65.7,56.1,TRUE,72.57,HIGH,TRAFFIC_BLOCK,TRUE,DEF_000253,72.57,RULE_BASED,
TASK_000263,AST_000041,TRD,PREVENTIVE_MAINTENANCE,PREVENTIVE_MAINTENANCE,SEC_001,LOC_001,Synthetic feeder maintenance activity,2026-08-12,2026-10-29,120,CANCELLED,89.8,0.0,57.2,FALSE,45.73,MEDIUM,POWER_BLOCK,FALSE,,45.73,RULE_BASED,
TASK_000264,AST_000048,S&T,CORRECTIVE_MAINTENANCE,CORRECTIVE_MAINTENANCE,SEC_008,LOC_009,Synthetic signal maintenance activity,2026-09-06,2026-10-20,90,PENDING,56.3,0.0,34.7,TRUE,28.38,LOW,SIGNAL_BLOCK,FALSE,DEF_000077,28.38,RULE_BASED,
TASK_000265,AST_000005,TRD,INSPECTION,INSPECTION,SEC_005,LOC_006,Synthetic ohe maintenance activity,2026-08-07,2026-10-10,180,PENDING,56.6,100.0,26.5,TRUE,56.44,MEDIUM,POWER_BLOCK,FALSE,,56.44,RULE_BASED,
TASK_000266,AST_000012,S&T,REPAIR,REPAIR,SEC_002,LOC_002,Synthetic track_circuit maintenance activity,2026-08-07,2026-09-30,240,PENDING,62.0,99.4,36.0,TRUE,60.52,MEDIUM,SIGNAL_BLOCK,FALSE,DEF_000001,60.52,RULE_BASED,
TASK_000267,AST_000019,ENGINEERING,REPLACEMENT,REPLACEMENT,SEC_009,LOC_009,Synthetic bridge maintenance activity,2026-06-21,2026-08-17,180,IN_PROGRESS,79.6,97.8,58.9,FALSE,81.92,CRITICAL,TRAFFIC_BLOCK,TRUE,DEF_000138,81.92,RULE_BASED,
TASK_000268,AST_000026,TRD,TESTING,TESTING,SEC_006,LOC_006,Synthetic isolator maintenance activity,2026-07-21,2026-10-22,180,PENDING,79.3,100.0,22.4,TRUE,63.36,MEDIUM,POWER_BLOCK,FALSE,,63.36,RULE_BASED,
TASK_000269,AST_000033,S&T,PREVENTIVE_MAINTENANCE,PREVENTIVE_MAINTENANCE,SEC_003,LOC_003,Synthetic track_circuit maintenance activity,2026-06-18,2026-09-29,90,SCHEDULED,80.7,14.4,37.6,TRUE,41.96,MEDIUM,SIGNAL_BLOCK,FALSE,,41.96,RULE_BASED,
TASK_000270,AST_000040,ENGINEERING,CORRECTIVE_MAINTENANCE,CORRECTIVE_MAINTENANCE,SEC_010,LOC_005,Synthetic track maintenance activity,2026-04-19,2026-10-01,75,PENDING,49.9,40.9,46.2,TRUE,41.28,MEDIUM,TRAFFIC_BLOCK,FALSE,DEF_000299,41.28,RULE_BASED,
TASK_000271,AST_000047,TRD,INSPECTION,INSPECTION,SEC_007,LOC_008,Synthetic substation maintenance activity,2026-09-04,2026-10-25,30,PENDING,84.5,0.0,54.3,TRUE,43.15,MEDIUM,POWER_BLOCK,FALSE,,43.15,RULE_BASED,
TASK_000272,AST_000004,ENGINEERING,REPAIR,REPAIR,SEC_004,LOC_005,Synthetic turnout maintenance activity,2026-06-16,2026-10-24,30,SCHEDULED,87.4,40.2,56.4,TRUE,56.75,MEDIUM,TRAFFIC_BLOCK,FALSE,DEF_000123,56.75,RULE_BASED,
TASK_000273,AST_000011,TRD,REPLACEMENT,REPLACEMENT,SEC_001,LOC_002,Synthetic switching_equipment maintenance activity,2026-08-29,2026-09-14,60,PENDING,69.6,55.6,37.9,TRUE,50.51,MEDIUM,POWER_BLOCK,FALSE,DEF_000010,50.51,RULE_BASED,
TASK_000274,AST_000018,S&T,TESTING,TESTING,SEC_008,LOC_009,Synthetic interlocking_equipment maintenance activity,2026-05-19,2026-10-20,90,COMPLETED,94.2,0.0,50.4,FALSE,45.57,MEDIUM,SIGNAL_BLOCK,FALSE,DEF_000197,45.57,RULE_BASED,
TASK_000275,AST_000025,ENGINEERING,PREVENTIVE_MAINTENANCE,PREVENTIVE_MAINTENANCE,SEC_005,LOC_006,Synthetic turnout maintenance activity,2026-03-21,2026-10-10,120,PENDING,94.7,26.1,32.3,TRUE,49.05,MEDIUM,TRAFFIC_BLOCK,FALSE,,49.05,RULE_BASED,
TASK_000276,AST_000032,TRD,CORRECTIVE_MAINTENANCE,CORRECTIVE_MAINTENANCE,SEC_002,LOC_002,Synthetic substation maintenance activity,2026-05-12,2026-09-30,30,COMPLETED,72.1,100.0,32.2,FALSE,63.28,MEDIUM,POWER_BLOCK,FALSE,DEF_000121,63.28,RULE_BASED,
TASK_000277,AST_000039,S&T,INSPECTION,INSPECTION,SEC_009,LOC_010,Synthetic signal maintenance activity,2026-06-26,2026-10-09,30,PENDING,91.8,10.8,71.0,TRUE,53.12,MEDIUM,SIGNAL_BLOCK,FALSE,,53.12,RULE_BASED,
TASK_000278,AST_000046,ENGINEERING,REPAIR,REPAIR,SEC_006,LOC_007,Synthetic turnout maintenance activity,2026-06-08,2026-10-22,75,COMPLETED,52.0,100.0,43.9,FALSE,59.18,MEDIUM,TRAFFIC_BLOCK,FALSE,,59.18,RULE_BASED,
TASK_000279,AST_000003,S&T,REPLACEMENT,REPLACEMENT,SEC_003,LOC_004,Synthetic relay maintenance activity,2026-09-04,2026-10-21,240,PENDING,55.7,100.0,26.0,TRUE,56.0,MEDIUM,SIGNAL_BLOCK,FALSE,DEF_000082,56.0,RULE_BASED,
TASK_000280,AST_000010,ENGINEERING,TESTING,TESTING,SEC_010,LOC_011,Synthetic points maintenance activity,2026-06-18,2026-10-19,30,SCHEDULED,83.3,0.0,79.9,TRUE,49.13,MEDIUM,TRAFFIC_BLOCK,FALSE,DEF_000169,49.13,RULE_BASED,
TASK_000281,AST_000017,TRD,PREVENTIVE_MAINTENANCE,PREVENTIVE_MAINTENANCE,SEC_007,LOC_007,Synthetic substation maintenance activity,2026-03-25,2026-10-25,240,PENDING,66.6,0.0,15.5,TRUE,27.18,LOW,POWER_BLOCK,FALSE,,27.18,RULE_BASED,
TASK_000282,AST_000024,S&T,CORRECTIVE_MAINTENANCE,CORRECTIVE_MAINTENANCE,SEC_004,LOC_005,Synthetic interlocking_equipment maintenance activity,2026-08-31,2026-10-09,90,COMPLETED,66.7,80.9,28.4,FALSE,54.72,MEDIUM,SIGNAL_BLOCK,FALSE,DEF_000143,54.72,RULE_BASED,
TASK_000283,AST_000031,ENGINEERING,INSPECTION,INSPECTION,SEC_001,LOC_002,Synthetic turnout maintenance activity,2026-05-09,2026-10-17,150,PENDING,40.4,100.0,28.5,TRUE,51.26,MEDIUM,TRAFFIC_BLOCK,FALSE,,51.26,RULE_BASED,
TASK_000284,AST_000038,TRD,REPAIR,REPAIR,SEC_008,LOC_008,Synthetic switching_equipment maintenance activity,2026-09-02,2026-09-27,120,PENDING,95.1,34.5,47.7,TRUE,55.56,MEDIUM,POWER_BLOCK,FALSE,DEF_000067,55.56,RULE_BASED,
TASK_000285,AST_000045,S&T,REPLACEMENT,REPLACEMENT,SEC_005,LOC_006,Synthetic signal maintenance activity,2026-09-03,2026-10-15,150,PENDING,42.3,0.0,20.4,TRUE,19.9,LOW,SIGNAL_BLOCK,FALSE,DEF_000004,19.9,RULE_BASED,
TASK_000286,AST_000002,TRD,TESTING,TESTING,SEC_002,LOC_002,Synthetic isolator maintenance activity,2026-05-21,2026-10-24,180,PENDING,63.8,78.7,26.5,TRUE,52.56,MEDIUM,POWER_BLOCK,FALSE,DEF_000241,52.56,RULE_BASED,
TASK_000287,AST_000009,S&T,PREVENTIVE_MAINTENANCE,PREVENTIVE_MAINTENANCE,SEC_009,LOC_010,Synthetic point_machine maintenance activity,2026-03-21,2026-10-10,60,PENDING,89.0,0.0,54.0,TRUE,44.65,MEDIUM,SIGNAL_BLOCK,FALSE,,44.65,RULE_BASED,
TASK_000288,AST_000016,ENGINEERING,CORRECTIVE_MAINTENANCE,CORRECTIVE_MAINTENANCE,SEC_006,LOC_006,Synthetic bridge maintenance activity,2026-06-17,2026-10-26,90,CANCELLED,55.3,22.2,21.4,FALSE,31.36,LOW,TRAFFIC_BLOCK,FALSE,DEF_000065,31.36,RULE_BASED,
TASK_000289,AST_000023,TRD,INSPECTION,INSPECTION,SEC_003,LOC_003,Synthetic feeder maintenance activity,2026-04-14,2026-10-27,240,COMPLETED,55.6,47.6,60.3,FALSE,48.82,MEDIUM,POWER_BLOCK,FALSE,,48.82,RULE_BASED,
TASK_000290,AST_000030,S&T,REPAIR,REPAIR,SEC_010,LOC_005,Synthetic track_circuit maintenance activity,2026-06-24,2026-10-26,90,COMPLETED,88.6,77.6,28.3,FALSE,61.36,MEDIUM,SIGNAL_BLOCK,FALSE,DEF_000089,61.36,RULE_BASED,
TASK_000291,AST_000037,ENGINEERING,REPLACEMENT,REPLACEMENT,SEC_007,LOC_008,Synthetic turnout maintenance activity,2026-09-07,2026-09-22,60,PENDING,81.9,33.1,58.0,TRUE,53.1,MEDIUM,TRAFFIC_BLOCK,FALSE,,53.1,RULE_BASED,
TASK_000292,AST_000044,TRD,TESTING,TESTING,SEC_004,LOC_004,Synthetic substation maintenance activity,2026-07-22,2026-10-20,45,COMPLETED,56.3,0.0,16.1,FALSE,23.73,LOW,POWER_BLOCK,FALSE,DEF_000063,23.73,RULE_BASED,
TASK_000293,AST_000001,ENGINEERING,PREVENTIVE_MAINTENANCE,PREVENTIVE_MAINTENANCE,SEC_001,LOC_001,Synthetic culvert maintenance activity,2026-09-05,2026-09-16,75,CANCELLED,50.3,100.0,59.3,FALSE,62.43,MEDIUM,TRAFFIC_BLOCK,FALSE,,62.43,RULE_BASED,
TASK_000294,AST_000008,TRD,CORRECTIVE_MAINTENANCE,CORRECTIVE_MAINTENANCE,SEC_008,LOC_008,Synthetic feeder maintenance activity,2026-05-14,2026-09-27,120,IN_PROGRESS,88.0,100.0,51.3,FALSE,73.62,HIGH,POWER_BLOCK,FALSE,,73.62,RULE_BASED,
TASK_000295,AST_000015,S&T,INSPECTION,INSPECTION,SEC_005,LOC_005,Synthetic relay maintenance activity,2026-03-09,2026-10-15,150,COMPLETED,53.9,100.0,22.2,FALSE,54.41,MEDIUM,SIGNAL_BLOCK,FALSE,,54.41,RULE_BASED,
TASK_000296,AST_000022,ENGINEERING,REPAIR,REPAIR,SEC_002,LOC_002,Synthetic turnout maintenance activity,2026-07-19,2026-10-24,45,SCHEDULED,76.5,54.2,23.9,TRUE,49.01,MEDIUM,TRAFFIC_BLOCK,FALSE,DEF_000061,49.01,RULE_BASED,
TASK_000297,AST_000029,TRD,REPLACEMENT,REPLACEMENT,SEC_009,LOC_010,Synthetic switching_equipment maintenance activity,2026-05-22,2026-10-28,30,SCHEDULED,88.2,0.0,45.7,TRUE,42.3,MEDIUM,POWER_BLOCK,FALSE,DEF_000098,42.3,RULE_BASED,
TASK_000298,AST_000036,S&T,TESTING,TESTING,SEC_006,LOC_007,Synthetic signal maintenance activity,2026-06-11,2026-10-26,90,IN_PROGRESS,78.2,2.2,72.9,FALSE,46.26,MEDIUM,SIGNAL_BLOCK,FALSE,DEF_000285,46.26,RULE_BASED,
TASK_000299,AST_000043,ENGINEERING,PREVENTIVE_MAINTENANCE,PREVENTIVE_MAINTENANCE,SEC_003,LOC_004,Synthetic turnout maintenance activity,2026-03-08,2026-10-29,150,SCHEDULED,70.1,11.2,40.9,TRUE,38.12,LOW,TRAFFIC_BLOCK,FALSE,,38.12,RULE_BASED,
TASK_000300,AST_000050,TRD,CORRECTIVE_MAINTENANCE,CORRECTIVE_MAINTENANCE,SEC_010,LOC_005,Synthetic feeder maintenance activity,2026-09-08,2026-10-26,60,COMPLETED,88.2,0.0,34.1,FALSE,39.39,LOW,POWER_BLOCK,FALSE,,39.39,RULE_BASED,
TASK_000301,AST_000007,ENGINEERING,INSPECTION,INSPECTION,SEC_007,LOC_008,Synthetic turnout maintenance activity,2026-07-04,2026-09-30,30,PENDING,52.8,93.6,43.2,TRUE,57.36,MEDIUM,TRAFFIC_BLOCK,FALSE,,57.36,RULE_BASED,
TASK_000302,AST_000014,TRD,REPAIR,REPAIR,SEC_004,LOC_005,Synthetic feeder maintenance activity,2026-09-13,2026-09-20,75,IN_PROGRESS,44.4,71.1,57.9,FALSE,51.34,MEDIUM,POWER_BLOCK,FALSE,,51.34,RULE_BASED,
TASK_000303,AST_000021,S&T,REPLACEMENT,REPLACEMENT,SEC_001,LOC_001,Synthetic signal maintenance activity,2026-06-21,2026-10-01,30,PENDING,42.9,100.0,20.6,TRUE,50.16,MEDIUM,SIGNAL_BLOCK,FALSE,DEF_000270,50.16,RULE_BASED,
TASK_000304,AST_000028,ENGINEERING,TESTING,TESTING,SEC_008,LOC_009,Synthetic culvert maintenance activity,2026-07-28,2026-10-22,240,COMPLETED,49.5,22.5,50.9,FALSE,36.8,LOW,TRAFFIC_BLOCK,FALSE,DEF_000057,36.8,RULE_BASED,
TASK_000305,AST_000035,TRD,PREVENTIVE_MAINTENANCE,PREVENTIVE_MAINTENANCE,SEC_005,LOC_006,Synthetic isolator maintenance activity,2026-02-04,2026-10-22,240,COMPLETED,84.2,0.0,71.6,FALSE,47.37,MEDIUM,POWER_BLOCK,FALSE,,47.37,RULE_BASED,
TASK_000306,AST_000042,S&T,CORRECTIVE_MAINTENANCE,CORRECTIVE_MAINTENANCE,SEC_002,LOC_002,Synthetic interlocking_equipment maintenance activity,2026-08-15,2026-10-29,150,COMPLETED,44.5,0.0,64.3,FALSE,31.65,LOW,SIGNAL_BLOCK,FALSE,DEF_000231,31.65,RULE_BASED,
TASK_000307,AST_000049,ENGINEERING,INSPECTION,INSPECTION,SEC_009,LOC_010,Synthetic turnout maintenance activity,2026-01-17,2026-09-30,120,PENDING,67.6,31.2,32.9,TRUE,41.24,MEDIUM,TRAFFIC_BLOCK,FALSE,,41.24,RULE_BASED,
TASK_000308,AST_000006,S&T,REPAIR,REPAIR,SEC_006,LOC_007,Synthetic relay maintenance activity,2026-07-24,2026-10-21,75,COMPLETED,94.3,5.7,47.8,FALSE,46.66,MEDIUM,SIGNAL_BLOCK,FALSE,DEF_000255,46.66,RULE_BASED,
TASK_000309,AST_000013,ENGINEERING,REPLACEMENT,REPLACEMENT,SEC_003,LOC_004,Synthetic bridge maintenance activity,2026-05-26,2026-10-27,180,PENDING,54.3,74.4,29.5,TRUE,48.7,MEDIUM,TRAFFIC_BLOCK,FALSE,DEF_000142,48.7,RULE_BASED,
TASK_000310,AST_000020,TRD,TESTING,TESTING,SEC_010,LOC_005,Synthetic isolator maintenance activity,2026-06-05,2026-10-02,75,COMPLETED,63.2,16.7,24.1,FALSE,33.16,LOW,POWER_BLOCK,FALSE,DEF_000229,33.16,RULE_BASED,
TASK_000311,AST_000027,S&T,PREVENTIVE_MAINTENANCE,PREVENTIVE_MAINTENANCE,SEC_007,LOC_007,Synthetic point_machine maintenance activity,2026-09-03,2026-10-14,75,IN_PROGRESS,50.8,0.0,58.2,FALSE,32.33,LOW,SIGNAL_BLOCK,FALSE,,32.33,RULE_BASED,
TASK_000312,AST_000034,ENGINEERING,CORRECTIVE_MAINTENANCE,CORRECTIVE_MAINTENANCE,SEC_004,LOC_004,Synthetic culvert maintenance activity,2026-08-08,2026-10-05,90,COMPLETED,82.4,72.7,46.2,FALSE,62.2,MEDIUM,TRAFFIC_BLOCK,FALSE,DEF_000103,62.2,RULE_BASED,
TASK_000313,AST_000041,TRD,INSPECTION,INSPECTION,SEC_001,LOC_001,Synthetic feeder maintenance activity,2026-06-16,2026-10-23,75,PENDING,89.8,0.0,63.5,TRUE,47.3,MEDIUM,POWER_BLOCK,FALSE,,47.3,RULE_BASED,
TASK_000314,AST_000048,S&T,REPAIR,REPAIR,SEC_008,LOC_009,Synthetic signal maintenance activity,2026-09-06,2026-10-22,30,PENDING,56.3,100.0,34.8,TRUE,58.4,MEDIUM,SIGNAL_BLOCK,FALSE,DEF_000077,58.4,RULE_BASED,
TASK_000315,AST_000005,TRD,REPLACEMENT,REPLACEMENT,SEC_005,LOC_006,Synthetic ohe maintenance activity,2026-08-19,2026-10-22,60,CANCELLED,56.6,19.2,23.2,FALSE,31.37,LOW,POWER_BLOCK,FALSE,DEF_000214,31.37,RULE_BASED,
TASK_000316,AST_000012,S&T,TESTING,TESTING,SEC_002,LOC_002,Synthetic track_circuit maintenance activity,2026-04-15,2026-10-29,45,IN_PROGRESS,62.0,100.0,44.3,FALSE,62.78,MEDIUM,SIGNAL_BLOCK,FALSE,DEF_000001,62.78,RULE_BASED,
TASK_000317,AST_000019,ENGINEERING,PREVENTIVE_MAINTENANCE,PREVENTIVE_MAINTENANCE,SEC_009,LOC_009,Synthetic bridge maintenance activity,2026-08-18,2026-10-05,30,PENDING,79.6,21.8,50.1,TRUE,46.92,MEDIUM,TRAFFIC_BLOCK,FALSE,,46.92,RULE_BASED,
TASK_000318,AST_000026,TRD,CORRECTIVE_MAINTENANCE,CORRECTIVE_MAINTENANCE,SEC_006,LOC_006,Synthetic isolator maintenance activity,2026-05-14,2026-10-21,120,PENDING,79.3,77.8,22.5,TRUE,56.72,MEDIUM,POWER_BLOCK,FALSE,DEF_000225,56.72,RULE_BASED,
TASK_000319,AST_000033,S&T,INSPECTION,INSPECTION,SEC_003,LOC_003,Synthetic track_circuit maintenance activity,2026-02-04,2026-10-27,30,SCHEDULED,80.7,100.0,44.8,TRUE,69.44,HIGH,SIGNAL_BLOCK,FALSE,,69.44,RULE_BASED,
TASK_000320,AST_000040,ENGINEERING,REPAIR,REPAIR,SEC_010,LOC_005,Synthetic track maintenance activity,2026-08-08,2026-10-23,120,COMPLETED,49.9,91.6,45.8,FALSE,56.4,MEDIUM,TRAFFIC_BLOCK,FALSE,DEF_000099,56.4,RULE_BASED,
TASK_000321,AST_000047,TRD,REPLACEMENT,REPLACEMENT,SEC_007,LOC_008,Synthetic substation maintenance activity,2026-06-08,2026-10-15,180,COMPLETED,84.5,72.3,57.3,FALSE,65.59,HIGH,POWER_BLOCK,FALSE,,65.59,RULE_BASED,
TASK_000322,AST_000004,ENGINEERING,TESTING,TESTING,SEC_004,LOC_005,Synthetic turnout maintenance activity,2026-05-17,2026-10-25,240,IN_PROGRESS,87.4,0.0,49.0,FALSE,42.84,MEDIUM,TRAFFIC_BLOCK,FALSE,DEF_000123,42.84,RULE_BASED,
TASK_000323,AST_000011,TRD,PREVENTIVE_MAINTENANCE,PREVENTIVE_MAINTENANCE,SEC_001,LOC_002,Synthetic switching_equipment maintenance activity,2026-06-01,2026-10-23,180,PENDING,69.6,50.3,38.9,TRUE,49.18,MEDIUM,POWER_BLOCK,FALSE,,49.18,RULE_BASED,
TASK_000324,AST_000018,S&T,CORRECTIVE_MAINTENANCE,CORRECTIVE_MAINTENANCE,SEC_008,LOC_009,Synthetic interlocking_equipment maintenance activity,2026-05-25,2026-10-17,180,PENDING,94.2,39.7,54.3,TRUE,58.46,MEDIUM,SIGNAL_BLOCK,FALSE,DEF_000297,58.46,RULE_BASED,
TASK_000325,AST_000025,ENGINEERING,INSPECTION,INSPECTION,SEC_005,LOC_006,Synthetic turnout maintenance activity,2026-07-17,2026-10-16,240,SCHEDULED,94.7,0.0,43.1,TRUE,43.92,MEDIUM,TRAFFIC_BLOCK,FALSE,,43.92,RULE_BASED,
TASK_000326,AST_000032,TRD,REPAIR,REPAIR,SEC_002,LOC_002,Synthetic substation maintenance activity,2026-07-19,2026-10-24,60,PENDING,72.1,0.0,27.9,TRUE,32.21,LOW,POWER_BLOCK,FALSE,DEF_000221,32.21,RULE_BASED,
TASK_000327,AST_000039,S&T,REPLACEMENT,REPLACEMENT,SEC_009,LOC_010,Synthetic signal maintenance activity,2026-08-20,2026-10-09,90,COMPLETED,91.8,100.0,64.9,FALSE,78.35,HIGH,SIGNAL_BLOCK,FALSE,,78.35,RULE_BASED,
TASK_000328,AST_000046,ENGINEERING,TESTING,TESTING,SEC_006,LOC_007,Synthetic turnout maintenance activity,2026-07-16,2026-08-17,120,SCHEDULED,52.0,100.0,43.6,TRUE,69.1,HIGH,TRAFFIC_BLOCK,TRUE,DEF_000295,69.1,RULE_BASED,
TASK_000329,AST_000003,S&T,PREVENTIVE_MAINTENANCE,PREVENTIVE_MAINTENANCE,SEC_003,LOC_004,Synthetic relay maintenance activity,2026-02-24,2026-10-18,120,COMPLETED,55.7,0.0,20.4,FALSE,24.6,LOW,SIGNAL_BLOCK,FALSE,,24.6,RULE_BASED,
TASK_000330,AST_000010,ENGINEERING,CORRECTIVE_MAINTENANCE,CORRECTIVE_MAINTENANCE,SEC_010,LOC_011,Synthetic points maintenance activity,2026-07-22,2026-09-13,240,COMPLETED,83.3,100.0,72.2,FALSE,77.2,HIGH,TRAFFIC_BLOCK,FALSE,DEF_000269,77.2,RULE_BASED,
TASK_000331,AST_000017,TRD,INSPECTION,INSPECTION,SEC_007,LOC_007,Synthetic substation maintenance activity,2026-01-25,2026-09-16,60,COMPLETED,66.6,51.2,25.4,FALSE,45.02,MEDIUM,POWER_BLOCK,FALSE,,45.02,RULE_BASED,
TASK_000332,AST_000024,S&T,REPAIR,REPAIR,SEC_004,LOC_005,Synthetic interlocking_equipment maintenance activity,2026-03-10,2026-10-25,120,PENDING,66.7,100.0,21.5,TRUE,58.72,MEDIUM,SIGNAL_BLOCK,FALSE,,58.72,RULE_BASED,
TASK_000333,AST_000031,ENGINEERING,REPLACEMENT,REPLACEMENT,SEC_001,LOC_002,Synthetic turnout maintenance activity,2026-06-26,2026-10-10,150,COMPLETED,40.4,100.0,18.1,FALSE,48.66,MEDIUM,TRAFFIC_BLOCK,FALSE,DEF_000280,48.66,RULE_BASED,
TASK_000334,AST_000038,TRD,TESTING,TESTING,SEC_008,LOC_008,Synthetic switching_equipment maintenance activity,2026-07-06,2026-10-24,150,PENDING,95.1,0.0,42.1,TRUE,43.81,MEDIUM,POWER_BLOCK,FALSE,DEF_000167,43.81,RULE_BASED,
TASK_000335,AST_000045,S&T,PREVENTIVE_MAINTENANCE,PREVENTIVE_MAINTENANCE,SEC_005,LOC_006,Synthetic signal maintenance activity,2026-03-16,2026-10-16,120,PENDING,42.3,66.7,11.2,TRUE,37.61,LOW,SIGNAL_BLOCK,FALSE,,37.61,RULE_BASED,
TASK_000336,AST_000002,TRD,CORRECTIVE_MAINTENANCE,CORRECTIVE_MAINTENANCE,SEC_002,LOC_002,Synthetic isolator maintenance activity,2026-04-09,2026-10-24,45,CANCELLED,63.8,0.0,25.0,FALSE,28.58,LOW,POWER_BLOCK,FALSE,DEF_000141,28.58,RULE_BASED,
TASK_000337,AST_000009,S&T,INSPECTION,INSPECTION,SEC_009,LOC_010,Synthetic point_machine maintenance activity,2026-09-01,2026-10-09,75,PENDING,89.0,13.2,51.5,TRUE,47.98,MEDIUM,SIGNAL_BLOCK,FALSE,,47.98,RULE_BASED,
TASK_000338,AST_000016,ENGINEERING,REPAIR,REPAIR,SEC_006,LOC_006,Synthetic bridge maintenance activity,2026-09-09,2026-10-01,60,COMPLETED,55.3,26.5,29.4,FALSE,34.65,LOW,TRAFFIC_BLOCK,FALSE,DEF_000265,34.65,RULE_BASED,
TASK_000339,AST_000023,TRD,REPLACEMENT,REPLACEMENT,SEC_003,LOC_003,Synthetic feeder maintenance activity,2026-07-21,2026-10-21,240,SCHEDULED,55.6,24.1,60.9,TRUE,41.92,MEDIUM,POWER_BLOCK,FALSE,DEF_000102,41.92,RULE_BASED,
TASK_000340,AST_000030,S&T,TESTING,TESTING,SEC_010,LOC_005,Synthetic track_circuit maintenance activity,2026-04-23,2026-09-27,120,IN_PROGRESS,88.6,26.7,22.6,FALSE,44.67,MEDIUM,SIGNAL_BLOCK,FALSE,DEF_000189,44.67,RULE_BASED,
TASK_000341,AST_000037,ENGINEERING,PREVENTIVE_MAINTENANCE,PREVENTIVE_MAINTENANCE,SEC_007,LOC_008,Synthetic turnout maintenance activity,2026-06-22,2026-09-16,75,COMPLETED,81.9,100.0,53.2,FALSE,71.96,HIGH,TRAFFIC_BLOCK,FALSE,,71.96,RULE_BASED,
TASK_000342,AST_000044,TRD,CORRECTIVE_MAINTENANCE,CORRECTIVE_MAINTENANCE,SEC_004,LOC_004,Synthetic substation maintenance activity,2026-06-26,2026-09-22,150,COMPLETED,56.3,39.9,13.1,FALSE,34.95,LOW,POWER_BLOCK,FALSE,,34.95,RULE_BASED,
TASK_000343,AST_000001,ENGINEERING,INSPECTION,INSPECTION,SEC_001,LOC_001,Synthetic culvert maintenance activity,2026-08-20,2026-10-10,180,SCHEDULED,50.3,39.7,46.0,TRUE,41.02,MEDIUM,TRAFFIC_BLOCK,FALSE,,41.02,RULE_BASED,
TASK_000344,AST_000008,TRD,REPAIR,REPAIR,SEC_008,LOC_008,Synthetic feeder maintenance activity,2026-06-21,2026-09-23,60,PENDING,88.0,54.4,41.9,TRUE,57.6,MEDIUM,POWER_BLOCK,FALSE,DEF_000087,57.6,RULE_BASED,
TASK_000345,AST_000015,S&T,REPLACEMENT,REPLACEMENT,SEC_005,LOC_005,Synthetic relay maintenance activity,2026-06-19,2026-09-21,240,CANCELLED,53.9,74.8,26.3,FALSE,47.88,MEDIUM,SIGNAL_BLOCK,FALSE,DEF_000224,47.88,RULE_BASED,
TASK_000346,AST_000022,ENGINEERING,TESTING,TESTING,SEC_002,LOC_002,Synthetic turnout maintenance activity,2026-07-24,2026-10-24,30,SCHEDULED,76.5,0.0,27.7,TRUE,33.7,LOW,TRAFFIC_BLOCK,FALSE,DEF_000161,33.7,RULE_BASED,
TASK_000347,AST_000029,TRD,PREVENTIVE_MAINTENANCE,PREVENTIVE_MAINTENANCE,SEC_009,LOC_010,Synthetic switching_equipment maintenance activity,2026-07-22,2026-10-01,30,CANCELLED,88.2,17.6,48.8,FALSE,48.35,MEDIUM,POWER_BLOCK,FALSE,,48.35,RULE_BASED,
TASK_000348,AST_000036,S&T,CORRECTIVE_MAINTENANCE,CORRECTIVE_MAINTENANCE,SEC_006,LOC_007,Synthetic signal maintenance activity,2026-05-21,2026-10-26,180,PENDING,78.2,100.0,66.0,TRUE,73.87,HIGH,SIGNAL_BLOCK,FALSE,DEF_000185,73.87,RULE_BASED,
TASK_000349,AST_000043,ENGINEERING,INSPECTION,INSPECTION,SEC_003,LOC_004,Synthetic turnout maintenance activity,2026-05-12,2026-09-17,30,COMPLETED,70.1,100.0,44.5,FALSE,65.66,HIGH,TRAFFIC_BLOCK,FALSE,,65.66,RULE_BASED,
TASK_000350,AST_000050,TRD,REPAIR,REPAIR,SEC_010,LOC_005,Synthetic feeder maintenance activity,2026-06-07,2026-08-05,150,PENDING,88.2,100.0,39.7,TRUE,80.8,CRITICAL,POWER_BLOCK,TRUE,DEF_000159,80.8,RULE_BASED,
TASK_000351,AST_000007,ENGINEERING,REPLACEMENT,REPLACEMENT,SEC_007,LOC_008,Synthetic turnout maintenance activity,2026-04-08,2026-10-22,120,CANCELLED,52.8,0.0,46.6,FALSE,30.13,LOW,TRAFFIC_BLOCK,FALSE,DEF_000146,30.13,RULE_BASED,
TASK_000352,AST_000014,TRD,TESTING,TESTING,SEC_004,LOC_005,Synthetic feeder maintenance activity,2026-09-12,2026-09-22,30,SCHEDULED,44.4,94.2,48.5,TRUE,55.92,MEDIUM,POWER_BLOCK,FALSE,DEF_000183,55.92,RULE_BASED,
TASK_000353,AST_000021,S&T,PREVENTIVE_MAINTENANCE,PREVENTIVE_MAINTENANCE,SEC_001,LOC_001,Synthetic signal maintenance activity,2026-07-04,2026-10-24,120,PENDING,42.9,0.0,30.3,TRUE,22.59,LOW,SIGNAL_BLOCK,FALSE,,22.59,RULE_BASED,
TASK_000354,AST_000028,ENGINEERING,CORRECTIVE_MAINTENANCE,CORRECTIVE_MAINTENANCE,SEC_008,LOC_009,Synthetic culvert maintenance activity,2026-06-24,2026-10-22,45,PENDING,49.5,51.8,53.6,TRUE,46.26,MEDIUM,TRAFFIC_BLOCK,FALSE,DEF_000057,46.26,RULE_BASED,
TASK_000355,AST_000035,TRD,INSPECTION,INSPECTION,SEC_005,LOC_006,Synthetic isolator maintenance activity,2026-04-08,2026-10-22,180,CANCELLED,84.2,0.0,75.9,FALSE,48.44,MEDIUM,POWER_BLOCK,FALSE,,48.44,RULE_BASED,
TASK_000356,AST_000042,S&T,REPAIR,REPAIR,SEC_002,LOC_002,Synthetic interlocking_equipment maintenance activity,2026-08-28,2026-10-24,60,COMPLETED,44.5,18.5,68.3,FALSE,38.2,LOW,SIGNAL_BLOCK,FALSE,DEF_000081,38.2,RULE_BASED,
TASK_000357,AST_000049,ENGINEERING,REPLACEMENT,REPLACEMENT,SEC_009,LOC_010,Synthetic turnout maintenance activity,2026-07-25,2026-10-01,90,CANCELLED,67.6,89.6,27.7,FALSE,57.46,MEDIUM,TRAFFIC_BLOCK,FALSE,DEF_000218,57.46,RULE_BASED,
TASK_000358,AST_000006,S&T,TESTING,TESTING,SEC_006,LOC_007,Synthetic relay maintenance activity,2026-06-30,2026-10-26,75,CANCELLED,94.3,79.6,46.1,FALSE,68.41,HIGH,SIGNAL_BLOCK,FALSE,,68.41,RULE_BASED,
TASK_000359,AST_000013,ENGINEERING,PREVENTIVE_MAINTENANCE,PREVENTIVE_MAINTENANCE,SEC_003,LOC_004,Synthetic bridge maintenance activity,2026-05-19,2026-09-17,150,COMPLETED,54.3,62.2,34.1,FALSE,46.19,MEDIUM,TRAFFIC_BLOCK,FALSE,,46.19,RULE_BASED,
TASK_000360,AST_000020,TRD,CORRECTIVE_MAINTENANCE,CORRECTIVE_MAINTENANCE,SEC_010,LOC_005,Synthetic isolator maintenance activity,2026-09-05,2026-10-10,240,IN_PROGRESS,63.2,54.3,29.8,FALSE,45.86,MEDIUM,POWER_BLOCK,FALSE,,45.86,RULE_BASED,
TASK_000361,AST_000027,S&T,INSPECTION,INSPECTION,SEC_007,LOC_007,Synthetic point_machine maintenance activity,2026-02-09,2026-10-22,180,PENDING,50.8,36.5,58.2,TRUE,43.28,MEDIUM,SIGNAL_BLOCK,FALSE,,43.28,RULE_BASED,
TASK_000362,AST_000034,ENGINEERING,REPAIR,REPAIR,SEC_004,LOC_004,Synthetic culvert maintenance activity,2026-08-30,2026-09-06,60,COMPLETED,82.4,86.9,57.3,FALSE,79.24,HIGH,TRAFFIC_BLOCK,TRUE,DEF_000253,79.24,RULE_BASED,
TASK_000363,AST_000041,TRD,REPLACEMENT,REPLACEMENT,SEC_001,LOC_001,Synthetic feeder maintenance activity,2026-05-02,2026-10-24,30,COMPLETED,89.8,32.1,57.4,FALSE,55.41,MEDIUM,POWER_BLOCK,FALSE,DEF_000290,55.41,RULE_BASED,
TASK_000364,AST_000048,S&T,TESTING,TESTING,SEC_008,LOC_009,Synthetic signal maintenance activity,2026-09-06,2026-10-22,150,PENDING,56.3,0.0,36.7,TRUE,28.88,LOW,SIGNAL_BLOCK,FALSE,DEF_000077,28.88,RULE_BASED,
TASK_000365,AST_000005,TRD,PREVENTIVE_MAINTENANCE,PREVENTIVE_MAINTENANCE,SEC_005,LOC_006,Synthetic ohe maintenance activity,2026-07-02,2026-09-17,75,PENDING,56.6,43.1,29.7,TRUE,40.16,MEDIUM,POWER_BLOCK,FALSE,,40.16,RULE_BASED,
TASK_000366,AST_000012,S&T,CORRECTIVE_MAINTENANCE,CORRECTIVE_MAINTENANCE,SEC_002,LOC_002,Synthetic track_circuit maintenance activity,2026-04-19,2026-08-31,180,PENDING,62.0,86.1,40.6,TRUE,67.68,HIGH,SIGNAL_BLOCK,TRUE,DEF_000001,67.68,RULE_BASED,
TASK_000367,AST_000019,ENGINEERING,INSPECTION,INSPECTION,SEC_009,LOC_009,Synthetic bridge maintenance activity,2026-04-04,2026-10-11,120,PENDING,79.6,100.0,50.0,TRUE,70.36,HIGH,TRAFFIC_BLOCK,FALSE,,70.36,RULE_BASED,
TASK_000368,AST_000026,TRD,REPAIR,REPAIR,SEC_006,LOC_006,Synthetic isolator maintenance activity,2026-07-02,2026-10-22,120,COMPLETED,79.3,23.7,22.2,FALSE,40.41,MEDIUM,POWER_BLOCK,FALSE,,40.41,RULE_BASED,
TASK_000369,AST_000033,S&T,REPLACEMENT,REPLACEMENT,SEC_003,LOC_003,Synthetic track_circuit maintenance activity,2026-08-19,2026-10-26,180,COMPLETED,80.7,20.3,40.2,FALSE,44.38,MEDIUM,SIGNAL_BLOCK,FALSE,DEF_000112,44.38,RULE_BASED,
TASK_000370,AST_000040,ENGINEERING,TESTING,TESTING,SEC_010,LOC_005,Synthetic track maintenance activity,2026-03-26,2026-10-01,75,COMPLETED,49.9,100.0,49.0,FALSE,59.72,MEDIUM,TRAFFIC_BLOCK,FALSE,,59.72,RULE_BASED,
TASK_000371,AST_000047,TRD,PREVENTIVE_MAINTENANCE,PREVENTIVE_MAINTENANCE,SEC_007,LOC_008,Synthetic substation maintenance activity,2026-04-19,2026-10-15,60,PENDING,84.5,17.4,61.0,TRUE,50.04,MEDIUM,POWER_BLOCK,FALSE,,50.04,RULE_BASED,
TASK_000372,AST_000004,ENGINEERING,CORRECTIVE_MAINTENANCE,CORRECTIVE_MAINTENANCE,SEC_004,LOC_005,Synthetic turnout maintenance activity,2026-02-19,2026-10-22,150,COMPLETED,87.4,0.0,61.4,FALSE,45.94,MEDIUM,TRAFFIC_BLOCK,FALSE,,45.94,RULE_BASED,
TASK_000373,AST_000011,TRD,INSPECTION,INSPECTION,SEC_001,LOC_002,Synthetic switching_equipment maintenance activity,2026-02-11,2026-10-23,180,PENDING,69.6,15.5,41.4,TRUE,39.36,LOW,POWER_BLOCK,FALSE,,39.36,RULE_BASED,
TASK_000374,AST_000018,S&T,REPAIR,REPAIR,SEC_008,LOC_009,Synthetic interlocking_equipment maintenance activity,2026-09-03,2026-10-22,240,COMPLETED,94.2,21.9,54.3,FALSE,53.11,MEDIUM,SIGNAL_BLOCK,FALSE,,53.11,RULE_BASED,
TASK_000375,AST_000025,ENGINEERING,REPLACEMENT,REPLACEMENT,SEC_005,LOC_006,Synthetic turnout maintenance activity,2026-07-13,2026-10-16,150,PENDING,94.7,93.9,32.3,TRUE,69.39,HIGH,TRAFFIC_BLOCK,FALSE,DEF_000234,69.39,RULE_BASED,
TASK_000376,AST_000032,TRD,TESTING,TESTING,SEC_002,LOC_002,Synthetic substation maintenance activity,2026-07-27,2026-09-19,90,SCHEDULED,72.1,32.7,23.6,TRUE,40.94,MEDIUM,POWER_BLOCK,FALSE,,40.94,RULE_BASED,
TASK_000377,AST_000039,S&T,PREVENTIVE_MAINTENANCE,PREVENTIVE_MAINTENANCE,SEC_009,LOC_010,Synthetic signal maintenance activity,2026-02-09,2026-10-11,150,COMPLETED,91.8,54.1,74.0,FALSE,66.86,HIGH,SIGNAL_BLOCK,FALSE,,66.86,RULE_BASED,
TASK_000378,AST_000046,ENGINEERING,CORRECTIVE_MAINTENANCE,CORRECTIVE_MAINTENANCE,SEC_006,LOC_007,Synthetic turnout maintenance activity,2026-03-21,2026-10-25,150,COMPLETED,52.0,0.0,50.4,FALSE,30.8,LOW,TRAFFIC_BLOCK,FALSE,DEF_000295,30.8,RULE_BASED,
TASK_000379,AST_000003,S&T,INSPECTION,INSPECTION,SEC_003,LOC_004,Synthetic relay maintenance activity,2026-04-22,2026-10-26,180,IN_PROGRESS,55.7,89.4,26.8,FALSE,53.02,MEDIUM,SIGNAL_BLOCK,FALSE,,53.02,RULE_BASED,
TASK_000380,AST_000010,ENGINEERING,REPAIR,REPAIR,SEC_010,LOC_011,Synthetic points maintenance activity,2026-05-24,2026-10-19,75,SCHEDULED,83.3,49.9,70.1,TRUE,61.65,MEDIUM,TRAFFIC_BLOCK,FALSE,DEF_000169,61.65,RULE_BASED,
TASK_000381,AST_000017,TRD,REPLACEMENT,REPLACEMENT,SEC_007,LOC_007,Synthetic substation maintenance activity,2026-06-03,2026-10-15,180,IN_PROGRESS,66.6,37.5,25.9,FALSE,41.04,MEDIUM,POWER_BLOCK,FALSE,DEF_000006,41.04,RULE_BASED,
TASK_000382,AST_000024,S&T,TESTING,TESTING,SEC_004,LOC_005,Synthetic interlocking_equipment maintenance activity,2026-07-04,2026-09-02,75,COMPLETED,66.7,100.0,18.3,FALSE,67.92,HIGH,SIGNAL_BLOCK,TRUE,DEF_000143,67.92,RULE_BASED,
TASK_000383,AST_000031,ENGINEERING,PREVENTIVE_MAINTENANCE,PREVENTIVE_MAINTENANCE,SEC_001,LOC_002,Synthetic turnout maintenance activity,2026-07-07,2026-10-23,30,CANCELLED,40.4,0.0,20.5,FALSE,19.26,LOW,TRAFFIC_BLOCK,FALSE,,19.26,RULE_BASED,
TASK_000384,AST_000038,TRD,CORRECTIVE_MAINTENANCE,CORRECTIVE_MAINTENANCE,SEC_008,LOC_008,Synthetic switching_equipment maintenance activity,2026-03-05,2026-09-29,90,CANCELLED,95.1,73.4,46.4,FALSE,66.9,HIGH,POWER_BLOCK,FALSE,,66.9,RULE_BASED,
TASK_000385,AST_000045,S&T,INSPECTION,INSPECTION,SEC_005,LOC_006,Synthetic signal maintenance activity,2026-04-23,2026-10-16,60,COMPLETED,42.3,82.3,21.0,FALSE,44.74,MEDIUM,SIGNAL_BLOCK,FALSE,,44.74,RULE_BASED,
TASK_000386,AST_000002,TRD,REPAIR,REPAIR,SEC_002,LOC_002,Synthetic isolator maintenance activity,2026-05-21,2026-10-24,180,SCHEDULED,63.8,65.4,35.2,TRUE,50.75,MEDIUM,POWER_BLOCK,FALSE,DEF_000241,50.75,RULE_BASED,
TASK_000387,AST_000009,S&T,REPLACEMENT,REPLACEMENT,SEC_009,LOC_010,Synthetic point_machine maintenance activity,2026-09-12,2026-10-29,150,IN_PROGRESS,89.0,0.0,48.6,FALSE,43.3,MEDIUM,SIGNAL_BLOCK,FALSE,DEF_000178,43.3,RULE_BASED,
TASK_000388,AST_000016,ENGINEERING,TESTING,TESTING,SEC_006,LOC_006,Synthetic bridge maintenance activity,2026-06-17,2026-10-26,240,COMPLETED,55.3,53.7,20.5,FALSE,40.59,MEDIUM,TRAFFIC_BLOCK,FALSE,DEF_000065,40.59,RULE_BASED,
TASK_000389,AST_000023,TRD,PREVENTIVE_MAINTENANCE,PREVENTIVE_MAINTENANCE,SEC_003,LOC_003,Synthetic feeder maintenance activity,2026-04-05,2026-10-21,240,PENDING,55.6,100.0,56.0,TRUE,63.46,MEDIUM,POWER_BLOCK,FALSE,,63.46,RULE_BASED,
TASK_000390,AST_000030,S&T,CORRECTIVE_MAINTENANCE,CORRECTIVE_MAINTENANCE,SEC_010,LOC_005,Synthetic track_circuit maintenance activity,2026-04-10,2026-09-27,240,COMPLETED,88.6,57.5,30.5,FALSE,55.88,MEDIUM,SIGNAL_BLOCK,FALSE,DEF_000289,55.88,RULE_BASED,
TASK_000391,AST_000037,ENGINEERING,INSPECTION,INSPECTION,SEC_007,LOC_008,Synthetic turnout maintenance activity,2026-06-16,2026-09-16,30,CANCELLED,81.9,88.2,61.5,FALSE,70.5,HIGH,TRAFFIC_BLOCK,FALSE,,70.5,RULE_BASED,
TASK_000392,AST_000044,TRD,REPAIR,REPAIR,SEC_004,LOC_004,Synthetic substation maintenance activity,2026-08-24,2026-10-29,75,COMPLETED,56.3,0.0,14.0,FALSE,23.2,LOW,POWER_BLOCK,FALSE,DEF_000063,23.2,RULE_BASED,
TASK_000393,AST_000001,ENGINEERING,REPLACEMENT,REPLACEMENT,SEC_001,LOC_001,Synthetic culvert maintenance activity,2026-09-09,2026-09-25,90,PENDING,50.3,21.4,56.0,TRUE,38.02,LOW,TRAFFIC_BLOCK,FALSE,DEF_000300,38.02,RULE_BASED,
TASK_000394,AST_000008,TRD,TESTING,TESTING,SEC_008,LOC_008,Synthetic feeder maintenance activity,2026-05-18,2026-10-11,30,COMPLETED,88.0,0.0,46.5,FALSE,42.42,MEDIUM,POWER_BLOCK,FALSE,DEF_000187,42.42,RULE_BASED,
TASK_000395,AST_000015,S&T,PREVENTIVE_MAINTENANCE,PREVENTIVE_MAINTENANCE,SEC_005,LOC_005,Synthetic relay maintenance activity,2026-08-29,2026-10-16,90,COMPLETED,53.9,25.8,31.4,FALSE,34.46,LOW,SIGNAL_BLOCK,FALSE,,34.46,RULE_BASED,
TASK_000396,AST_000022,ENGINEERING,CORRECTIVE_MAINTENANCE,CORRECTIVE_MAINTENANCE,SEC_002,LOC_002,Synthetic turnout maintenance activity,2026-02-03,2026-10-24,75,PENDING,76.5,65.8,21.9,TRUE,51.99,MEDIUM,TRAFFIC_BLOCK,FALSE,,51.99,RULE_BASED,
TASK_000397,AST_000029,TRD,INSPECTION,INSPECTION,SEC_009,LOC_010,Synthetic switching_equipment maintenance activity,2026-05-16,2026-10-29,240,IN_PROGRESS,88.2,100.0,44.5,FALSE,72.0,HIGH,POWER_BLOCK,FALSE,,72.0,RULE_BASED,
TASK_000398,AST_000036,S&T,REPAIR,REPAIR,SEC_006,LOC_007,Synthetic signal maintenance activity,2026-05-28,2026-10-26,60,PENDING,78.2,1.6,63.6,TRUE,43.75,MEDIUM,SIGNAL_BLOCK,FALSE,DEF_000285,43.75,RULE_BASED,
TASK_000399,AST_000043,ENGINEERING,REPLACEMENT,REPLACEMENT,SEC_003,LOC_004,Synthetic turnout maintenance activity,2026-08-15,2026-10-27,30,COMPLETED,70.1,73.1,43.5,FALSE,57.34,MEDIUM,TRAFFIC_BLOCK,FALSE,DEF_000272,57.34,RULE_BASED,
TASK_000400,AST_000050,TRD,TESTING,TESTING,SEC_010,LOC_005,Synthetic feeder maintenance activity,2026-09-11,2026-10-26,150,SCHEDULED,88.2,53.8,34.8,TRUE,55.71,MEDIUM,POWER_BLOCK,FALSE,DEF_000159,55.71,RULE_BASED,
TASK_000401,AST_000007,ENGINEERING,PREVENTIVE_MAINTENANCE,PREVENTIVE_MAINTENANCE,SEC_007,LOC_008,Synthetic turnout maintenance activity,2026-04-03,2026-10-22,60,PENDING,52.8,87.4,53.1,TRUE,57.98,MEDIUM,TRAFFIC_BLOCK,FALSE,,57.98,RULE_BASED,
TASK_000402,AST_000014,TRD,CORRECTIVE_MAINTENANCE,CORRECTIVE_MAINTENANCE,SEC_004,LOC_005,Synthetic feeder maintenance activity,2026-06-15,2026-10-07,60,SCHEDULED,44.4,67.0,45.1,TRUE,46.92,MEDIUM,POWER_BLOCK,FALSE,DEF_000283,46.92,RULE_BASED,
TASK_000403,AST_000021,S&T,INSPECTION,INSPECTION,SEC_001,LOC_001,Synthetic signal maintenance activity,2026-04-03,2026-10-19,150,COMPLETED,42.9,100.0,18.3,FALSE,49.59,MEDIUM,SIGNAL_BLOCK,FALSE,,49.59,RULE_BASED,
TASK_000404,AST_000028,ENGINEERING,REPAIR,REPAIR,SEC_008,LOC_009,Synthetic culvert maintenance activity,2026-05-28,2026-10-22,240,PENDING,49.5,100.0,54.0,TRUE,60.82,MEDIUM,TRAFFIC_BLOCK,FALSE,DEF_000057,60.82,RULE_BASED,
TASK_000405,AST_000035,TRD,REPLACEMENT,REPLACEMENT,SEC_005,LOC_006,Synthetic isolator maintenance activity,2026-07-09,2026-10-10,45,COMPLETED,84.2,66.0,70.1,FALSE,66.79,HIGH,POWER_BLOCK,FALSE,DEF_000144,66.79,RULE_BASED,
TASK_000406,AST_000042,S&T,TESTING,TESTING,SEC_002,LOC_002,Synthetic interlocking_equipment maintenance activity,2026-08-15,2026-10-29,90,PENDING,44.5,29.6,68.3,TRUE,41.53,MEDIUM,SIGNAL_BLOCK,FALSE,DEF_000231,41.53,RULE_BASED,
TASK_000407,AST_000049,ENGINEERING,PREVENTIVE_MAINTENANCE,PREVENTIVE_MAINTENANCE,SEC_009,LOC_010,Synthetic turnout maintenance activity,2026-04-28,2026-09-30,240,COMPLETED,67.6,59.5,27.4,FALSE,48.36,MEDIUM,TRAFFIC_BLOCK,FALSE,,48.36,RULE_BASED,
TASK_000408,AST_000006,S&T,CORRECTIVE_MAINTENANCE,CORRECTIVE_MAINTENANCE,SEC_006,LOC_007,Synthetic relay maintenance activity,2026-07-24,2026-10-21,90,COMPLETED,94.3,57.9,50.0,FALSE,62.87,MEDIUM,SIGNAL_BLOCK,FALSE,DEF_000255,62.87,RULE_BASED,
TASK_000409,AST_000013,ENGINEERING,INSPECTION,INSPECTION,SEC_003,LOC_004,Synthetic bridge maintenance activity,2026-07-02,2026-10-13,240,PENDING,54.3,1.7,31.3,TRUE,27.34,LOW,TRAFFIC_BLOCK,FALSE,,27.34,RULE_BASED,
TASK_000410,AST_000020,TRD,REPAIR,REPAIR,SEC_010,LOC_005,Synthetic isolator maintenance activity,2026-08-03,2026-10-17,60,COMPLETED,63.2,100.0,27.4,FALSE,58.97,MEDIUM,POWER_BLOCK,FALSE,DEF_000229,58.97,RULE_BASED,
TASK_000411,AST_000027,S&T,REPLACEMENT,REPLACEMENT,SEC_007,LOC_007,Synthetic point_machine maintenance activity,2026-08-22,2026-10-03,30,PENDING,50.8,24.2,62.7,TRUE,40.72,MEDIUM,SIGNAL_BLOCK,FALSE,DEF_000066,40.72,RULE_BASED,
TASK_000412,AST_000034,ENGINEERING,TESTING,TESTING,SEC_004,LOC_004,Synthetic culvert maintenance activity,2026-08-08,2026-10-07,120,PENDING,82.4,71.7,47.2,TRUE,62.15,MEDIUM,TRAFFIC_BLOCK,FALSE,DEF_000103,62.15,RULE_BASED,
TASK_000413,AST_000041,TRD,PREVENTIVE_MAINTENANCE,PREVENTIVE_MAINTENANCE,SEC_001,LOC_001,Synthetic feeder maintenance activity,2026-04-01,2026-10-24,90,PENDING,89.8,100.0,63.0,TRUE,77.18,HIGH,POWER_BLOCK,FALSE,,77.18,RULE_BASED,
TASK_000414,AST_000048,S&T,CORRECTIVE_MAINTENANCE,CORRECTIVE_MAINTENANCE,SEC_008,LOC_009,Synthetic signal maintenance activity,2026-09-06,2026-10-22,60,COMPLETED,56.3,11.3,32.8,FALSE,31.3,LOW,SIGNAL_BLOCK,FALSE,DEF_000077,31.3,RULE_BASED,
TASK_000415,AST_000005,TRD,INSPECTION,INSPECTION,SEC_005,LOC_006,Synthetic ohe maintenance activity,2026-07-04,2026-10-10,240,COMPLETED,56.6,96.3,25.4,FALSE,55.05,MEDIUM,POWER_BLOCK,FALSE,,55.05,RULE_BASED,
TASK_000416,AST_000012,S&T,REPAIR,REPAIR,SEC_002,LOC_002,Synthetic track_circuit maintenance activity,2026-05-08,2026-10-29,45,PENDING,62.0,100.0,46.7,TRUE,63.38,MEDIUM,SIGNAL_BLOCK,FALSE,,63.38,RULE_BASED,
TASK_000417,AST_000019,ENGINEERING,REPLACEMENT,REPLACEMENT,SEC_009,LOC_009,Synthetic bridge maintenance activity,2026-04-26,2026-10-11,240,COMPLETED,79.6,11.6,58.3,FALSE,45.91,MEDIUM,TRAFFIC_BLOCK,FALSE,DEF_000138,45.91,RULE_BASED,
TASK_000418,AST_000026,TRD,TESTING,TESTING,SEC_006,LOC_006,Synthetic isolator maintenance activity,2026-03-06,2026-10-21,60,PENDING,79.3,12.0,19.5,TRUE,36.23,LOW,POWER_BLOCK,FALSE,,36.23,RULE_BASED,
TASK_000419,AST_000033,S&T,PREVENTIVE_MAINTENANCE,PREVENTIVE_MAINTENANCE,SEC_003,LOC_003,Synthetic track_circuit maintenance activity,2026-07-31,2026-10-26,180,SCHEDULED,80.7,0.0,43.3,TRUE,39.07,LOW,SIGNAL_BLOCK,FALSE,,39.07,RULE_BASED,
TASK_000420,AST_000040,ENGINEERING,CORRECTIVE_MAINTENANCE,CORRECTIVE_MAINTENANCE,SEC_010,LOC_005,Synthetic track maintenance activity,2026-05-05,2026-10-28,120,PENDING,49.9,56.6,53.7,TRUE,47.87,MEDIUM,TRAFFIC_BLOCK,FALSE,DEF_000099,47.87,RULE_BASED,
TASK_000421,AST_000047,TRD,INSPECTION,INSPECTION,SEC_007,LOC_008,Synthetic substation maintenance activity,2026-02-09,2026-10-03,60,PENDING,84.5,64.4,52.7,TRUE,62.07,MEDIUM,POWER_BLOCK,FALSE,,62.07,RULE_BASED,
TASK_000422,AST_000004,ENGINEERING,REPAIR,REPAIR,SEC_004,LOC_005,Synthetic turnout maintenance activity,2026-05-17,2026-10-25,75,PENDING,87.4,73.2,59.7,TRUE,67.47,HIGH,TRAFFIC_BLOCK,FALSE,DEF_000123,67.47,RULE_BASED,
TASK_000423,AST_000011,TRD,REPLACEMENT,REPLACEMENT,SEC_001,LOC_002,Synthetic switching_equipment maintenance activity,2026-08-18,2026-10-24,60,PENDING,69.6,100.0,44.8,TRUE,65.56,HIGH,POWER_BLOCK,FALSE,DEF_000210,65.56,RULE_BASED,
TASK_000424,AST_000018,S&T,TESTING,TESTING,SEC_008,LOC_009,Synthetic interlocking_equipment maintenance activity,2026-08-01,2026-10-22,45,COMPLETED,94.2,100.0,51.7,FALSE,75.9,HIGH,SIGNAL_BLOCK,FALSE,,75.9,RULE_BASED,
TASK_000425,AST_000025,ENGINEERING,PREVENTIVE_MAINTENANCE,PREVENTIVE_MAINTENANCE,SEC_005,LOC_006,Synthetic turnout maintenance activity,2026-03-10,2026-10-05,30,SCHEDULED,94.7,20.5,34.8,TRUE,47.99,MEDIUM,TRAFFIC_BLOCK,FALSE,,47.99,RULE_BASED,
TASK_000426,AST_000032,TRD,CORRECTIVE_MAINTENANCE,CORRECTIVE_MAINTENANCE,SEC_002,LOC_002,Synthetic substation maintenance activity,2026-07-21,2026-10-24,90,PENDING,72.1,19.6,21.5,TRUE,36.49,LOW,POWER_BLOCK,FALSE,DEF_000221,36.49,RULE_BASED,
TASK_000427,AST_000039,S&T,INSPECTION,INSPECTION,SEC_009,LOC_010,Synthetic signal maintenance activity,2026-02-12,2026-10-11,120,CANCELLED,91.8,100.0,64.2,FALSE,78.18,HIGH,SIGNAL_BLOCK,FALSE,,78.18,RULE_BASED,
TASK_000428,AST_000046,ENGINEERING,REPAIR,REPAIR,SEC_006,LOC_007,Synthetic turnout maintenance activity,2026-09-09,2026-09-16,75,PENDING,52.0,79.0,48.7,TRUE,54.08,MEDIUM,TRAFFIC_BLOCK,FALSE,DEF_000295,54.08,RULE_BASED,
TASK_000429,AST_000003,S&T,REPLACEMENT,REPLACEMENT,SEC_003,LOC_004,Synthetic relay maintenance activity,2026-09-04,2026-10-21,30,PENDING,55.7,0.0,19.8,TRUE,24.44,LOW,SIGNAL_BLOCK,FALSE,DEF_000082,24.44,RULE_BASED,
TASK_000430,AST_000010,ENGINEERING,TESTING,TESTING,SEC_010,LOC_011,Synthetic points maintenance activity,2026-07-22,2026-09-13,75,PENDING,83.3,75.5,71.1,TRUE,69.58,HIGH,TRAFFIC_BLOCK,FALSE,DEF_000269,69.58,RULE_BASED,
TASK_000431,AST_000017,TRD,PREVENTIVE_MAINTENANCE,PREVENTIVE_MAINTENANCE,SEC_007,LOC_007,Synthetic substation maintenance activity,2026-06-13,2026-10-15,180,SCHEDULED,66.6,39.9,17.4,TRUE,39.63,LOW,POWER_BLOCK,FALSE,,39.63,RULE_BASED,
TASK_000432,AST_000024,S&T,CORRECTIVE_MAINTENANCE,CORRECTIVE_MAINTENANCE,SEC_004,LOC_005,Synthetic interlocking_equipment maintenance activity,2026-02-01,2026-10-25,45,IN_PROGRESS,66.7,56.1,25.7,FALSE,46.6,MEDIUM,SIGNAL_BLOCK,FALSE,,46.6,RULE_BASED,
TASK_000433,AST_000031,ENGINEERING,INSPECTION,INSPECTION,SEC_001,LOC_002,Synthetic turnout maintenance activity,2026-08-14,2026-09-05,150,PENDING,40.4,73.4,28.4,TRUE,53.26,MEDIUM,TRAFFIC_BLOCK,TRUE,,53.26,RULE_BASED,
TASK_000434,AST_000038,TRD,REPAIR,REPAIR,SEC_008,LOC_008,Synthetic switching_equipment maintenance activity,2026-09-02,2026-10-22,180,SCHEDULED,95.1,0.0,47.3,TRUE,45.11,MEDIUM,POWER_BLOCK,FALSE,DEF_000067,45.11,RULE_BASED,
TASK_000435,AST_000045,S&T,REPLACEMENT,REPLACEMENT,SEC_005,LOC_006,Synthetic signal maintenance activity,2026-07-17,2026-10-05,150,CANCELLED,42.3,100.0,24.7,FALSE,50.98,MEDIUM,SIGNAL_BLOCK,FALSE,DEF_000104,50.98,RULE_BASED,
TASK_000436,AST_000002,TRD,TESTING,TESTING,SEC_002,LOC_002,Synthetic isolator maintenance activity,2026-07-01,2026-10-24,90,PENDING,63.8,100.0,33.3,TRUE,60.66,MEDIUM,POWER_BLOCK,FALSE,DEF_000141,60.66,RULE_BASED,
TASK_000437,AST_000009,S&T,PREVENTIVE_MAINTENANCE,PREVENTIVE_MAINTENANCE,SEC_009,LOC_010,Synthetic point_machine maintenance activity,2026-02-24,2026-10-11,180,PENDING,89.0,100.0,44.4,TRUE,72.25,HIGH,SIGNAL_BLOCK,FALSE,,72.25,RULE_BASED,
TASK_000438,AST_000016,ENGINEERING,CORRECTIVE_MAINTENANCE,CORRECTIVE_MAINTENANCE,SEC_006,LOC_006,Synthetic bridge maintenance activity,2026-06-28,2026-10-01,240,COMPLETED,55.3,98.7,19.5,FALSE,53.84,MEDIUM,TRAFFIC_BLOCK,FALSE,DEF_000265,53.84,RULE_BASED,
TASK_000439,AST_000023,TRD,INSPECTION,INSPECTION,SEC_003,LOC_003,Synthetic feeder maintenance activity,2026-09-07,2026-10-21,75,PENDING,55.6,0.0,50.2,TRUE,32.01,LOW,POWER_BLOCK,FALSE,,32.01,RULE_BASED,
TASK_000440,AST_000030,S&T,REPAIR,REPAIR,SEC_010,LOC_005,Synthetic track_circuit maintenance activity,2026-07-29,2026-10-26,90,COMPLETED,88.6,0.0,26.4,FALSE,37.61,LOW,SIGNAL_BLOCK,FALSE,DEF_000089,37.61,RULE_BASED,
TASK_000441,AST_000037,ENGINEERING,REPLACEMENT,REPLACEMENT,SEC_007,LOC_008,Synthetic turnout maintenance activity,2026-05-23,2026-10-15,120,COMPLETED,81.9,81.8,53.8,FALSE,66.66,HIGH,TRAFFIC_BLOCK,FALSE,DEF_000026,66.66,RULE_BASED,
TASK_000442,AST_000044,TRD,TESTING,TESTING,SEC_004,LOC_004,Synthetic substation maintenance activity,2026-04-14,2026-10-01,75,COMPLETED,56.3,62.3,16.1,FALSE,42.42,MEDIUM,POWER_BLOCK,FALSE,DEF_000213,42.42,RULE_BASED,
TASK_000443,AST_000001,ENGINEERING,PREVENTIVE_MAINTENANCE,PREVENTIVE_MAINTENANCE,SEC_001,LOC_001,Synthetic culvert maintenance activity,2026-02-26,2026-10-25,150,COMPLETED,50.3,100.0,49.6,FALSE,60.0,MEDIUM,TRAFFIC_BLOCK,FALSE,,60.0,RULE_BASED,
TASK_000444,AST_000008,TRD,CORRECTIVE_MAINTENANCE,CORRECTIVE_MAINTENANCE,SEC_008,LOC_008,Synthetic feeder maintenance activity,2026-09-12,2026-10-24,45,PENDING,88.0,27.9,43.2,TRUE,49.97,MEDIUM,POWER_BLOCK,FALSE,DEF_000287,49.97,RULE_BASED,
TASK_000445,AST_000015,S&T,INSPECTION,INSPECTION,SEC_005,LOC_005,Synthetic relay maintenance activity,2026-06-18,2026-09-27,240,PENDING,53.9,32.3,31.3,TRUE,36.38,LOW,SIGNAL_BLOCK,FALSE,,36.38,RULE_BASED,
TASK_000446,AST_000022,ENGINEERING,REPAIR,REPAIR,SEC_002,LOC_002,Synthetic turnout maintenance activity,2026-07-17,2026-10-24,180,PENDING,76.5,38.0,24.9,TRUE,44.4,MEDIUM,TRAFFIC_BLOCK,FALSE,DEF_000061,44.4,RULE_BASED,
TASK_000447,AST_000029,TRD,REPLACEMENT,REPLACEMENT,SEC_009,LOC_010,Synthetic switching_equipment maintenance activity,2026-07-31,2026-09-22,240,PENDING,88.2,45.5,44.3,TRUE,55.6,MEDIUM,POWER_BLOCK,FALSE,DEF_000198,55.6,RULE_BASED,
TASK_000448,AST_000036,S&T,TESTING,TESTING,SEC_006,LOC_007,Synthetic signal maintenance activity,2026-08-17,2026-10-21,90,COMPLETED,78.2,71.8,72.4,FALSE,67.01,HIGH,SIGNAL_BLOCK,FALSE,DEF_000185,67.01,RULE_BASED,
TASK_000449,AST_000043,ENGINEERING,PREVENTIVE_MAINTENANCE,PREVENTIVE_MAINTENANCE,SEC_003,LOC_004,Synthetic turnout maintenance activity,2026-02-01,2026-10-29,75,SCHEDULED,70.1,20.3,42.5,TRUE,41.25,MEDIUM,TRAFFIC_BLOCK,FALSE,,41.25,RULE_BASED,
TASK_000450,AST_000050,TRD,CORRECTIVE_MAINTENANCE,CORRECTIVE_MAINTENANCE,SEC_010,LOC_005,Synthetic feeder maintenance activity,2026-06-10,2026-10-26,240,PENDING,88.2,0.0,34.1,TRUE,39.39,LOW,POWER_BLOCK,FALSE,DEF_000159,39.39,RULE_BASED,
TASK_000451,AST_000007,ENGINEERING,INSPECTION,INSPECTION,SEC_007,LOC_008,Synthetic turnout maintenance activity,2026-06-24,2026-09-22,180,PENDING,52.8,93.2,44.1,TRUE,57.46,MEDIUM,TRAFFIC_BLOCK,FALSE,,57.46,RULE_BASED,
TASK_000452,AST_000014,TRD,REPAIR,REPAIR,SEC_004,LOC_005,Synthetic feeder maintenance activity,2026-08-10,2026-10-12,150,PENDING,44.4,7.9,57.3,TRUE,32.24,LOW,POWER_BLOCK,FALSE,DEF_000083,32.24,RULE_BASED,
TASK_000453,AST_000021,S&T,REPLACEMENT,REPLACEMENT,SEC_001,LOC_001,Synthetic signal maintenance activity,2026-02-21,2026-10-19,60,COMPLETED,42.9,100.0,17.3,FALSE,49.34,MEDIUM,SIGNAL_BLOCK,FALSE,,49.34,RULE_BASED,
TASK_000454,AST_000028,ENGINEERING,TESTING,TESTING,SEC_008,LOC_009,Synthetic culvert maintenance activity,2026-08-11,2026-10-24,180,IN_PROGRESS,49.5,16.0,50.4,FALSE,34.72,LOW,TRAFFIC_BLOCK,FALSE,,34.72,RULE_BASED,
TASK_000455,AST_000035,TRD,PREVENTIVE_MAINTENANCE,PREVENTIVE_MAINTENANCE,SEC_005,LOC_006,Synthetic isolator maintenance activity,2026-04-21,2026-10-22,60,PENDING,84.2,29.9,68.0,TRUE,55.44,MEDIUM,POWER_BLOCK,FALSE,,55.44,RULE_BASED,
TASK_000456,AST_000042,S&T,CORRECTIVE_MAINTENANCE,CORRECTIVE_MAINTENANCE,SEC_002,LOC_002,Synthetic interlocking_equipment maintenance activity,2026-01-17,2026-10-24,240,COMPLETED,44.5,97.6,58.6,FALSE,59.5,MEDIUM,SIGNAL_BLOCK,FALSE,,59.5,RULE_BASED,
TASK_000457,AST_000049,ENGINEERING,INSPECTION,INSPECTION,SEC_009,LOC_010,Synthetic turnout maintenance activity,2026-04-24,2026-09-30,90,PENDING,67.6,48.1,33.1,TRUE,46.36,MEDIUM,TRAFFIC_BLOCK,FALSE,,46.36,RULE_BASED,
TASK_000458,AST_000006,S&T,REPAIR,REPAIR,SEC_006,LOC_007,Synthetic relay maintenance activity,2026-07-24,2026-10-21,90,PENDING,94.3,15.4,54.0,TRUE,51.12,MEDIUM,SIGNAL_BLOCK,FALSE,DEF_000255,51.12,RULE_BASED,
TASK_000459,AST_000013,ENGINEERING,REPLACEMENT,REPLACEMENT,SEC_003,LOC_004,Synthetic bridge maintenance activity,2026-05-14,2026-10-29,240,CANCELLED,54.3,51.8,30.3,FALSE,42.12,MEDIUM,TRAFFIC_BLOCK,FALSE,DEF_000142,42.12,RULE_BASED,
TASK_000460,AST_000020,TRD,TESTING,TESTING,SEC_010,LOC_005,Synthetic isolator maintenance activity,2026-04-01,2026-10-26,180,SCHEDULED,63.2,73.2,20.0,TRUE,49.08,MEDIUM,POWER_BLOCK,FALSE,DEF_000229,49.08,RULE_BASED,
TASK_000461,AST_000027,S&T,PREVENTIVE_MAINTENANCE,PREVENTIVE_MAINTENANCE,SEC_007,LOC_007,Synthetic point_machine maintenance activity,2026-02-24,2026-10-22,60,COMPLETED,50.8,88.7,57.5,FALSE,58.76,MEDIUM,SIGNAL_BLOCK,FALSE,,58.76,RULE_BASED,
TASK_000462,AST_000034,ENGINEERING,CORRECTIVE_MAINTENANCE,CORRECTIVE_MAINTENANCE,SEC_004,LOC_004,Synthetic culvert maintenance activity,2026-08-30,2026-10-17,90,SCHEDULED,82.4,0.2,47.4,TRUE,40.75,MEDIUM,TRAFFIC_BLOCK,FALSE,DEF_000253,40.75,RULE_BASED,
TASK_000463,AST_000041,TRD,INSPECTION,INSPECTION,SEC_001,LOC_001,Synthetic feeder maintenance activity,2026-08-05,2026-10-29,180,COMPLETED,89.8,88.5,53.1,FALSE,71.26,HIGH,POWER_BLOCK,FALSE,,71.26,RULE_BASED,
TASK_000464,AST_000048,S&T,REPAIR,REPAIR,SEC_008,LOC_009,Synthetic signal maintenance activity,2026-09-06,2026-10-22,90,COMPLETED,56.3,24.3,32.5,FALSE,35.12,LOW,SIGNAL_BLOCK,FALSE,DEF_000077,35.12,RULE_BASED,
TASK_000465,AST_000005,TRD,REPLACEMENT,REPLACEMENT,SEC_005,LOC_006,Synthetic ohe maintenance activity,2026-07-26,2026-10-05,90,COMPLETED,56.6,62.8,24.0,FALSE,44.65,MEDIUM,POWER_BLOCK,FALSE,DEF_000064,44.65,RULE_BASED,
TASK_000466,AST_000012,S&T,TESTING,TESTING,SEC_002,LOC_002,Synthetic track_circuit maintenance activity,2026-04-15,2026-10-29,60,IN_PROGRESS,62.0,100.0,40.5,FALSE,61.82,MEDIUM,SIGNAL_BLOCK,FALSE,DEF_000001,61.82,RULE_BASED,
TASK_000467,AST_000019,ENGINEERING,PREVENTIVE_MAINTENANCE,PREVENTIVE_MAINTENANCE,SEC_009,LOC_009,Synthetic bridge maintenance activity,2026-06-07,2026-09-04,180,PENDING,79.6,100.0,50.0,TRUE,80.36,CRITICAL,TRAFFIC_BLOCK,TRUE,,80.36,RULE_BASED,
TASK_000468,AST_000026,TRD,CORRECTIVE_MAINTENANCE,CORRECTIVE_MAINTENANCE,SEC_006,LOC_006,Synthetic isolator maintenance activity,2026-08-18,2026-10-27,90,COMPLETED,79.3,0.0,22.4,FALSE,33.35,LOW,POWER_BLOCK,FALSE,DEF_000225,33.35,RULE_BASED,
TASK_000469,AST_000033,S&T,INSPECTION,INSPECTION,SEC_003,LOC_003,Synthetic track_circuit maintenance activity,2026-04-20,2026-10-26,240,COMPLETED,80.7,0.0,40.3,FALSE,38.32,LOW,SIGNAL_BLOCK,FALSE,,38.32,RULE_BASED,
TASK_000470,AST_000040,ENGINEERING,REPAIR,REPAIR,SEC_010,LOC_005,Synthetic track maintenance activity,2026-04-19,2026-10-28,240,PENDING,49.9,43.8,52.7,TRUE,43.78,MEDIUM,TRAFFIC_BLOCK,FALSE,DEF_000299,43.78,RULE_BASED,
TASK_000471,AST_000047,TRD,REPLACEMENT,REPLACEMENT,SEC_007,LOC_008,Synthetic substation maintenance activity,2026-08-22,2026-10-25,30,COMPLETED,84.5,71.6,63.8,FALSE,67.0,HIGH,POWER_BLOCK,FALSE,DEF_000186,67.0,RULE_BASED,
TASK_000472,AST_000004,ENGINEERING,TESTING,TESTING,SEC_004,LOC_005,Synthetic turnout maintenance activity,2026-06-07,2026-10-24,30,PENDING,87.4,25.5,50.0,TRUE,50.74,MEDIUM,TRAFFIC_BLOCK,FALSE,,50.74,RULE_BASED,
TASK_000473,AST_000011,TRD,PREVENTIVE_MAINTENANCE,PREVENTIVE_MAINTENANCE,SEC_001,LOC_002,Synthetic switching_equipment maintenance activity,2026-09-07,2026-10-24,60,COMPLETED,69.6,0.0,35.9,FALSE,33.33,LOW,POWER_BLOCK,FALSE,,33.33,RULE_BASED,
TASK_000474,AST_000018,S&T,CORRECTIVE_MAINTENANCE,CORRECTIVE_MAINTENANCE,SEC_008,LOC_009,Synthetic interlocking_equipment maintenance activity,2026-05-25,2026-10-27,240,COMPLETED,94.2,0.0,54.6,FALSE,46.62,MEDIUM,SIGNAL_BLOCK,FALSE,DEF_000297,46.62,RULE_BASED,
TASK_000475,AST_000025,ENGINEERING,INSPECTION,INSPECTION,SEC_005,LOC_006,Synthetic turnout maintenance activity,2026-08-26,2026-10-05,30,PENDING,94.7,52.4,34.9,TRUE,57.59,MEDIUM,TRAFFIC_BLOCK,FALSE,,57.59,RULE_BASED,
TASK_000476,AST_000032,TRD,REPAIR,REPAIR,SEC_002,LOC_002,Synthetic substation maintenance activity,2026-08-10,2026-10-29,75,COMPLETED,72.1,100.0,23.8,FALSE,61.18,MEDIUM,POWER_BLOCK,FALSE,DEF_000121,61.18,RULE_BASED,
TASK_000477,AST_000039,S&T,REPLACEMENT,REPLACEMENT,SEC_009,LOC_010,Synthetic signal maintenance activity,2026-04-19,2026-10-05,75,COMPLETED,91.8,28.6,65.4,FALSE,57.06,MEDIUM,SIGNAL_BLOCK,FALSE,DEF_000008,57.06,RULE_BASED,
TASK_000478,AST_000046,ENGINEERING,TESTING,TESTING,SEC_006,LOC_007,Synthetic turnout maintenance activity,2026-04-21,2026-10-27,90,PENDING,52.0,100.0,44.5,TRUE,59.32,MEDIUM,TRAFFIC_BLOCK,FALSE,DEF_000295,59.32,RULE_BASED,
TASK_000479,AST_000003,S&T,PREVENTIVE_MAINTENANCE,PREVENTIVE_MAINTENANCE,SEC_003,LOC_004,Synthetic relay maintenance activity,2026-02-04,2026-10-26,90,CANCELLED,55.7,100.0,24.4,FALSE,55.6,MEDIUM,SIGNAL_BLOCK,FALSE,,55.6,RULE_BASED,
TASK_000480,AST_000010,ENGINEERING,CORRECTIVE_MAINTENANCE,CORRECTIVE_MAINTENANCE,SEC_010,LOC_011,Synthetic points maintenance activity,2026-04-23,2026-10-28,75,CANCELLED,83.3,0.0,81.8,FALSE,49.6,MEDIUM,TRAFFIC_BLOCK,FALSE,DEF_000169,49.6,RULE_BASED,
TASK_000481,AST_000017,TRD,INSPECTION,INSPECTION,SEC_007,LOC_007,Synthetic substation maintenance activity,2026-04-19,2026-10-25,120,COMPLETED,66.6,43.6,18.8,FALSE,41.09,MEDIUM,POWER_BLOCK,FALSE,,41.09,RULE_BASED,
TASK_000482,AST_000024,S&T,REPAIR,REPAIR,SEC_004,LOC_005,Synthetic interlocking_equipment maintenance activity,2026-08-03,2026-10-09,75,PENDING,66.7,84.3,27.4,TRUE,55.48,MEDIUM,SIGNAL_BLOCK,FALSE,,55.48,RULE_BASED,
TASK_000483,AST_000031,ENGINEERING,REPLACEMENT,REPLACEMENT,SEC_001,LOC_002,Synthetic turnout maintenance activity,2026-08-02,2026-10-24,240,PENDING,40.4,8.5,20.1,TRUE,21.71,LOW,TRAFFIC_BLOCK,FALSE,DEF_000280,21.71,RULE_BASED,
TASK_000484,AST_000038,TRD,TESTING,TESTING,SEC_008,LOC_008,Synthetic switching_equipment maintenance activity,2026-07-31,2026-10-24,90,COMPLETED,95.1,0.0,44.2,FALSE,44.33,MEDIUM,POWER_BLOCK,FALSE,DEF_000167,44.33,RULE_BASED,
TASK_000485,AST_000045,S&T,PREVENTIVE_MAINTENANCE,PREVENTIVE_MAINTENANCE,SEC_005,LOC_006,Synthetic signal maintenance activity,2026-06-20,2026-10-16,120,PENDING,42.3,100.0,19.0,TRUE,49.56,MEDIUM,SIGNAL_BLOCK,FALSE,,49.56,RULE_BASED,
TASK_000486,AST_000002,TRD,CORRECTIVE_MAINTENANCE,CORRECTIVE_MAINTENANCE,SEC_002,LOC_002,Synthetic isolator maintenance activity,2026-08-17,2026-09-28,75,PENDING,63.8,39.3,37.7,TRUE,43.54,MEDIUM,POWER_BLOCK,FALSE,DEF_000241,43.54,RULE_BASED,
TASK_000487,AST_000009,S&T,INSPECTION,INSPECTION,SEC_009,LOC_010,Synthetic point_machine maintenance activity,2026-07-20,2026-10-09,150,PENDING,89.0,100.0,51.6,TRUE,74.05,HIGH,SIGNAL_BLOCK,FALSE,,74.05,RULE_BASED,
TASK_000488,AST_000016,ENGINEERING,REPAIR,REPAIR,SEC_006,LOC_006,Synthetic bridge maintenance activity,2026-06-17,2026-10-26,180,COMPLETED,55.3,41.9,28.4,FALSE,39.02,LOW,TRAFFIC_BLOCK,FALSE,DEF_000065,39.02,RULE_BASED,
TASK_000489,AST_000023,TRD,REPLACEMENT,REPLACEMENT,SEC_003,LOC_003,Synthetic feeder maintenance activity,2026-07-21,2026-10-21,150,COMPLETED,55.6,50.5,56.4,FALSE,48.71,MEDIUM,POWER_BLOCK,FALSE,DEF_000102,48.71,RULE_BASED,
TASK_000490,AST_000030,S&T,TESTING,TESTING,SEC_010,LOC_005,Synthetic track_circuit maintenance activity,2026-06-06,2026-09-13,45,COMPLETED,88.6,98.5,28.1,FALSE,67.58,HIGH,SIGNAL_BLOCK,FALSE,DEF_000189,67.58,RULE_BASED,
TASK_000491,AST_000037,ENGINEERING,PREVENTIVE_MAINTENANCE,PREVENTIVE_MAINTENANCE,SEC_007,LOC_008,Synthetic turnout maintenance activity,2026-04-12,2026-10-15,120,SCHEDULED,81.9,0.0,62.4,TRUE,44.26,MEDIUM,TRAFFIC_BLOCK,FALSE,,44.26,RULE_BASED,
TASK_000492,AST_000044,TRD,CORRECTIVE_MAINTENANCE,CORRECTIVE_MAINTENANCE,SEC_004,LOC_004,Synthetic substation maintenance activity,2026-07-13,2026-10-09,75,COMPLETED,56.3,89.2,21.7,FALSE,51.89,MEDIUM,POWER_BLOCK,FALSE,DEF_000063,51.89,RULE_BASED,
TASK_000493,AST_000001,ENGINEERING,INSPECTION,INSPECTION,SEC_001,LOC_001,Synthetic culvert maintenance activity,2026-04-27,2026-10-17,150,COMPLETED,50.3,81.9,53.4,FALSE,55.52,MEDIUM,TRAFFIC_BLOCK,FALSE,,55.52,RULE_BASED,
TASK_000494,AST_000008,TRD,REPAIR,REPAIR,SEC_008,LOC_008,Synthetic feeder maintenance activity,2026-06-21,2026-10-29,240,PENDING,88.0,0.0,48.8,TRUE,43.0,MEDIUM,POWER_BLOCK,FALSE,DEF_000087,43.0,RULE_BASED,
TASK_000495,AST_000015,S&T,REPLACEMENT,REPLACEMENT,SEC_005,LOC_005,Synthetic relay maintenance activity,2026-05-26,2026-10-16,90,SCHEDULED,53.9,14.6,18.3,TRUE,27.82,LOW,SIGNAL_BLOCK,FALSE,DEF_000224,27.82,RULE_BASED,
TASK_000496,AST_000022,ENGINEERING,TESTING,TESTING,SEC_002,LOC_002,Synthetic turnout maintenance activity,2026-07-24,2026-10-24,150,COMPLETED,76.5,100.0,24.9,FALSE,63.0,MEDIUM,TRAFFIC_BLOCK,FALSE,DEF_000161,63.0,RULE_BASED,
TASK_000497,AST_000029,TRD,PREVENTIVE_MAINTENANCE,PREVENTIVE_MAINTENANCE,SEC_009,LOC_010,Synthetic switching_equipment maintenance activity,2026-07-27,2026-10-09,90,SCHEDULED,88.2,59.6,44.6,TRUE,59.9,MEDIUM,POWER_BLOCK,FALSE,,59.9,RULE_BASED,
TASK_000498,AST_000036,S&T,CORRECTIVE_MAINTENANCE,CORRECTIVE_MAINTENANCE,SEC_006,LOC_007,Synthetic signal maintenance activity,2026-07-24,2026-10-26,30,COMPLETED,78.2,10.9,73.5,FALSE,49.02,MEDIUM,SIGNAL_BLOCK,FALSE,DEF_000285,49.02,RULE_BASED,
TASK_000499,AST_000043,ENGINEERING,INSPECTION,INSPECTION,SEC_003,LOC_004,Synthetic turnout maintenance activity,2026-05-17,2026-10-27,120,PENDING,70.1,17.5,37.0,TRUE,39.03,LOW,TRAFFIC_BLOCK,FALSE,,39.03,RULE_BASED,
TASK_000500,AST_000050,TRD,REPAIR,REPAIR,SEC_010,LOC_005,Synthetic feeder maintenance activity,2026-05-20,2026-09-15,120,CANCELLED,88.2,100.0,40.4,FALSE,70.97,HIGH,POWER_BLOCK,FALSE,DEF_000159,70.97,RULE_BASED,
