movement_id,train_id,train_type,section_id,entry_time,exit_time,direction,priority,is_freight,scheduled_or_forecast,forecast_confidence,movement_status
MOV_000001,SYN_TRAIN_0001,PASSENGER,SEC_001,2026-09-14 01:15:00,2026-09-14 01:40:00,UP,HIGH,FALSE,SCHEDULED,1.000,PLANNED
MOV_000002,SYN_TRAIN_0002,PASSENGER,SEC_002,2026-09-15 17:15:00,2026-09-15 17:40:00,DOWN,HIGH,FALSE,SCHEDULED,1.000,PLANNED
MOV_000003,SYN_TRAIN_0003,PASSENGER,SEC_004,2026-09-17 09:15:00,2026-09-17 09:40:00,UP,HIGH,FALSE,SCHEDULED,1.000,PLANNED
MOV_000004,SYN_TRAIN_0004,PASSENGER,SEC_006,2026-09-19 01:15:00,2026-09-19 01:40:00,DOWN,HIGH,FALSE,SCHEDULED,1.000,PLANNED
MOV_000005,SYN_TRAIN_0005,PASSENGER,SEC_007,2026-09-20 17:15:00,2026-09-20 17:40:00,DOWN,HIGH,FALSE,SCHEDULED,1.000,PLANNED
MOV_000006,SYN_TRAIN_0006,PASSENGER,SEC_008,2026-09-15 21:05:00,2026-09-15 21:25:00,UP,LOW,FALSE,SCHEDULED,1.000,PLANNED
MOV_000007,SYN_TRAIN_0007,EXPRESS,SEC_006,2026-09-15 06:55:00,2026-09-15 07:15:00,UP,MEDIUM,FALSE,SCHEDULED,1.000,PLANNED
MOV_000008,SYN_TRAIN_0008,FREIGHT,SEC_006,2026-09-15 17:20:00,2026-09-15 17:45:00,DOWN,LOW,TRUE,SCHEDULED,1.000,PLANNED
MOV_000009,SYN_TRAIN_0009,EXPRESS,SEC_010,2026-09-14 16:15:00,2026-09-14 16:45:00,UP,MEDIUM,FALSE,SCHEDULED,1.000,PLANNED
MOV_000010,SYN_TRAIN_0010,FREIGHT,SEC_006,2026-09-19 08:15:00,2026-09-19 08:23:00,DOWN,LOW,TRUE,SCHEDULED,1.000,PLANNED
MOV_000011,SYN_TRAIN_0011,MAINTENANCE,SEC_005,2026-09-17 00:55:00,2026-09-17 01:03:00,DOWN,HIGH,FALSE,SCHEDULED,1.000,PLANNED
MOV_000012,SYN_TRAIN_0012,PASSENGER,SEC_004,2026-09-19 18:55:00,2026-09-19 19:00:00,DOWN,HIGH,FALSE,SCHEDULED,1.000,PLANNED
MOV_000013,SYN_TRAIN_0013,PASSENGER,SEC_003,2026-09-17 13:35:00,2026-09-17 13:43:00,UP,HIGH,FALSE,SCHEDULED,1.000,PLANNED
MOV_000014,SYN_TRAIN_0014,PASSENGER,SEC_002,2026-09-18 18:10:00,2026-09-18 18:18:00,UP,MEDIUM,FALSE,SCHEDULED,1.000,PLANNED
MOV_000015,SYN_TRAIN_0015,FREIGHT,SEC_002,2026-09-15 18:20:00,2026-09-15 18:28:00,UP,HIGH,TRUE,SCHEDULED,1.000,PLANNED
MOV_000016,SYN_TRAIN_0016,OTHER,SEC_005,2026-09-20 20:00:00,2026-09-20 20:25:00,DOWN,LOW,FALSE,SCHEDULED,1.000,PLANNED
MOV_000017,SYN_TRAIN_0017,EXPRESS,SEC_003,2026-09-15 23:05:00,2026-09-15 23:15:00,DOWN,LOW,FALSE,SCHEDULED,1.000,PLANNED
MOV_000018,SYN_TRAIN_0018,FREIGHT,SEC_008,2026-09-20 15:40:00,2026-09-20 15:48:00,DOWN,HIGH,TRUE,SCHEDULED,1.000,PLANNED
MOV_000019,SYN_TRAIN_0019,MAINTENANCE,SEC_009,2026-09-14 05:00:00,2026-09-14 05:10:00,DOWN,LOW,FALSE,SCHEDULED,1.000,PLANNED
MOV_000020,SYN_TRAIN_0020,OTHER,SEC_005,2026-09-20 19:35:00,2026-09-20 19:55:00,DOWN,MEDIUM,FALSE,SCHEDULED,1.000,PLANNED
MOV_000021,SYN_TRAIN_0021,OTHER,SEC_010,2026-09-19 06:50:00,2026-09-19 07:00:00,DOWN,LOW,FALSE,SCHEDULED,1.000,PLANNED
MOV_000022,SYN_TRAIN_0022,MAINTENANCE,SEC_003,2026-09-16 04:35:00,2026-09-16 04:45:00,UP,MEDIUM,FALSE,SCHEDULED,1.000,PLANNED
MOV_000023,SYN_TRAIN_0023,EXPRESS,SEC_008,2026-09-14 13:15:00,2026-09-14 13:27:00,DOWN,MEDIUM,FALSE,SCHEDULED,1.000,PLANNED
MOV_000024,SYN_TRAIN_0024,PASSENGER,SEC_005,2026-09-16 08:55:00,2026-09-16 09:15:00,DOWN,LOW,FALSE,SCHEDULED,1.000,PLANNED
MOV_000025,SYN_TRAIN_0025,FREIGHT,SEC_002,2026-09-14 03:10:00,2026-09-14 03:30:00,DOWN,LOW,TRUE,SCHEDULED,1.000,PLANNED
MOV_000026,SYN_TRAIN_0026,EXPRESS,SEC_005,2026-09-16 21:55:00,2026-09-16 22:00:00,UP,LOW,FALSE,SCHEDULED,1.000,PLANNED
MOV_000027,SYN_TRAIN_0027,MAINTENANCE,SEC_006,2026-09-19 17:05:00,2026-09-19 17:30:00,UP,HIGH,FALSE,SCHEDULED,1.000,PLANNED
MOV_000028,SYN_TRAIN_0028,EXPRESS,SEC_007,2026-09-14 08:45:00,2026-09-14 09:15:00,UP,MEDIUM,FALSE,SCHEDULED,1.000,PLANNED
MOV_000029,SYN_TRAIN_0029,OTHER,SEC_002,2026-09-19 20:05:00,2026-09-19 20:20:00,UP,LOW,FALSE,SCHEDULED,1.000,PLANNED
MOV_000030,SYN_TRAIN_0030,FREIGHT,SEC_006,2026-09-14 18:20:00,2026-09-14 18:32:00,DOWN,MEDIUM,TRUE,SCHEDULED,1.000,PLANNED
MOV_000031,SYN_TRAIN_0031,PASSENGER,SEC_006,2026-09-15 16:50:00,2026-09-15 17:10:00,UP,LOW,FALSE,SCHEDULED,1.000,PLANNED
MOV_000032,SYN_TRAIN_0032,PASSENGER,SEC_001,2026-09-16 18:05:00,2026-09-16 18:17:00,UP,LOW,FALSE,SCHEDULED,1.000,PLANNED
MOV_000033,SYN_TRAIN_0033,OTHER,SEC_006,2026-09-15 20:05:00,2026-09-15 20:15:00,UP,HIGH,FALSE,SCHEDULED,1.000,PLANNED
MOV_000034,SYN_TRAIN_0034,FREIGHT,SEC_003,2026-09-14 12:20:00,2026-09-14 12:40:00,UP,HIGH,TRUE,SCHEDULED,1.000,PLANNED
MOV_000035,SYN_TRAIN_0035,PASSENGER,SEC_001,2026-09-16 17:55:00,2026-09-16 18:05:00,UP,HIGH,FALSE,SCHEDULED,1.000,PLANNED
MOV_000036,SYN_TRAIN_0036,PASSENGER,SEC_004,2026-09-20 20:25:00,2026-09-20 20:50:00,DOWN,HIGH,FALSE,SCHEDULED,1.000,PLANNED
MOV_000037,SYN_TRAIN_0037,PASSENGER,SEC_005,2026-09-16 07:25:00,2026-09-16 07:50:00,DOWN,HIGH,FALSE,SCHEDULED,1.000,PLANNED
MOV_000038,SYN_TRAIN_0038,FREIGHT,SEC_010,2026-09-20 15:20:00,2026-09-20 15:35:00,DOWN,MEDIUM,TRUE,SCHEDULED,1.000,PLANNED
MOV_000039,SYN_TRAIN_0039,EXPRESS,SEC_008,2026-09-16 16:10:00,2026-09-16 16:40:00,DOWN,LOW,FALSE,SCHEDULED,1.000,PLANNED
MOV_000040,SYN_TRAIN_0040,PASSENGER,SEC_005,2026-09-19 16:10:00,2026-09-19 16:18:00,DOWN,MEDIUM,FALSE,SCHEDULED,1.000,PLANNED
MOV_000041,SYN_TRAIN_0041,EXPRESS,SEC_003,2026-09-19 08:10:00,2026-09-19 08:22:00,UP,HIGH,FALSE,SCHEDULED,1.000,PLANNED
MOV_000042,SYN_TRAIN_0042,PASSENGER,SEC_009,2026-09-20 10:20:00,2026-09-20 10:35:00,UP,HIGH,FALSE,SCHEDULED,1.000,PLANNED
MOV_000043,SYN_TRAIN_0043,PASSENGER,SEC_004,2026-09-16 20:20:00,2026-09-16 20:35:00,DOWN,MEDIUM,FALSE,SCHEDULED,1.000,PLANNED
MOV_000044,SYN_TRAIN_0044,FREIGHT,SEC_009,2026-09-20 18:25:00,2026-09-20 18:37:00,UP,LOW,TRUE,SCHEDULED,1.000,PLANNED
MOV_000045,SYN_TRAIN_0045,FREIGHT,SEC_008,2026-09-14 18:05:00,2026-09-14 18:30:00,DOWN,LOW,TRUE,SCHEDULED,1.000,PLANNED
MOV_000046,SYN_TRAIN_0046,PASSENGER,SEC_008,2026-09-20 04:20:00,2026-09-20 04:28:00,UP,LOW,FALSE,SCHEDULED,1.000,PLANNED
MOV_000047,SYN_TRAIN_0047,PASSENGER,SEC_004,2026-09-14 21:40:00,2026-09-14 22:10:00,UP,LOW,FALSE,SCHEDULED,1.000,PLANNED
MOV_000048,SYN_TRAIN_0048,MAINTENANCE,SEC_007,2026-09-20 08:20:00,2026-09-20 08:40:00,DOWN,HIGH,FALSE,SCHEDULED,1.000,PLANNED
MOV_000049,SYN_TRAIN_0049,EXPRESS,SEC_007,2026-09-20 17:00:00,2026-09-20 17:20:00,UP,MEDIUM,FALSE,SCHEDULED,1.000,PLANNED
MOV_000050,SYN_TRAIN_0050,PASSENGER,SEC_003,2026-09-15 14:20:00,2026-09-15 14:32:00,DOWN,HIGH,FALSE,SCHEDULED,1.000,PLANNED
MOV_000051,SYN_TRAIN_0051,PASSENGER,SEC_008,2026-09-14 22:55:00,2026-09-14 23:10:00,UP,LOW,FALSE,SCHEDULED,1.000,PLANNED
MOV_000052,SYN_TRAIN_0052,FREIGHT,SEC_008,2026-09-14 11:50:00,2026-09-14 12:05:00,UP,HIGH,TRUE,SCHEDULED,1.000,PLANNED
MOV_000053,SYN_TRAIN_0053,PASSENGER,SEC_007,2026-09-14 17:35:00,2026-09-14 18:00:00,DOWN,HIGH,FALSE,SCHEDULED,1.000,PLANNED
MOV_000054,SYN_TRAIN_0054,EXPRESS,SEC_008,2026-09-18 05:20:00,2026-09-18 05:50:00,DOWN,LOW,FALSE,SCHEDULED,1.000,PLANNED
MOV_000055,SYN_TRAIN_0055,EXPRESS,SEC_008,2026-09-17 06:45:00,2026-09-17 07:05:00,DOWN,MEDIUM,FALSE,SCHEDULED,1.000,PLANNED
MOV_000056,SYN_TRAIN_0056,OTHER,SEC_001,2026-09-15 14:05:00,2026-09-15 14:30:00,DOWN,HIGH,FALSE,SCHEDULED,1.000,PLANNED
MOV_000057,SYN_TRAIN_0057,EXPRESS,SEC_004,2026-09-19 17:20:00,2026-09-19 17:25:00,DOWN,LOW,FALSE,SCHEDULED,1.000,PLANNED
MOV_000058,SYN_TRAIN_0058,PASSENGER,SEC_005,2026-09-18 16:00:00,2026-09-18 16:15:00,DOWN,MEDIUM,FALSE,SCHEDULED,1.000,PLANNED
MOV_000059,SYN_TRAIN_0059,FREIGHT,SEC_001,2026-09-15 19:10:00,2026-09-15 19:20:00,UP,LOW,TRUE,SCHEDULED,1.000,PLANNED
MOV_000060,SYN_TRAIN_0060,PASSENGER,SEC_004,2026-09-20 11:45:00,2026-09-20 12:15:00,DOWN,HIGH,FALSE,SCHEDULED,1.000,PLANNED
MOV_000061,SYN_TRAIN_0061,MAINTENANCE,SEC_004,2026-09-17 18:15:00,2026-09-17 18:35:00,DOWN,LOW,FALSE,SCHEDULED,1.000,PLANNED
MOV_000062,SYN_TRAIN_0062,EXPRESS,SEC_010,2026-09-18 18:15:00,2026-09-18 18:45:00,DOWN,HIGH,FALSE,SCHEDULED,1.000,PLANNED
MOV_000063,SYN_TRAIN_0063,FREIGHT,SEC_001,2026-09-16 02:30:00,2026-09-16 02:42:00,DOWN,HIGH,TRUE,SCHEDULED,1.000,PLANNED
MOV_000064,SYN_TRAIN_0064,PASSENGER,SEC_008,2026-09-15 08:30:00,2026-09-15 08:42:00,UP,HIGH,FALSE,SCHEDULED,1.000,PLANNED
MOV_000065,SYN_TRAIN_0065,EXPRESS,SEC_004,2026-09-16 18:05:00,2026-09-16 18:13:00,DOWN,HIGH,FALSE,SCHEDULED,1.000,PLANNED
MOV_000066,SYN_TRAIN_0066,PASSENGER,SEC_005,2026-09-18 17:50:00,2026-09-18 18:15:00,UP,LOW,FALSE,SCHEDULED,1.000,PLANNED
MOV_000067,SYN_TRAIN_0067,FREIGHT,SEC_008,2026-09-14 23:15:00,2026-09-14 23:20:00,DOWN,MEDIUM,TRUE,SCHEDULED,1.000,PLANNED
MOV_000068,SYN_TRAIN_0068,PASSENGER,SEC_010,2026-09-15 11:05:00,2026-09-15 11:25:00,DOWN,LOW,FALSE,SCHEDULED,1.000,PLANNED
MOV_000069,SYN_TRAIN_0069,MAINTENANCE,SEC_003,2026-09-16 16:30:00,2026-09-16 16:45:00,UP,MEDIUM,FALSE,SCHEDULED,1.000,PLANNED
MOV_000070,SYN_TRAIN_0070,EXPRESS,SEC_004,2026-09-20 11:35:00,2026-09-20 11:47:00,DOWN,MEDIUM,FALSE,SCHEDULED,1.000,PLANNED
MOV_000071,SYN_TRAIN_0071,PASSENGER,SEC_001,2026-09-14 10:25:00,2026-09-14 10:40:00,UP,HIGH,FALSE,SCHEDULED,1.000,PLANNED
MOV_000072,SYN_TRAIN_0072,FREIGHT,SEC_005,2026-09-17 19:40:00,2026-09-17 20:00:00,UP,MEDIUM,TRUE,SCHEDULED,1.000,PLANNED
MOV_000073,SYN_TRAIN_0073,PASSENGER,SEC_003,2026-09-18 22:50:00,2026-09-18 23:10:00,UP,HIGH,FALSE,SCHEDULED,1.000,PLANNED
MOV_000074,SYN_TRAIN_0074,PASSENGER,SEC_009,2026-09-14 17:35:00,2026-09-14 17:55:00,UP,LOW,FALSE,SCHEDULED,1.000,PLANNED
MOV_000075,SYN_TRAIN_0075,FREIGHT,SEC_009,2026-09-19 05:00:00,2026-09-19 05:10:00,UP,HIGH,TRUE,SCHEDULED,1.000,PLANNED
MOV_000076,SYN_TRAIN_0076,FREIGHT,SEC_001,2026-09-14 11:40:00,2026-09-14 12:00:00,UP,LOW,TRUE,SCHEDULED,1.000,PLANNED
MOV_000077,SYN_TRAIN_0077,PASSENGER,SEC_006,2026-09-17 20:15:00,2026-09-17 20:27:00,UP,LOW,FALSE,SCHEDULED,1.000,PLANNED
MOV_000078,SYN_TRAIN_0078,EXPRESS,SEC_006,2026-09-19 20:40:00,2026-09-19 20:52:00,DOWN,HIGH,FALSE,SCHEDULED,1.000,PLANNED
MOV_000079,SYN_TRAIN_0079,FREIGHT,SEC_002,2026-09-16 05:40:00,2026-09-16 05:50:00,UP,LOW,TRUE,SCHEDULED,1.000,PLANNED
MOV_000080,SYN_TRAIN_0080,PASSENGER,SEC_008,2026-09-16 18:45:00,2026-09-16 18:53:00,UP,HIGH,FALSE,SCHEDULED,1.000,PLANNED
MOV_000081,SYN_TRAIN_0081,MAINTENANCE,SEC_007,2026-09-15 20:10:00,2026-09-15 20:22:00,DOWN,HIGH,FALSE,SCHEDULED,1.000,PLANNED
MOV_000082,SYN_TRAIN_0082,FREIGHT,SEC_006,2026-09-18 17:15:00,2026-09-18 17:40:00,UP,LOW,TRUE,SCHEDULED,1.000,PLANNED
MOV_000083,SYN_TRAIN_0083,FREIGHT,SEC_010,2026-09-16 04:25:00,2026-09-16 04:55:00,UP,HIGH,TRUE,SCHEDULED,1.000,PLANNED
MOV_000084,SYN_TRAIN_0084,FREIGHT,SEC_006,2026-09-18 13:20:00,2026-09-18 13:32:00,DOWN,MEDIUM,TRUE,SCHEDULED,1.000,PLANNED
MOV_000085,SYN_TRAIN_0085,PASSENGER,SEC_008,2026-09-18 19:15:00,2026-09-18 19:40:00,DOWN,MEDIUM,FALSE,SCHEDULED,1.000,PLANNED
MOV_000086,SYN_TRAIN_0086,PASSENGER,SEC_009,2026-09-15 20:15:00,2026-09-15 20:27:00,UP,LOW,FALSE,SCHEDULED,1.000,PLANNED
MOV_000087,SYN_TRAIN_0087,PASSENGER,SEC_009,2026-09-20 22:45:00,2026-09-20 23:15:00,UP,LOW,FALSE,SCHEDULED,1.000,PLANNED
MOV_000088,SYN_TRAIN_0088,EXPRESS,SEC_007,2026-09-17 20:05:00,2026-09-17 20:30:00,DOWN,HIGH,FALSE,SCHEDULED,1.000,PLANNED
MOV_000089,SYN_TRAIN_0089,OTHER,SEC_010,2026-09-15 18:45:00,2026-09-15 18:57:00,UP,LOW,FALSE,SCHEDULED,1.000,PLANNED
MOV_000090,SYN_TRAIN_0090,EXPRESS,SEC_001,2026-09-18 01:50:00,2026-09-18 02:02:00,DOWN,MEDIUM,FALSE,SCHEDULED,1.000,PLANNED
MOV_000091,SYN_TRAIN_0091,EXPRESS,SEC_002,2026-09-20 00:50:00,2026-09-20 01:02:00,UP,MEDIUM,FALSE,SCHEDULED,1.000,PLANNED
MOV_000092,SYN_TRAIN_0092,PASSENGER,SEC_006,2026-09-19 00:55:00,2026-09-19 01:20:00,UP,HIGH,FALSE,SCHEDULED,1.000,PLANNED
MOV_000093,SYN_TRAIN_0093,FREIGHT,SEC_004,2026-09-18 05:55:00,2026-09-18 06:25:00,DOWN,LOW,TRUE,SCHEDULED,1.000,PLANNED
MOV_000094,SYN_TRAIN_0094,PASSENGER,SEC_005,2026-09-17 05:50:00,2026-09-17 06:02:00,UP,MEDIUM,FALSE,SCHEDULED,1.000,PLANNED
MOV_000095,SYN_TRAIN_0095,FREIGHT,SEC_006,2026-09-15 08:55:00,2026-09-15 09:07:00,DOWN,MEDIUM,TRUE,SCHEDULED,1.000,PLANNED
MOV_000096,SYN_TRAIN_0096,PASSENGER,SEC_002,2026-09-18 04:20:00,2026-09-18 04:25:00,UP,LOW,FALSE,SCHEDULED,1.000,PLANNED
MOV_000097,SYN_TRAIN_0097,EXPRESS,SEC_006,2026-09-16 02:15:00,2026-09-16 02:25:00,DOWN,MEDIUM,FALSE,SCHEDULED,1.000,PLANNED
MOV_000098,SYN_TRAIN_0098,FREIGHT,SEC_006,2026-09-18 09:05:00,2026-09-18 09:25:00,UP,HIGH,TRUE,SCHEDULED,1.000,PLANNED
MOV_000099,SYN_TRAIN_0099,PASSENGER,SEC_002,2026-09-16 02:50:00,2026-09-16 02:58:00,DOWN,HIGH,FALSE,SCHEDULED,1.000,PLANNED
MOV_000100,SYN_TRAIN_0100,PASSENGER,SEC_010,2026-09-16 21:15:00,2026-09-16 21:30:00,UP,HIGH,FALSE,SCHEDULED,1.000,PLANNED
MOV_000101,SYN_TRAIN_0101,EXPRESS,SEC_010,2026-09-16 20:35:00,2026-09-16 20:50:00,UP,HIGH,FALSE,SCHEDULED,1.000,PLANNED
MOV_000102,SYN_TRAIN_0102,PASSENGER,SEC_001,2026-09-16 21:30:00,2026-09-16 21:42:00,DOWN,MEDIUM,FALSE,SCHEDULED,1.000,PLANNED
MOV_000103,SYN_TRAIN_0103,OTHER,SEC_004,2026-09-16 14:25:00,2026-09-16 14:50:00,DOWN,LOW,FALSE,SCHEDULED,1.000,PLANNED
MOV_000104,SYN_TRAIN_0104,EXPRESS,SEC_005,2026-09-16 14:20:00,2026-09-16 14:45:00,UP,MEDIUM,FALSE,SCHEDULED,1.000,PLANNED
MOV_000105,SYN_TRAIN_0105,PASSENGER,SEC_007,2026-09-17 23:20:00,2026-09-17 23:32:00,UP,MEDIUM,FALSE,SCHEDULED,1.000,PLANNED
MOV_000106,SYN_TRAIN_0106,PASSENGER,SEC_002,2026-09-20 18:05:00,2026-09-20 18:35:00,DOWN,HIGH,FALSE,SCHEDULED,1.000,PLANNED
MOV_000107,SYN_TRAIN_0107,MAINTENANCE,SEC_008,2026-09-18 11:05:00,2026-09-18 11:13:00,UP,LOW,FALSE,SCHEDULED,1.000,PLANNED
MOV_000108,SYN_TRAIN_0108,FREIGHT,SEC_002,2026-09-20 09:40:00,2026-09-20 09:48:00,DOWN,MEDIUM,TRUE,SCHEDULED,1.000,PLANNED
MOV_000109,SYN_TRAIN_0109,PASSENGER,SEC_002,2026-09-19 05:05:00,2026-09-19 05:30:00,UP,HIGH,FALSE,SCHEDULED,1.000,PLANNED
MOV_000110,SYN_TRAIN_0110,PASSENGER,SEC_010,2026-09-19 16:50:00,2026-09-19 16:58:00,DOWN,HIGH,FALSE,SCHEDULED,1.000,PLANNED
MOV_000111,SYN_TRAIN_0111,FREIGHT,SEC_002,2026-09-14 16:25:00,2026-09-14 16:50:00,UP,HIGH,TRUE,SCHEDULED,1.000,PLANNED
MOV_000112,SYN_TRAIN_0112,EXPRESS,SEC_008,2026-09-15 20:10:00,2026-09-15 20:35:00,DOWN,MEDIUM,FALSE,SCHEDULED,1.000,PLANNED
MOV_000113,SYN_TRAIN_0113,PASSENGER,SEC_006,2026-09-20 12:50:00,2026-09-20 12:58:00,UP,MEDIUM,FALSE,SCHEDULED,1.000,PLANNED
MOV_000114,SYN_TRAIN_0114,EXPRESS,SEC_006,2026-09-16 04:40:00,2026-09-16 05:10:00,DOWN,MEDIUM,FALSE,SCHEDULED,1.000,PLANNED
MOV_000115,SYN_TRAIN_0115,EXPRESS,SEC_009,2026-09-19 21:05:00,2026-09-19 21:25:00,DOWN,HIGH,FALSE,SCHEDULED,1.000,PLANNED
MOV_000116,SYN_TRAIN_0116,PASSENGER,SEC_007,2026-09-14 20:40:00,2026-09-14 20:48:00,DOWN,MEDIUM,FALSE,SCHEDULED,1.000,PLANNED
MOV_000117,SYN_TRAIN_0117,PASSENGER,SEC_005,2026-09-16 13:45:00,2026-09-16 14:05:00,UP,MEDIUM,FALSE,SCHEDULED,1.000,PLANNED
MOV_000118,SYN_TRAIN_0118,PASSENGER,SEC_007,2026-09-18 05:10:00,2026-09-18 05:22:00,UP,HIGH,FALSE,SCHEDULED,1.000,PLANNED
MOV_000119,SYN_TRAIN_0119,FREIGHT,SEC_007,2026-09-16 01:55:00,2026-09-16 02:20:00,UP,HIGH,TRUE,SCHEDULED,1.000,PLANNED
MOV_000120,SYN_TRAIN_0120,EXPRESS,SEC_001,2026-09-15 12:50:00,2026-09-15 13:15:00,DOWN,LOW,FALSE,SCHEDULED,1.000,PLANNED
MOV_000121,SYN_TRAIN_0121,FREIGHT,SEC_001,2026-09-17 17:05:00,2026-09-17 17:13:00,DOWN,LOW,TRUE,SCHEDULED,1.000,PLANNED
MOV_000122,SYN_TRAIN_0122,PASSENGER,SEC_009,2026-09-19 13:55:00,2026-09-19 14:07:00,DOWN,MEDIUM,FALSE,SCHEDULED,1.000,PLANNED
MOV_000123,SYN_TRAIN_0123,PASSENGER,SEC_010,2026-09-16 19:10:00,2026-09-16 19:35:00,UP,LOW,FALSE,SCHEDULED,1.000,PLANNED
MOV_000124,SYN_TRAIN_0124,PASSENGER,SEC_001,2026-09-16 12:10:00,2026-09-16 12:22:00,UP,HIGH,FALSE,SCHEDULED,1.000,PLANNED
MOV_000125,SYN_TRAIN_0125,EXPRESS,SEC_009,2026-09-16 05:45:00,2026-09-16 06:00:00,UP,LOW,FALSE,SCHEDULED,1.000,PLANNED
MOV_000126,SYN_TRAIN_0126,PASSENGER,SEC_006,2026-09-17 13:35:00,2026-09-17 14:00:00,UP,LOW,FALSE,SCHEDULED,1.000,PLANNED
MOV_000127,SYN_TRAIN_0127,PASSENGER,SEC_001,2026-09-20 17:45:00,2026-09-20 18:00:00,DOWN,MEDIUM,FALSE,SCHEDULED,1.000,PLANNED
MOV_000128,SYN_TRAIN_0128,FREIGHT,SEC_001,2026-09-16 08:20:00,2026-09-16 08:25:00,DOWN,MEDIUM,TRUE,SCHEDULED,1.000,PLANNED
MOV_000129,SYN_TRAIN_0129,PASSENGER,SEC_007,2026-09-15 06:00:00,2026-09-15 06:08:00,UP,LOW,FALSE,SCHEDULED,1.000,PLANNED
MOV_000130,SYN_TRAIN_0130,EXPRESS,SEC_010,2026-09-14 04:05:00,2026-09-14 04:13:00,DOWN,LOW,FALSE,SCHEDULED,1.000,PLANNED
MOV_000131,SYN_TRAIN_0131,PASSENGER,SEC_007,2026-09-19 11:25:00,2026-09-19 11:33:00,UP,LOW,FALSE,SCHEDULED,1.000,PLANNED
MOV_000132,SYN_TRAIN_0132,FREIGHT,SEC_003,2026-09-15 20:20:00,2026-09-15 20:25:00,DOWN,HIGH,TRUE,SCHEDULED,1.000,PLANNED
MOV_000133,SYN_TRAIN_0133,PASSENGER,SEC_008,2026-09-14 13:05:00,2026-09-14 13:10:00,DOWN,HIGH,FALSE,SCHEDULED,1.000,PLANNED
MOV_000134,SYN_TRAIN_0134,OTHER,SEC_006,2026-09-17 04:20:00,2026-09-17 04:25:00,DOWN,MEDIUM,FALSE,SCHEDULED,1.000,PLANNED
MOV_000135,SYN_TRAIN_0135,PASSENGER,SEC_008,2026-09-15 14:25:00,2026-09-15 14:30:00,DOWN,HIGH,FALSE,SCHEDULED,1.000,PLANNED
MOV_000136,SYN_TRAIN_0136,FREIGHT,SEC_004,2026-09-20 06:35:00,2026-09-20 06:55:00,DOWN,LOW,TRUE,SCHEDULED,1.000,PLANNED
MOV_000137,SYN_TRAIN_0137,PASSENGER,SEC_002,2026-09-19 14:30:00,2026-09-19 14:35:00,UP,HIGH,FALSE,SCHEDULED,1.000,PLANNED
MOV_000138,SYN_TRAIN_0138,PASSENGER,SEC_009,2026-09-15 12:35:00,2026-09-15 12:40:00,UP,HIGH,FALSE,SCHEDULED,1.000,PLANNED
MOV_000139,SYN_TRAIN_0139,PASSENGER,SEC_006,2026-09-20 08:45:00,2026-09-20 08:53:00,UP,HIGH,FALSE,SCHEDULED,1.000,PLANNED
MOV_000140,SYN_TRAIN_0140,EXPRESS,SEC_004,2026-09-14 13:05:00,2026-09-14 13:30:00,UP,LOW,FALSE,SCHEDULED,1.000,PLANNED
MOV_000141,SYN_TRAIN_0141,PASSENGER,SEC_007,2026-09-18 22:40:00,2026-09-18 22:48:00,DOWN,HIGH,FALSE,SCHEDULED,1.000,PLANNED
MOV_000142,SYN_TRAIN_0142,FREIGHT,SEC_001,2026-09-16 02:30:00,2026-09-16 02:42:00,UP,MEDIUM,TRUE,SCHEDULED,1.000,PLANNED
MOV_000143,SYN_TRAIN_0143,PASSENGER,SEC_008,2026-09-18 19:40:00,2026-09-18 19:45:00,DOWN,LOW,FALSE,SCHEDULED,1.000,PLANNED
MOV_000144,SYN_TRAIN_0144,PASSENGER,SEC_003,2026-09-14 02:05:00,2026-09-14 02:15:00,DOWN,LOW,FALSE,SCHEDULED,1.000,PLANNED
MOV_000145,SYN_TRAIN_0145,PASSENGER,SEC_005,2026-09-20 17:15:00,2026-09-20 17:23:00,UP,LOW,FALSE,SCHEDULED,1.000,PLANNED
MOV_000146,SYN_TRAIN_0146,PASSENGER,SEC_002,2026-09-19 13:40:00,2026-09-19 14:05:00,UP,LOW,FALSE,SCHEDULED,1.000,PLANNED
MOV_000147,SYN_TRAIN_0147,FREIGHT,SEC_002,2026-09-18 03:05:00,2026-09-18 03:20:00,DOWN,LOW,TRUE,SCHEDULED,1.000,PLANNED
MOV_000148,SYN_TRAIN_0148,EXPRESS,SEC_010,2026-09-20 07:55:00,2026-09-20 08:00:00,DOWN,LOW,FALSE,SCHEDULED,1.000,PLANNED
MOV_000149,SYN_TRAIN_0149,EXPRESS,SEC_001,2026-09-17 00:40:00,2026-09-17 00:55:00,UP,MEDIUM,FALSE,SCHEDULED,1.000,PLANNED
MOV_000150,SYN_TRAIN_0150,PASSENGER,SEC_005,2026-09-14 15:35:00,2026-09-14 15:55:00,UP,LOW,FALSE,SCHEDULED,1.000,PLANNED
MOV_000151,SYN_TRAIN_0151,MAINTENANCE,SEC_002,2026-09-19 04:50:00,2026-09-19 04:58:00,DOWN,MEDIUM,FALSE,SCHEDULED,1.000,PLANNED
MOV_000152,SYN_TRAIN_0152,PASSENGER,SEC_005,2026-09-16 16:45:00,2026-09-16 16:55:00,UP,LOW,FALSE,SCHEDULED,1.000,PLANNED
MOV_000153,SYN_TRAIN_0153,MAINTENANCE,SEC_004,2026-09-16 19:10:00,2026-09-16 19:35:00,UP,LOW,FALSE,SCHEDULED,1.000,PLANNED
MOV_000154,SYN_TRAIN_0154,PASSENGER,SEC_006,2026-09-17 18:15:00,2026-09-17 18:25:00,UP,HIGH,FALSE,SCHEDULED,1.000,PLANNED
MOV_000155,SYN_TRAIN_0155,EXPRESS,SEC_006,2026-09-18 07:00:00,2026-09-18 07:12:00,UP,HIGH,FALSE,SCHEDULED,1.000,PLANNED
MOV_000156,SYN_TRAIN_0156,PASSENGER,SEC_001,2026-09-17 11:45:00,2026-09-17 11:55:00,DOWN,MEDIUM,FALSE,SCHEDULED,1.000,PLANNED
MOV_000157,SYN_TRAIN_0157,PASSENGER,SEC_010,2026-09-20 05:00:00,2026-09-20 05:25:00,UP,LOW,FALSE,SCHEDULED,1.000,PLANNED
MOV_000158,SYN_TRAIN_0158,EXPRESS,SEC_007,2026-09-18 08:55:00,2026-09-18 09:15:00,DOWN,LOW,FALSE,SCHEDULED,1.000,PLANNED
MOV_000159,SYN_TRAIN_0159,OTHER,SEC_001,2026-09-19 18:30:00,2026-09-19 18:38:00,UP,LOW,FALSE,SCHEDULED,1.000,PLANNED
MOV_000160,SYN_TRAIN_0160,PASSENGER,SEC_005,2026-09-20 18:50:00,2026-09-20 19:10:00,UP,MEDIUM,FALSE,SCHEDULED,1.000,PLANNED
MOV_000161,SYN_TRAIN_0001,PASSENGER,SEC_004,2026-09-17 15:45:00,2026-09-17 16:00:00,UP,HIGH,FALSE,SCHEDULED,1.000,PLANNED
MOV_000162,SYN_TRAIN_0002,MAINTENANCE,SEC_004,2026-09-20 20:15:00,2026-09-20 20:23:00,DOWN,HIGH,FALSE,SCHEDULED,1.000,PLANNED
MOV_000163,SYN_TRAIN_0003,FREIGHT,SEC_006,2026-09-16 06:15:00,2026-09-16 06:20:00,DOWN,MEDIUM,TRUE,SCHEDULED,1.000,PLANNED
MOV_000164,SYN_TRAIN_0004,MAINTENANCE,SEC_007,2026-09-17 18:55:00,2026-09-17 19:07:00,DOWN,HIGH,FALSE,SCHEDULED,1.000,PLANNED
MOV_000165,SYN_TRAIN_0005,EXPRESS,SEC_008,2026-09-20 07:40:00,2026-09-20 07:55:00,DOWN,MEDIUM,FALSE,SCHEDULED,1.000,PLANNED
MOV_000166,SYN_TRAIN_0006,PASSENGER,SEC_003,2026-09-15 14:35:00,2026-09-15 15:05:00,UP,LOW,FALSE,SCHEDULED,1.000,PLANNED
MOV_000167,SYN_TRAIN_0007,PASSENGER,SEC_005,2026-09-16 23:55:00,2026-09-17 00:07:00,DOWN,LOW,FALSE,SCHEDULED,1.000,PLANNED
MOV_000168,SYN_TRAIN_0008,OTHER,SEC_006,2026-09-16 15:50:00,2026-09-16 15:58:00,UP,LOW,FALSE,SCHEDULED,1.000,PLANNED
MOV_000169,SYN_TRAIN_0009,PASSENGER,SEC_003,2026-09-17 09:25:00,2026-09-17 09:40:00,DOWN,LOW,FALSE,SCHEDULED,1.000,PLANNED
MOV_000170,SYN_TRAIN_0010,FREIGHT,SEC_004,2026-09-18 19:35:00,2026-09-18 19:50:00,UP,HIGH,TRUE,SCHEDULED,1.000,PLANNED
MOV_000171,SYN_TRAIN_0011,PASSENGER,SEC_007,2026-09-15 09:55:00,2026-09-15 10:20:00,UP,HIGH,FALSE,SCHEDULED,1.000,PLANNED
MOV_000172,SYN_TRAIN_0012,PASSENGER,SEC_004,2026-09-15 08:30:00,2026-09-15 08:45:00,UP,LOW,FALSE,SCHEDULED,1.000,PLANNED
MOV_000173,SYN_TRAIN_0013,PASSENGER,SEC_004,2026-09-17 06:50:00,2026-09-17 07:02:00,DOWN,MEDIUM,FALSE,SCHEDULED,1.000,PLANNED
MOV_000174,SYN_TRAIN_0014,EXPRESS,SEC_003,2026-09-14 17:50:00,2026-09-14 18:02:00,UP,LOW,FALSE,SCHEDULED,1.000,PLANNED
MOV_000175,SYN_TRAIN_0015,EXPRESS,SEC_005,2026-09-16 08:00:00,2026-09-16 08:05:00,UP,LOW,FALSE,SCHEDULED,1.000,PLANNED
MOV_000176,SYN_TRAIN_0016,PASSENGER,SEC_008,2026-09-20 17:40:00,2026-09-20 17:55:00,UP,LOW,FALSE,SCHEDULED,1.000,PLANNED
MOV_000177,SYN_TRAIN_0017,PASSENGER,SEC_007,2026-09-14 12:00:00,2026-09-14 12:20:00,DOWN,MEDIUM,FALSE,SCHEDULED,1.000,PLANNED
MOV_000178,SYN_TRAIN_0018,PASSENGER,SEC_005,2026-09-16 06:10:00,2026-09-16 06:22:00,DOWN,HIGH,FALSE,SCHEDULED,1.000,PLANNED
MOV_000179,SYN_TRAIN_0019,PASSENGER,SEC_007,2026-09-17 00:35:00,2026-09-17 00:40:00,DOWN,HIGH,FALSE,SCHEDULED,1.000,PLANNED
MOV_000180,SYN_TRAIN_0020,PASSENGER,SEC_005,2026-09-20 05:20:00,2026-09-20 05:45:00,UP,MEDIUM,FALSE,SCHEDULED,1.000,PLANNED
MOV_000181,SYN_TRAIN_0021,PASSENGER,SEC_005,2026-09-20 09:05:00,2026-09-20 09:25:00,DOWN,LOW,FALSE,SCHEDULED,1.000,PLANNED
MOV_000182,SYN_TRAIN_0022,OTHER,SEC_006,2026-09-17 22:25:00,2026-09-17 22:30:00,DOWN,LOW,FALSE,SCHEDULED,1.000,PLANNED
MOV_000183,SYN_TRAIN_0023,EXPRESS,SEC_003,2026-09-20 04:00:00,2026-09-20 04:08:00,DOWN,HIGH,FALSE,SCHEDULED,1.000,PLANNED
MOV_000184,SYN_TRAIN_0024,PASSENGER,SEC_010,2026-09-19 08:55:00,2026-09-19 09:15:00,DOWN,HIGH,FALSE,SCHEDULED,1.000,PLANNED
MOV_000185,SYN_TRAIN_0025,MAINTENANCE,SEC_004,2026-09-16 17:05:00,2026-09-16 17:30:00,UP,HIGH,FALSE,SCHEDULED,1.000,PLANNED
MOV_000186,SYN_TRAIN_0026,EXPRESS,SEC_004,2026-09-20 18:55:00,2026-09-20 19:10:00,UP,HIGH,FALSE,SCHEDULED,1.000,PLANNED
MOV_000187,SYN_TRAIN_0027,PASSENGER,SEC_005,2026-09-16 07:35:00,2026-09-16 08:00:00,DOWN,MEDIUM,FALSE,SCHEDULED,1.000,PLANNED
MOV_000188,SYN_TRAIN_0028,FREIGHT,SEC_001,2026-09-19 22:20:00,2026-09-19 22:45:00,UP,HIGH,TRUE,SCHEDULED,1.000,PLANNED
MOV_000189,SYN_TRAIN_0029,PASSENGER,SEC_001,2026-09-20 18:20:00,2026-09-20 18:25:00,DOWN,MEDIUM,FALSE,SCHEDULED,1.000,PLANNED
MOV_000190,SYN_TRAIN_0030,MAINTENANCE,SEC_008,2026-09-20 05:20:00,2026-09-20 05:50:00,UP,MEDIUM,FALSE,SCHEDULED,1.000,PLANNED
MOV_000191,SYN_TRAIN_0031,PASSENGER,SEC_002,2026-09-16 11:00:00,2026-09-16 11:12:00,DOWN,MEDIUM,FALSE,SCHEDULED,1.000,PLANNED
MOV_000192,SYN_TRAIN_0032,EXPRESS,SEC_002,2026-09-19 05:20:00,2026-09-19 05:40:00,DOWN,MEDIUM,FALSE,SCHEDULED,1.000,PLANNED
MOV_000193,SYN_TRAIN_0033,EXPRESS,SEC_010,2026-09-17 09:00:00,2026-09-17 09:20:00,DOWN,HIGH,FALSE,SCHEDULED,1.000,PLANNED
MOV_000194,SYN_TRAIN_0034,OTHER,SEC_008,2026-09-15 01:25:00,2026-09-15 01:50:00,UP,HIGH,FALSE,SCHEDULED,1.000,PLANNED
MOV_000195,SYN_TRAIN_0035,PASSENGER,SEC_008,2026-09-18 19:50:00,2026-09-18 20:15:00,DOWN,HIGH,FALSE,SCHEDULED,1.000,PLANNED
MOV_000196,SYN_TRAIN_0036,FREIGHT,SEC_004,2026-09-17 21:25:00,2026-09-17 21:50:00,DOWN,MEDIUM,TRUE,SCHEDULED,1.000,PLANNED
MOV_000197,SYN_TRAIN_0037,FREIGHT,SEC_006,2026-09-19 10:50:00,2026-09-19 11:10:00,UP,MEDIUM,TRUE,SCHEDULED,1.000,PLANNED
MOV_000198,SYN_TRAIN_0038,FREIGHT,SEC_001,2026-09-17 05:00:00,2026-09-17 05:05:00,DOWN,MEDIUM,TRUE,SCHEDULED,1.000,PLANNED
MOV_000199,SYN_TRAIN_0039,PASSENGER,SEC_008,2026-09-19 18:10:00,2026-09-19 18:30:00,DOWN,LOW,FALSE,SCHEDULED,1.000,PLANNED
MOV_000200,SYN_TRAIN_0040,PASSENGER,SEC_010,2026-09-14 14:30:00,2026-09-14 14:55:00,DOWN,LOW,FALSE,SCHEDULED,1.000,PLANNED
MOV_000201,SYN_TRAIN_0041,EXPRESS,SEC_007,2026-09-20 12:30:00,2026-09-20 12:40:00,UP,LOW,FALSE,SCHEDULED,1.000,PLANNED
MOV_000202,SYN_TRAIN_0042,EXPRESS,SEC_008,2026-09-14 21:30:00,2026-09-14 21:38:00,DOWN,LOW,FALSE,SCHEDULED,1.000,PLANNED
MOV_000203,SYN_TRAIN_0043,OTHER,SEC_008,2026-09-17 06:30:00,2026-09-17 06:38:00,DOWN,LOW,FALSE,SCHEDULED,1.000,PLANNED
MOV_000204,SYN_TRAIN_0044,PASSENGER,SEC_006,2026-09-14 01:35:00,2026-09-14 02:05:00,UP,LOW,FALSE,SCHEDULED,1.000,PLANNED
MOV_000205,SYN_TRAIN_0045,PASSENGER,SEC_001,2026-09-14 09:25:00,2026-09-14 09:45:00,UP,HIGH,FALSE,SCHEDULED,1.000,PLANNED
MOV_000206,SYN_TRAIN_0046,PASSENGER,SEC_001,2026-09-18 14:35:00,2026-09-18 14:43:00,DOWN,MEDIUM,FALSE,SCHEDULED,1.000,PLANNED
MOV_000207,SYN_TRAIN_0047,FREIGHT,SEC_009,2026-09-20 05:30:00,2026-09-20 05:35:00,DOWN,MEDIUM,TRUE,SCHEDULED,1.000,PLANNED
MOV_000208,SYN_TRAIN_0048,EXPRESS,SEC_002,2026-09-14 16:55:00,2026-09-14 17:20:00,DOWN,MEDIUM,FALSE,SCHEDULED,1.000,PLANNED
MOV_000209,SYN_TRAIN_0049,PASSENGER,SEC_007,2026-09-16 10:45:00,2026-09-16 11:15:00,UP,HIGH,FALSE,SCHEDULED,1.000,PLANNED
MOV_000210,SYN_TRAIN_0050,PASSENGER,SEC_007,2026-09-19 13:10:00,2026-09-19 13:22:00,DOWN,HIGH,FALSE,SCHEDULED,1.000,PLANNED
MOV_000211,SYN_TRAIN_0051,OTHER,SEC_001,2026-09-14 22:05:00,2026-09-14 22:20:00,DOWN,MEDIUM,FALSE,SCHEDULED,1.000,PLANNED
MOV_000212,SYN_TRAIN_0052,FREIGHT,SEC_005,2026-09-16 18:25:00,2026-09-16 18:30:00,UP,MEDIUM,TRUE,SCHEDULED,1.000,PLANNED
MOV_000213,SYN_TRAIN_0053,MAINTENANCE,SEC_002,2026-09-14 02:10:00,2026-09-14 02:22:00,UP,MEDIUM,FALSE,SCHEDULED,1.000,PLANNED
MOV_000214,SYN_TRAIN_0054,EXPRESS,SEC_008,2026-09-16 09:05:00,2026-09-16 09:10:00,DOWN,MEDIUM,FALSE,SCHEDULED,1.000,PLANNED
MOV_000215,SYN_TRAIN_0055,PASSENGER,SEC_001,2026-09-15 04:25:00,2026-09-15 04:30:00,UP,LOW,FALSE,SCHEDULED,1.000,PLANNED
MOV_000216,SYN_TRAIN_0056,EXPRESS,SEC_008,2026-09-15 17:15:00,2026-09-15 17:23:00,DOWN,HIGH,FALSE,SCHEDULED,1.000,PLANNED
MOV_000217,SYN_TRAIN_0057,PASSENGER,SEC_007,2026-09-17 06:30:00,2026-09-17 06:55:00,DOWN,HIGH,FALSE,SCHEDULED,1.000,PLANNED
MOV_000218,SYN_TRAIN_0058,PASSENGER,SEC_002,2026-09-18 16:00:00,2026-09-18 16:25:00,DOWN,LOW,FALSE,SCHEDULED,1.000,PLANNED
MOV_000219,SYN_TRAIN_0059,FREIGHT,SEC_004,2026-09-15 19:50:00,2026-09-15 19:55:00,UP,MEDIUM,TRUE,SCHEDULED,1.000,PLANNED
MOV_000220,SYN_TRAIN_0060,EXPRESS,SEC_010,2026-09-15 11:45:00,2026-09-15 12:00:00,UP,LOW,FALSE,SCHEDULED,1.000,PLANNED
MOV_000221,SYN_TRAIN_0061,PASSENGER,SEC_007,2026-09-15 17:35:00,2026-09-15 17:47:00,DOWN,LOW,FALSE,SCHEDULED,1.000,PLANNED
MOV_000222,SYN_TRAIN_0062,EXPRESS,SEC_003,2026-09-18 00:15:00,2026-09-18 00:30:00,DOWN,MEDIUM,FALSE,SCHEDULED,1.000,PLANNED
MOV_000223,SYN_TRAIN_0063,FREIGHT,SEC_005,2026-09-19 09:50:00,2026-09-19 10:05:00,DOWN,MEDIUM,TRUE,SCHEDULED,1.000,PLANNED
MOV_000224,SYN_TRAIN_0064,EXPRESS,SEC_005,2026-09-16 08:35:00,2026-09-16 08:47:00,UP,HIGH,FALSE,SCHEDULED,1.000,PLANNED
MOV_000225,SYN_TRAIN_0065,PASSENGER,SEC_004,2026-09-17 15:45:00,2026-09-17 15:55:00,DOWN,LOW,FALSE,SCHEDULED,1.000,PLANNED
MOV_000226,SYN_TRAIN_0066,FREIGHT,SEC_003,2026-09-14 07:40:00,2026-09-14 08:00:00,DOWN,MEDIUM,TRUE,SCHEDULED,1.000,PLANNED
MOV_000227,SYN_TRAIN_0067,EXPRESS,SEC_003,2026-09-16 13:15:00,2026-09-16 13:45:00,UP,HIGH,FALSE,SCHEDULED,1.000,PLANNED
MOV_000228,SYN_TRAIN_0068,FREIGHT,SEC_002,2026-09-17 11:50:00,2026-09-17 11:55:00,DOWN,LOW,TRUE,SCHEDULED,1.000,PLANNED
MOV_000229,SYN_TRAIN_0069,PASSENGER,SEC_003,2026-09-14 18:05:00,2026-09-14 18:25:00,DOWN,MEDIUM,FALSE,SCHEDULED,1.000,PLANNED
MOV_000230,SYN_TRAIN_0070,EXPRESS,SEC_009,2026-09-14 02:25:00,2026-09-14 02:40:00,UP,LOW,FALSE,SCHEDULED,1.000,PLANNED
MOV_000231,SYN_TRAIN_0071,EXPRESS,SEC_009,2026-09-20 12:45:00,2026-09-20 12:57:00,DOWN,MEDIUM,FALSE,SCHEDULED,1.000,PLANNED
MOV_000232,SYN_TRAIN_0072,EXPRESS,SEC_008,2026-09-18 08:25:00,2026-09-18 08:33:00,UP,HIGH,FALSE,SCHEDULED,1.000,PLANNED
MOV_000233,SYN_TRAIN_0073,PASSENGER,SEC_003,2026-09-14 11:55:00,2026-09-14 12:03:00,DOWN,LOW,FALSE,SCHEDULED,1.000,PLANNED
MOV_000234,SYN_TRAIN_0074,PASSENGER,SEC_005,2026-09-16 18:05:00,2026-09-16 18:10:00,UP,HIGH,FALSE,SCHEDULED,1.000,PLANNED
MOV_000235,SYN_TRAIN_0075,FREIGHT,SEC_003,2026-09-20 06:35:00,2026-09-20 06:43:00,UP,MEDIUM,TRUE,SCHEDULED,1.000,PLANNED
MOV_000236,SYN_TRAIN_0076,FREIGHT,SEC_004,2026-09-14 17:30:00,2026-09-14 17:45:00,UP,HIGH,TRUE,SCHEDULED,1.000,PLANNED
MOV_000237,SYN_TRAIN_0077,PASSENGER,SEC_008,2026-09-17 06:45:00,2026-09-17 06:57:00,DOWN,HIGH,FALSE,SCHEDULED,1.000,PLANNED
MOV_000238,SYN_TRAIN_0078,FREIGHT,SEC_006,2026-09-16 15:15:00,2026-09-16 15:35:00,DOWN,LOW,TRUE,SCHEDULED,1.000,PLANNED
MOV_000239,SYN_TRAIN_0079,PASSENGER,SEC_001,2026-09-19 16:10:00,2026-09-19 16:22:00,UP,LOW,FALSE,SCHEDULED,1.000,PLANNED
MOV_000240,SYN_TRAIN_0080,EXPRESS,SEC_008,2026-09-19 04:45:00,2026-09-19 05:05:00,DOWN,MEDIUM,FALSE,SCHEDULED,1.000,PLANNED
MOV_000241,SYN_TRAIN_0081,FREIGHT,SEC_006,2026-09-14 14:00:00,2026-09-14 14:20:00,DOWN,HIGH,TRUE,SCHEDULED,1.000,PLANNED
MOV_000242,SYN_TRAIN_0082,FREIGHT,SEC_005,2026-09-19 20:05:00,2026-09-19 20:20:00,DOWN,HIGH,TRUE,SCHEDULED,1.000,PLANNED
MOV_000243,SYN_TRAIN_0083,FREIGHT,SEC_010,2026-09-20 18:05:00,2026-09-20 18:20:00,UP,MEDIUM,TRUE,SCHEDULED,1.000,PLANNED
MOV_000244,SYN_TRAIN_0084,FREIGHT,SEC_002,2026-09-17 17:55:00,2026-09-17 18:03:00,DOWN,HIGH,TRUE,SCHEDULED,1.000,PLANNED
MOV_000245,SYN_TRAIN_0085,FREIGHT,SEC_003,2026-09-19 00:35:00,2026-09-19 00:55:00,UP,HIGH,TRUE,SCHEDULED,1.000,PLANNED
MOV_000246,SYN_TRAIN_0086,PASSENGER,SEC_001,2026-09-16 03:00:00,2026-09-16 03:30:00,UP,MEDIUM,FALSE,SCHEDULED,1.000,PLANNED
MOV_000247,SYN_TRAIN_0087,PASSENGER,SEC_010,2026-09-14 09:55:00,2026-09-14 10:10:00,DOWN,HIGH,FALSE,SCHEDULED,1.000,PLANNED
MOV_000248,SYN_TRAIN_0088,PASSENGER,SEC_005,2026-09-19 12:25:00,2026-09-19 12:33:00,UP,LOW,FALSE,SCHEDULED,1.000,PLANNED
MOV_000249,SYN_TRAIN_0089,FREIGHT,SEC_006,2026-09-18 18:35:00,2026-09-18 19:05:00,DOWN,MEDIUM,TRUE,SCHEDULED,1.000,PLANNED
MOV_000250,SYN_TRAIN_0090,FREIGHT,SEC_008,2026-09-19 07:40:00,2026-09-19 07:55:00,DOWN,MEDIUM,TRUE,SCHEDULED,1.000,PLANNED
MOV_000251,SYN_TRAIN_0091,FREIGHT,SEC_005,2026-09-17 03:45:00,2026-09-17 04:10:00,DOWN,HIGH,TRUE,SCHEDULED,1.000,PLANNED
MOV_000252,SYN_TRAIN_0092,EXPRESS,SEC_007,2026-09-17 16:40:00,2026-09-17 17:00:00,UP,MEDIUM,FALSE,SCHEDULED,1.000,PLANNED
MOV_000253,SYN_TRAIN_0093,OTHER,SEC_010,2026-09-17 06:20:00,2026-09-17 06:45:00,UP,MEDIUM,FALSE,SCHEDULED,1.000,PLANNED
MOV_000254,SYN_TRAIN_0094,FREIGHT,SEC_007,2026-09-15 05:15:00,2026-09-15 05:30:00,DOWN,HIGH,TRUE,SCHEDULED,1.000,PLANNED
MOV_000255,SYN_TRAIN_0095,PASSENGER,SEC_005,2026-09-14 06:25:00,2026-09-14 06:30:00,UP,HIGH,FALSE,SCHEDULED,1.000,PLANNED
MOV_000256,SYN_TRAIN_0096,FREIGHT,SEC_009,2026-09-17 07:45:00,2026-09-17 08:00:00,UP,HIGH,TRUE,SCHEDULED,1.000,PLANNED
MOV_000257,SYN_TRAIN_0097,EXPRESS,SEC_003,2026-09-17 11:10:00,2026-09-17 11:22:00,DOWN,HIGH,FALSE,SCHEDULED,1.000,PLANNED
MOV_000258,SYN_TRAIN_0098,FREIGHT,SEC_005,2026-09-19 10:30:00,2026-09-19 10:35:00,UP,LOW,TRUE,SCHEDULED,1.000,PLANNED
MOV_000259,SYN_TRAIN_0099,PASSENGER,SEC_007,2026-09-20 06:00:00,2026-09-20 06:25:00,DOWN,MEDIUM,FALSE,SCHEDULED,1.000,PLANNED
MOV_000260,SYN_TRAIN_0100,FREIGHT,SEC_008,2026-09-14 06:25:00,2026-09-14 06:30:00,DOWN,MEDIUM,TRUE,SCHEDULED,1.000,PLANNED
MOV_000261,SYN_TRAIN_0101,PASSENGER,SEC_006,2026-09-15 11:40:00,2026-09-15 11:48:00,UP,LOW,FALSE,SCHEDULED,1.000,PLANNED
MOV_000262,SYN_TRAIN_0102,MAINTENANCE,SEC_004,2026-09-20 18:30:00,2026-09-20 18:35:00,DOWN,HIGH,FALSE,SCHEDULED,1.000,PLANNED
MOV_000263,SYN_TRAIN_0103,PASSENGER,SEC_007,2026-09-14 22:10:00,2026-09-14 22:30:00,DOWN,HIGH,FALSE,SCHEDULED,1.000,PLANNED
MOV_000264,SYN_TRAIN_0104,FREIGHT,SEC_002,2026-09-20 03:15:00,2026-09-20 03:40:00,UP,LOW,TRUE,SCHEDULED,1.000,PLANNED
MOV_000265,SYN_TRAIN_0105,EXPRESS,SEC_002,2026-09-17 22:30:00,2026-09-17 22:38:00,UP,HIGH,FALSE,SCHEDULED,1.000,PLANNED
MOV_000266,SYN_TRAIN_0106,OTHER,SEC_003,2026-09-15 08:45:00,2026-09-15 09:00:00,DOWN,LOW,FALSE,SCHEDULED,1.000,PLANNED
MOV_000267,SYN_TRAIN_0107,PASSENGER,SEC_009,2026-09-19 22:25:00,2026-09-19 22:35:00,UP,LOW,FALSE,SCHEDULED,1.000,PLANNED
MOV_000268,SYN_TRAIN_0108,FREIGHT,SEC_008,2026-09-17 15:25:00,2026-09-17 15:40:00,DOWN,MEDIUM,TRUE,SCHEDULED,1.000,PLANNED
MOV_000269,SYN_TRAIN_0109,PASSENGER,SEC_005,2026-09-17 15:05:00,2026-09-17 15:17:00,UP,LOW,FALSE,SCHEDULED,1.000,PLANNED
MOV_000270,SYN_TRAIN_0110,EXPRESS,SEC_002,2026-09-15 21:50:00,2026-09-15 22:05:00,DOWN,LOW,FALSE,SCHEDULED,1.000,PLANNED
MOV_000271,SYN_TRAIN_0111,FREIGHT,SEC_007,2026-09-16 07:55:00,2026-09-16 08:00:00,DOWN,MEDIUM,TRUE,SCHEDULED,1.000,PLANNED
MOV_000272,SYN_TRAIN_0112,PASSENGER,SEC_007,2026-09-20 23:35:00,2026-09-21 00:00:00,DOWN,MEDIUM,FALSE,SCHEDULED,1.000,PLANNED
MOV_000273,SYN_TRAIN_0113,FREIGHT,SEC_005,2026-09-18 11:20:00,2026-09-18 11:45:00,UP,HIGH,TRUE,SCHEDULED,1.000,PLANNED
MOV_000274,SYN_TRAIN_0114,MAINTENANCE,SEC_002,2026-09-18 18:10:00,2026-09-18 18:22:00,UP,MEDIUM,FALSE,SCHEDULED,1.000,PLANNED
MOV_000275,SYN_TRAIN_0115,EXPRESS,SEC_009,2026-09-18 08:45:00,2026-09-18 09:05:00,UP,MEDIUM,FALSE,SCHEDULED,1.000,PLANNED
MOV_000276,SYN_TRAIN_0116,PASSENGER,SEC_002,2026-09-18 15:05:00,2026-09-18 15:35:00,DOWN,MEDIUM,FALSE,SCHEDULED,1.000,PLANNED
MOV_000277,SYN_TRAIN_0117,PASSENGER,SEC_007,2026-09-19 16:40:00,2026-09-19 16:45:00,DOWN,LOW,FALSE,SCHEDULED,1.000,PLANNED
MOV_000278,SYN_TRAIN_0118,EXPRESS,SEC_004,2026-09-20 07:20:00,2026-09-20 07:28:00,DOWN,MEDIUM,FALSE,SCHEDULED,1.000,PLANNED
MOV_000279,SYN_TRAIN_0119,FREIGHT,SEC_005,2026-09-15 10:55:00,2026-09-15 11:10:00,DOWN,LOW,TRUE,SCHEDULED,1.000,PLANNED
MOV_000280,SYN_TRAIN_0120,EXPRESS,SEC_001,2026-09-17 08:50:00,2026-09-17 09:00:00,DOWN,MEDIUM,FALSE,SCHEDULED,1.000,PLANNED
MOV_000281,SYN_TRAIN_0121,EXPRESS,SEC_010,2026-09-17 06:50:00,2026-09-17 06:55:00,UP,MEDIUM,FALSE,SCHEDULED,1.000,PLANNED
MOV_000282,SYN_TRAIN_0122,EXPRESS,SEC_009,2026-09-20 18:00:00,2026-09-20 18:05:00,UP,LOW,FALSE,SCHEDULED,1.000,PLANNED
MOV_000283,SYN_TRAIN_0123,FREIGHT,SEC_002,2026-09-15 13:15:00,2026-09-15 13:25:00,DOWN,LOW,TRUE,SCHEDULED,1.000,PLANNED
MOV_000284,SYN_TRAIN_0124,PASSENGER,SEC_006,2026-09-20 04:30:00,2026-09-20 04:55:00,DOWN,LOW,FALSE,SCHEDULED,1.000,PLANNED
MOV_000285,SYN_TRAIN_0125,PASSENGER,SEC_008,2026-09-15 08:30:00,2026-09-15 08:45:00,DOWN,HIGH,FALSE,SCHEDULED,1.000,PLANNED
MOV_000286,SYN_TRAIN_0126,FREIGHT,SEC_001,2026-09-18 08:50:00,2026-09-18 09:00:00,DOWN,LOW,TRUE,SCHEDULED,1.000,PLANNED
MOV_000287,SYN_TRAIN_0127,FREIGHT,SEC_006,2026-09-19 18:40:00,2026-09-19 18:52:00,DOWN,LOW,TRUE,SCHEDULED,1.000,PLANNED
MOV_000288,SYN_TRAIN_0128,EXPRESS,SEC_006,2026-09-18 20:35:00,2026-09-18 21:00:00,DOWN,LOW,FALSE,SCHEDULED,1.000,PLANNED
MOV_000289,SYN_TRAIN_0129,FREIGHT,SEC_010,2026-09-14 16:55:00,2026-09-14 17:07:00,UP,HIGH,TRUE,SCHEDULED,1.000,PLANNED
MOV_000290,SYN_TRAIN_0130,PASSENGER,SEC_003,2026-09-18 17:30:00,2026-09-18 17:45:00,UP,LOW,FALSE,SCHEDULED,1.000,PLANNED
MOV_000291,SYN_TRAIN_0131,EXPRESS,SEC_008,2026-09-18 18:10:00,2026-09-18 18:22:00,UP,LOW,FALSE,SCHEDULED,1.000,PLANNED
MOV_000292,SYN_TRAIN_0132,PASSENGER,SEC_004,2026-09-19 23:00:00,2026-09-19 23:15:00,DOWN,LOW,FALSE,SCHEDULED,1.000,PLANNED
MOV_000293,SYN_TRAIN_0133,EXPRESS,SEC_010,2026-09-20 13:30:00,2026-09-20 13:42:00,DOWN,MEDIUM,FALSE,SCHEDULED,1.000,PLANNED
MOV_000294,SYN_TRAIN_0134,FREIGHT,SEC_005,2026-09-16 14:20:00,2026-09-16 14:35:00,UP,LOW,TRUE,SCHEDULED,1.000,PLANNED
MOV_000295,SYN_TRAIN_0135,EXPRESS,SEC_009,2026-09-17 08:45:00,2026-09-17 08:53:00,DOWN,HIGH,FALSE,SCHEDULED,1.000,PLANNED
MOV_000296,SYN_TRAIN_0136,PASSENGER,SEC_003,2026-09-16 08:30:00,2026-09-16 08:38:00,UP,MEDIUM,FALSE,SCHEDULED,1.000,PLANNED
MOV_000297,SYN_TRAIN_0137,PASSENGER,SEC_003,2026-09-19 02:40:00,2026-09-19 02:45:00,DOWN,MEDIUM,FALSE,SCHEDULED,1.000,PLANNED
MOV_000298,SYN_TRAIN_0138,PASSENGER,SEC_006,2026-09-16 09:05:00,2026-09-16 09:10:00,UP,MEDIUM,FALSE,SCHEDULED,1.000,PLANNED
MOV_000299,SYN_TRAIN_0139,PASSENGER,SEC_002,2026-09-14 08:55:00,2026-09-14 09:05:00,DOWN,LOW,FALSE,SCHEDULED,1.000,PLANNED
MOV_000300,SYN_TRAIN_0140,EXPRESS,SEC_002,2026-09-20 08:15:00,2026-09-20 08:35:00,DOWN,LOW,FALSE,SCHEDULED,1.000,PLANNED
MOV_000301,SYN_TRAIN_0141,PASSENGER,SEC_009,2026-09-16 01:10:00,2026-09-16 01:22:00,DOWN,HIGH,FALSE,SCHEDULED,1.000,PLANNED
MOV_000302,SYN_TRAIN_0142,OTHER,SEC_002,2026-09-17 06:00:00,2026-09-17 06:12:00,DOWN,HIGH,FALSE,SCHEDULED,1.000,PLANNED
MOV_000303,SYN_TRAIN_0143,PASSENGER,SEC_005,2026-09-20 18:35:00,2026-09-20 18:47:00,UP,HIGH,FALSE,SCHEDULED,1.000,PLANNED
MOV_000304,SYN_TRAIN_0144,PASSENGER,SEC_006,2026-09-14 19:30:00,2026-09-14 19:38:00,DOWN,HIGH,FALSE,SCHEDULED,1.000,PLANNED
MOV_000305,SYN_TRAIN_0145,FREIGHT,SEC_003,2026-09-14 18:40:00,2026-09-14 18:45:00,UP,LOW,TRUE,SCHEDULED,1.000,PLANNED
MOV_000306,SYN_TRAIN_0146,FREIGHT,SEC_010,2026-09-15 18:50:00,2026-09-15 19:10:00,DOWN,MEDIUM,TRUE,SCHEDULED,1.000,PLANNED
MOV_000307,SYN_TRAIN_0147,PASSENGER,SEC_004,2026-09-16 13:15:00,2026-09-16 13:27:00,UP,HIGH,FALSE,SCHEDULED,1.000,PLANNED
MOV_000308,SYN_TRAIN_0148,PASSENGER,SEC_003,2026-09-19 15:55:00,2026-09-19 16:10:00,DOWN,LOW,FALSE,SCHEDULED,1.000,PLANNED
MOV_000309,SYN_TRAIN_0149,PASSENGER,SEC_001,2026-09-14 08:05:00,2026-09-14 08:13:00,UP,HIGH,FALSE,SCHEDULED,1.000,PLANNED
MOV_000310,SYN_TRAIN_0150,MAINTENANCE,SEC_009,2026-09-15 13:15:00,2026-09-15 13:40:00,UP,HIGH,FALSE,SCHEDULED,1.000,PLANNED
MOV_000311,SYN_TRAIN_0151,EXPRESS,SEC_002,2026-09-16 18:55:00,2026-09-16 19:25:00,DOWN,MEDIUM,FALSE,SCHEDULED,1.000,PLANNED
MOV_000312,SYN_TRAIN_0152,FREIGHT,SEC_003,2026-09-17 08:40:00,2026-09-17 09:10:00,UP,HIGH,TRUE,SCHEDULED,1.000,PLANNED
MOV_000313,SYN_TRAIN_0153,EXPRESS,SEC_003,2026-09-14 18:20:00,2026-09-14 18:28:00,DOWN,LOW,FALSE,SCHEDULED,1.000,PLANNED
MOV_000314,SYN_TRAIN_0154,MAINTENANCE,SEC_002,2026-09-18 05:40:00,2026-09-18 06:00:00,UP,HIGH,FALSE,SCHEDULED,1.000,PLANNED
MOV_000315,SYN_TRAIN_0155,FREIGHT,SEC_009,2026-09-15 06:20:00,2026-09-15 06:50:00,UP,LOW,TRUE,SCHEDULED,1.000,PLANNED
MOV_000316,SYN_TRAIN_0156,OTHER,SEC_004,2026-09-15 17:10:00,2026-09-15 17:15:00,DOWN,MEDIUM,FALSE,SCHEDULED,1.000,PLANNED
MOV_000317,SYN_TRAIN_0157,PASSENGER,SEC_005,2026-09-19 01:50:00,2026-09-19 02:05:00,DOWN,LOW,FALSE,SCHEDULED,1.000,PLANNED
MOV_000318,SYN_TRAIN_0158,FREIGHT,SEC_007,2026-09-15 15:15:00,2026-09-15 15:27:00,DOWN,HIGH,TRUE,SCHEDULED,1.000,PLANNED
MOV_000319,SYN_TRAIN_0159,EXPRESS,SEC_005,2026-09-18 06:20:00,2026-09-18 06:28:00,UP,MEDIUM,FALSE,SCHEDULED,1.000,PLANNED
MOV_000320,SYN_TRAIN_0160,PASSENGER,SEC_009,2026-09-17 14:10:00,2026-09-17 14:22:00,UP,HIGH,FALSE,SCHEDULED,1.000,PLANNED
MOV_000321,SYN_TRAIN_0001,PASSENGER,SEC_007,2026-09-15 05:30:00,2026-09-15 05:42:00,UP,LOW,FALSE,SCHEDULED,1.000,PLANNED
MOV_000322,SYN_TRAIN_0002,PASSENGER,SEC_005,2026-09-19 07:20:00,2026-09-19 07:45:00,UP,HIGH,FALSE,SCHEDULED,1.000,PLANNED
MOV_000323,SYN_TRAIN_0003,FREIGHT,SEC_001,2026-09-20 18:25:00,2026-09-20 18:40:00,DOWN,HIGH,TRUE,SCHEDULED,1.000,PLANNED
MOV_000324,SYN_TRAIN_0004,MAINTENANCE,SEC_005,2026-09-17 01:10:00,2026-09-17 01:22:00,DOWN,HIGH,FALSE,SCHEDULED,1.000,PLANNED
MOV_000325,SYN_TRAIN_0005,MAINTENANCE,SEC_007,2026-09-15 05:05:00,2026-09-15 05:30:00,UP,LOW,FALSE,SCHEDULED,1.000,PLANNED
MOV_000326,SYN_TRAIN_0006,EXPRESS,SEC_008,2026-09-19 01:35:00,2026-09-19 01:40:00,DOWN,LOW,FALSE,SCHEDULED,1.000,PLANNED
MOV_000327,SYN_TRAIN_0007,EXPRESS,SEC_009,2026-09-18 12:25:00,2026-09-18 12:33:00,UP,HIGH,FALSE,SCHEDULED,1.000,PLANNED
MOV_000328,SYN_TRAIN_0008,EXPRESS,SEC_007,2026-09-15 05:10:00,2026-09-15 05:20:00,UP,MEDIUM,FALSE,SCHEDULED,1.000,PLANNED
MOV_000329,SYN_TRAIN_0009,OTHER,SEC_007,2026-09-19 05:20:00,2026-09-19 05:40:00,DOWN,MEDIUM,FALSE,SCHEDULED,1.000,PLANNED
MOV_000330,SYN_TRAIN_0010,PASSENGER,SEC_010,2026-09-17 06:40:00,2026-09-17 07:05:00,UP,LOW,FALSE,SCHEDULED,1.000,PLANNED
MOV_000331,SYN_TRAIN_0011,EXPRESS,SEC_002,2026-09-15 20:40:00,2026-09-15 20:48:00,DOWN,LOW,FALSE,SCHEDULED,1.000,PLANNED
MOV_000332,SYN_TRAIN_0012,EXPRESS,SEC_004,2026-09-14 08:50:00,2026-09-14 08:55:00,DOWN,MEDIUM,FALSE,SCHEDULED,1.000,PLANNED
MOV_000333,SYN_TRAIN_0013,EXPRESS,SEC_008,2026-09-15 06:40:00,2026-09-15 06:52:00,UP,HIGH,FALSE,SCHEDULED,1.000,PLANNED
MOV_000334,SYN_TRAIN_0014,PASSENGER,SEC_001,2026-09-15 16:00:00,2026-09-15 16:05:00,DOWN,HIGH,FALSE,SCHEDULED,1.000,PLANNED
MOV_000335,SYN_TRAIN_0015,EXPRESS,SEC_009,2026-09-16 20:45:00,2026-09-16 21:15:00,UP,HIGH,FALSE,SCHEDULED,1.000,PLANNED
MOV_000336,SYN_TRAIN_0016,FREIGHT,SEC_001,2026-09-14 18:20:00,2026-09-14 18:50:00,UP,HIGH,TRUE,SCHEDULED,1.000,PLANNED
MOV_000337,SYN_TRAIN_0017,EXPRESS,SEC_005,2026-09-20 16:45:00,2026-09-20 16:55:00,DOWN,MEDIUM,FALSE,SCHEDULED,1.000,PLANNED
MOV_000338,SYN_TRAIN_0018,PASSENGER,SEC_010,2026-09-15 11:15:00,2026-09-15 11:23:00,UP,MEDIUM,FALSE,SCHEDULED,1.000,PLANNED
MOV_000339,SYN_TRAIN_0019,EXPRESS,SEC_009,2026-09-17 07:25:00,2026-09-17 07:40:00,DOWN,HIGH,FALSE,SCHEDULED,1.000,PLANNED
MOV_000340,SYN_TRAIN_0020,FREIGHT,SEC_010,2026-09-17 09:50:00,2026-09-17 10:02:00,UP,HIGH,TRUE,SCHEDULED,1.000,PLANNED
MOV_000341,SYN_TRAIN_0021,MAINTENANCE,SEC_004,2026-09-19 10:40:00,2026-09-19 10:48:00,UP,HIGH,FALSE,SCHEDULED,1.000,PLANNED
MOV_000342,SYN_TRAIN_0022,PASSENGER,SEC_003,2026-09-19 21:50:00,2026-09-19 21:58:00,DOWN,LOW,FALSE,SCHEDULED,1.000,PLANNED
MOV_000343,SYN_TRAIN_0023,PASSENGER,SEC_010,2026-09-14 07:50:00,2026-09-14 08:00:00,DOWN,MEDIUM,FALSE,SCHEDULED,1.000,PLANNED
MOV_000344,SYN_TRAIN_0024,EXPRESS,SEC_007,2026-09-20 14:20:00,2026-09-20 14:28:00,UP,HIGH,FALSE,SCHEDULED,1.000,PLANNED
MOV_000345,SYN_TRAIN_0025,OTHER,SEC_006,2026-09-20 21:05:00,2026-09-20 21:35:00,UP,MEDIUM,FALSE,SCHEDULED,1.000,PLANNED
MOV_000346,SYN_TRAIN_0026,PASSENGER,SEC_008,2026-09-20 17:25:00,2026-09-20 17:45:00,DOWN,MEDIUM,FALSE,SCHEDULED,1.000,PLANNED
MOV_000347,SYN_TRAIN_0027,FREIGHT,SEC_006,2026-09-19 21:25:00,2026-09-19 21:33:00,DOWN,HIGH,TRUE,SCHEDULED,1.000,PLANNED
MOV_000348,SYN_TRAIN_0028,OTHER,SEC_009,2026-09-17 07:30:00,2026-09-17 07:45:00,DOWN,LOW,FALSE,SCHEDULED,1.000,PLANNED
MOV_000349,SYN_TRAIN_0029,FREIGHT,SEC_010,2026-09-15 18:25:00,2026-09-15 18:35:00,DOWN,HIGH,TRUE,SCHEDULED,1.000,PLANNED
MOV_000350,SYN_TRAIN_0030,OTHER,SEC_004,2026-09-14 10:25:00,2026-09-14 10:55:00,DOWN,HIGH,FALSE,SCHEDULED,1.000,PLANNED
MOV_000351,SYN_TRAIN_0031,EXPRESS,SEC_009,2026-09-18 07:05:00,2026-09-18 07:25:00,DOWN,HIGH,FALSE,SCHEDULED,1.000,PLANNED
MOV_000352,SYN_TRAIN_0032,PASSENGER,SEC_001,2026-09-15 04:30:00,2026-09-15 04:38:00,UP,MEDIUM,FALSE,SCHEDULED,1.000,PLANNED
MOV_000353,SYN_TRAIN_0033,FREIGHT,SEC_003,2026-09-19 14:25:00,2026-09-19 14:40:00,DOWN,HIGH,TRUE,SCHEDULED,1.000,PLANNED
MOV_000354,SYN_TRAIN_0034,PASSENGER,SEC_001,2026-09-16 05:00:00,2026-09-16 05:15:00,DOWN,LOW,FALSE,SCHEDULED,1.000,PLANNED
MOV_000355,SYN_TRAIN_0035,EXPRESS,SEC_006,2026-09-19 02:35:00,2026-09-19 02:43:00,DOWN,LOW,FALSE,SCHEDULED,1.000,PLANNED
MOV_000356,SYN_TRAIN_0036,FREIGHT,SEC_009,2026-09-20 22:40:00,2026-09-20 23:05:00,UP,LOW,TRUE,SCHEDULED,1.000,PLANNED
MOV_000357,SYN_TRAIN_0037,FREIGHT,SEC_005,2026-09-17 21:25:00,2026-09-17 21:50:00,DOWN,MEDIUM,TRUE,SCHEDULED,1.000,PLANNED
MOV_000358,SYN_TRAIN_0038,EXPRESS,SEC_009,2026-09-17 06:50:00,2026-09-17 07:00:00,DOWN,HIGH,FALSE,SCHEDULED,1.000,PLANNED
MOV_000359,SYN_TRAIN_0039,FREIGHT,SEC_007,2026-09-15 07:25:00,2026-09-15 07:45:00,DOWN,LOW,TRUE,SCHEDULED,1.000,PLANNED
MOV_000360,SYN_TRAIN_0040,PASSENGER,SEC_002,2026-09-16 18:45:00,2026-09-16 19:10:00,DOWN,MEDIUM,FALSE,SCHEDULED,1.000,PLANNED
MOV_000361,SYN_TRAIN_0041,PASSENGER,SEC_005,2026-09-15 06:25:00,2026-09-15 06:55:00,UP,MEDIUM,FALSE,SCHEDULED,1.000,PLANNED
MOV_000362,SYN_TRAIN_0042,PASSENGER,SEC_001,2026-09-16 19:30:00,2026-09-16 19:38:00,DOWN,LOW,FALSE,SCHEDULED,1.000,PLANNED
MOV_000363,SYN_TRAIN_0043,PASSENGER,SEC_003,2026-09-15 05:25:00,2026-09-15 05:40:00,UP,HIGH,FALSE,SCHEDULED,1.000,PLANNED
MOV_000364,SYN_TRAIN_0044,FREIGHT,SEC_005,2026-09-20 07:30:00,2026-09-20 07:50:00,DOWN,LOW,TRUE,SCHEDULED,1.000,PLANNED
MOV_000365,SYN_TRAIN_0045,MAINTENANCE,SEC_010,2026-09-16 23:05:00,2026-09-16 23:17:00,UP,HIGH,FALSE,SCHEDULED,1.000,PLANNED
MOV_000366,SYN_TRAIN_0046,MAINTENANCE,SEC_010,2026-09-19 06:15:00,2026-09-19 06:25:00,UP,MEDIUM,FALSE,SCHEDULED,1.000,PLANNED
MOV_000367,SYN_TRAIN_0047,FREIGHT,SEC_003,2026-09-17 08:50:00,2026-09-17 09:05:00,DOWN,LOW,TRUE,SCHEDULED,1.000,PLANNED
MOV_000368,SYN_TRAIN_0048,FREIGHT,SEC_004,2026-09-16 00:50:00,2026-09-16 01:20:00,UP,HIGH,TRUE,SCHEDULED,1.000,PLANNED
MOV_000369,SYN_TRAIN_0049,PASSENGER,SEC_007,2026-09-14 05:10:00,2026-09-14 05:22:00,DOWN,LOW,FALSE,SCHEDULED,1.000,PLANNED
MOV_000370,SYN_TRAIN_0050,EXPRESS,SEC_005,2026-09-19 11:30:00,2026-09-19 11:40:00,UP,MEDIUM,FALSE,SCHEDULED,1.000,PLANNED
MOV_000371,SYN_TRAIN_0051,PASSENGER,SEC_007,2026-09-19 23:45:00,2026-09-19 23:53:00,DOWN,LOW,FALSE,SCHEDULED,1.000,PLANNED
MOV_000372,SYN_TRAIN_0052,MAINTENANCE,SEC_008,2026-09-19 17:30:00,2026-09-19 17:40:00,UP,HIGH,FALSE,SCHEDULED,1.000,PLANNED
MOV_000373,SYN_TRAIN_0053,FREIGHT,SEC_010,2026-09-15 00:50:00,2026-09-15 01:20:00,DOWN,HIGH,TRUE,SCHEDULED,1.000,PLANNED
MOV_000374,SYN_TRAIN_0054,FREIGHT,SEC_010,2026-09-14 15:05:00,2026-09-14 15:35:00,UP,LOW,TRUE,SCHEDULED,1.000,PLANNED
MOV_000375,SYN_TRAIN_0055,EXPRESS,SEC_009,2026-09-19 23:45:00,2026-09-20 00:10:00,DOWN,LOW,FALSE,SCHEDULED,1.000,PLANNED
MOV_000376,SYN_TRAIN_0056,PASSENGER,SEC_005,2026-09-19 18:25:00,2026-09-19 18:35:00,DOWN,MEDIUM,FALSE,SCHEDULED,1.000,PLANNED
MOV_000377,SYN_TRAIN_0057,FREIGHT,SEC_010,2026-09-19 15:30:00,2026-09-19 15:42:00,DOWN,LOW,TRUE,SCHEDULED,1.000,PLANNED
MOV_000378,SYN_TRAIN_0058,OTHER,SEC_009,2026-09-15 12:35:00,2026-09-15 13:05:00,UP,LOW,FALSE,SCHEDULED,1.000,PLANNED
MOV_000379,SYN_TRAIN_0059,MAINTENANCE,SEC_003,2026-09-20 04:45:00,2026-09-20 04:53:00,DOWN,MEDIUM,FALSE,SCHEDULED,1.000,PLANNED
MOV_000380,SYN_TRAIN_0060,FREIGHT,SEC_009,2026-09-20 01:05:00,2026-09-20 01:25:00,UP,HIGH,TRUE,SCHEDULED,1.000,PLANNED
MOV_000381,SYN_TRAIN_0061,PASSENGER,SEC_008,2026-09-15 18:55:00,2026-09-15 19:15:00,DOWN,LOW,FALSE,SCHEDULED,1.000,PLANNED
MOV_000382,SYN_TRAIN_0062,PASSENGER,SEC_008,2026-09-14 07:35:00,2026-09-14 08:05:00,UP,MEDIUM,FALSE,SCHEDULED,1.000,PLANNED
MOV_000383,SYN_TRAIN_0063,EXPRESS,SEC_001,2026-09-17 18:05:00,2026-09-17 18:15:00,UP,MEDIUM,FALSE,SCHEDULED,1.000,PLANNED
MOV_000384,SYN_TRAIN_0064,PASSENGER,SEC_006,2026-09-17 18:15:00,2026-09-17 18:20:00,DOWN,HIGH,FALSE,SCHEDULED,1.000,PLANNED
MOV_000385,SYN_TRAIN_0065,PASSENGER,SEC_007,2026-09-14 04:45:00,2026-09-14 04:55:00,UP,MEDIUM,FALSE,SCHEDULED,1.000,PLANNED
MOV_000386,SYN_TRAIN_0066,EXPRESS,SEC_006,2026-09-14 17:00:00,2026-09-14 17:05:00,DOWN,MEDIUM,FALSE,SCHEDULED,1.000,PLANNED
MOV_000387,SYN_TRAIN_0067,EXPRESS,SEC_002,2026-09-15 07:55:00,2026-09-15 08:10:00,DOWN,HIGH,FALSE,SCHEDULED,1.000,PLANNED
MOV_000388,SYN_TRAIN_0068,PASSENGER,SEC_006,2026-09-20 21:50:00,2026-09-20 22:05:00,UP,LOW,FALSE,SCHEDULED,1.000,PLANNED
MOV_000389,SYN_TRAIN_0069,EXPRESS,SEC_007,2026-09-14 08:15:00,2026-09-14 08:40:00,UP,MEDIUM,FALSE,SCHEDULED,1.000,PLANNED
MOV_000390,SYN_TRAIN_0070,PASSENGER,SEC_009,2026-09-17 18:30:00,2026-09-17 18:38:00,UP,MEDIUM,FALSE,SCHEDULED,1.000,PLANNED
MOV_000391,SYN_TRAIN_0071,PASSENGER,SEC_010,2026-09-20 04:40:00,2026-09-20 05:00:00,UP,MEDIUM,FALSE,SCHEDULED,1.000,PLANNED
MOV_000392,SYN_TRAIN_0072,FREIGHT,SEC_007,2026-09-16 16:25:00,2026-09-16 16:33:00,DOWN,HIGH,TRUE,SCHEDULED,1.000,PLANNED
MOV_000393,SYN_TRAIN_0073,PASSENGER,SEC_009,2026-09-19 17:55:00,2026-09-19 18:05:00,DOWN,HIGH,FALSE,SCHEDULED,1.000,PLANNED
MOV_000394,SYN_TRAIN_0074,FREIGHT,SEC_003,2026-09-17 07:00:00,2026-09-17 07:10:00,DOWN,LOW,TRUE,SCHEDULED,1.000,PLANNED
MOV_000395,SYN_TRAIN_0075,EXPRESS,SEC_006,2026-09-18 13:05:00,2026-09-18 13:30:00,DOWN,MEDIUM,FALSE,SCHEDULED,1.000,PLANNED
MOV_000396,SYN_TRAIN_0076,FREIGHT,SEC_005,2026-09-16 18:30:00,2026-09-16 18:42:00,DOWN,LOW,TRUE,SCHEDULED,1.000,PLANNED
MOV_000397,SYN_TRAIN_0077,EXPRESS,SEC_009,2026-09-18 08:00:00,2026-09-18 08:20:00,UP,HIGH,FALSE,SCHEDULED,1.000,PLANNED
MOV_000398,SYN_TRAIN_0078,FREIGHT,SEC_003,2026-09-18 01:20:00,2026-09-18 01:40:00,DOWN,MEDIUM,TRUE,SCHEDULED,1.000,PLANNED
MOV_000399,SYN_TRAIN_0079,MAINTENANCE,SEC_005,2026-09-14 17:25:00,2026-09-14 17:50:00,UP,LOW,FALSE,SCHEDULED,1.000,PLANNED
MOV_000400,SYN_TRAIN_0080,PASSENGER,SEC_009,2026-09-16 16:20:00,2026-09-16 16:35:00,DOWN,HIGH,FALSE,SCHEDULED,1.000,PLANNED
MOV_000401,SYN_TRAIN_0081,FREIGHT,SEC_004,2026-09-16 19:35:00,2026-09-16 19:47:00,DOWN,MEDIUM,TRUE,SCHEDULED,1.000,PLANNED
MOV_000402,SYN_TRAIN_0082,FREIGHT,SEC_007,2026-09-19 10:50:00,2026-09-19 11:20:00,DOWN,MEDIUM,TRUE,SCHEDULED,1.000,PLANNED
MOV_000403,SYN_TRAIN_0083,PASSENGER,SEC_009,2026-09-20 17:35:00,2026-09-20 17:50:00,UP,LOW,FALSE,SCHEDULED,1.000,PLANNED
MOV_000404,SYN_TRAIN_0084,FREIGHT,SEC_007,2026-09-15 19:25:00,2026-09-15 19:45:00,DOWN,LOW,TRUE,SCHEDULED,1.000,PLANNED
MOV_000405,SYN_TRAIN_0085,PASSENGER,SEC_003,2026-09-14 13:30:00,2026-09-14 13:35:00,DOWN,HIGH,FALSE,SCHEDULED,1.000,PLANNED
MOV_000406,SYN_TRAIN_0086,PASSENGER,SEC_003,2026-09-20 04:10:00,2026-09-20 04:22:00,UP,LOW,FALSE,SCHEDULED,1.000,PLANNED
MOV_000407,SYN_TRAIN_0087,EXPRESS,SEC_006,2026-09-15 18:10:00,2026-09-15 18:30:00,UP,MEDIUM,FALSE,SCHEDULED,1.000,PLANNED
MOV_000408,SYN_TRAIN_0088,FREIGHT,SEC_002,2026-09-20 18:55:00,2026-09-20 19:05:00,DOWN,MEDIUM,TRUE,SCHEDULED,1.000,PLANNED
MOV_000409,SYN_TRAIN_0089,FREIGHT,SEC_002,2026-09-15 17:20:00,2026-09-15 17:35:00,DOWN,MEDIUM,TRUE,SCHEDULED,1.000,PLANNED
MOV_000410,SYN_TRAIN_0090,EXPRESS,SEC_002,2026-09-15 01:50:00,2026-09-15 02:02:00,UP,LOW,FALSE,SCHEDULED,1.000,PLANNED
MOV_000411,SYN_TRAIN_0091,FREIGHT,SEC_002,2026-09-18 08:00:00,2026-09-18 08:05:00,UP,HIGH,TRUE,SCHEDULED,1.000,PLANNED
MOV_000412,SYN_TRAIN_0092,EXPRESS,SEC_001,2026-09-15 05:05:00,2026-09-15 05:15:00,UP,MEDIUM,FALSE,SCHEDULED,1.000,PLANNED
MOV_000413,SYN_TRAIN_0093,FREIGHT,SEC_004,2026-09-17 19:00:00,2026-09-17 19:25:00,UP,HIGH,TRUE,SCHEDULED,1.000,PLANNED
MOV_000414,SYN_TRAIN_0094,PASSENGER,SEC_010,2026-09-15 19:40:00,2026-09-15 20:00:00,DOWN,HIGH,FALSE,SCHEDULED,1.000,PLANNED
MOV_000415,SYN_TRAIN_0095,MAINTENANCE,SEC_008,2026-09-16 15:15:00,2026-09-16 15:20:00,DOWN,LOW,FALSE,SCHEDULED,1.000,PLANNED
MOV_000416,SYN_TRAIN_0096,EXPRESS,SEC_009,2026-09-20 17:55:00,2026-09-20 18:07:00,DOWN,MEDIUM,FALSE,SCHEDULED,1.000,PLANNED
MOV_000417,SYN_TRAIN_0097,PASSENGER,SEC_006,2026-09-18 15:05:00,2026-09-18 15:20:00,UP,MEDIUM,FALSE,SCHEDULED,1.000,PLANNED
MOV_000418,SYN_TRAIN_0098,PASSENGER,SEC_010,2026-09-15 02:10:00,2026-09-15 02:25:00,UP,HIGH,FALSE,SCHEDULED,1.000,PLANNED
MOV_000419,SYN_TRAIN_0099,PASSENGER,SEC_006,2026-09-14 18:25:00,2026-09-14 18:40:00,UP,MEDIUM,FALSE,SCHEDULED,1.000,PLANNED
MOV_000420,SYN_TRAIN_0100,EXPRESS,SEC_010,2026-09-14 04:35:00,2026-09-14 05:00:00,UP,HIGH,FALSE,SCHEDULED,1.000,PLANNED
MOV_000421,SYN_TRAIN_0101,PASSENGER,SEC_006,2026-09-15 18:15:00,2026-09-15 18:23:00,UP,LOW,FALSE,SCHEDULED,1.000,PLANNED
MOV_000422,SYN_TRAIN_0102,PASSENGER,SEC_008,2026-09-19 17:30:00,2026-09-19 17:50:00,DOWN,HIGH,FALSE,SCHEDULED,1.000,PLANNED
MOV_000423,SYN_TRAIN_0103,FREIGHT,SEC_010,2026-09-20 07:40:00,2026-09-20 08:10:00,DOWN,LOW,TRUE,SCHEDULED,1.000,PLANNED
MOV_000424,SYN_TRAIN_0104,PASSENGER,SEC_001,2026-09-15 16:40:00,2026-09-15 16:55:00,DOWN,HIGH,FALSE,SCHEDULED,1.000,PLANNED
MOV_000425,SYN_TRAIN_0105,EXPRESS,SEC_004,2026-09-16 14:00:00,2026-09-16 14:08:00,UP,MEDIUM,FALSE,SCHEDULED,1.000,PLANNED
MOV_000426,SYN_TRAIN_0106,OTHER,SEC_009,2026-09-19 19:15:00,2026-09-19 19:40:00,DOWN,MEDIUM,FALSE,SCHEDULED,1.000,PLANNED
MOV_000427,SYN_TRAIN_0107,MAINTENANCE,SEC_010,2026-09-18 17:25:00,2026-09-18 17:40:00,UP,LOW,FALSE,SCHEDULED,1.000,PLANNED
MOV_000428,SYN_TRAIN_0108,PASSENGER,SEC_008,2026-09-14 05:40:00,2026-09-14 06:10:00,UP,HIGH,FALSE,SCHEDULED,1.000,PLANNED
MOV_000429,SYN_TRAIN_0109,FREIGHT,SEC_010,2026-09-15 22:30:00,2026-09-15 22:42:00,UP,HIGH,TRUE,SCHEDULED,1.000,PLANNED
MOV_000430,SYN_TRAIN_0110,PASSENGER,SEC_010,2026-09-17 13:50:00,2026-09-17 14:00:00,UP,HIGH,FALSE,SCHEDULED,1.000,PLANNED
MOV_000431,SYN_TRAIN_0111,PASSENGER,SEC_006,2026-09-18 18:45:00,2026-09-18 19:00:00,UP,HIGH,FALSE,SCHEDULED,1.000,PLANNED
MOV_000432,SYN_TRAIN_0112,FREIGHT,SEC_009,2026-09-14 08:50:00,2026-09-14 09:20:00,UP,MEDIUM,TRUE,SCHEDULED,1.000,PLANNED
MOV_000433,SYN_TRAIN_0113,PASSENGER,SEC_005,2026-09-19 07:10:00,2026-09-19 07:20:00,UP,LOW,FALSE,SCHEDULED,1.000,PLANNED
MOV_000434,SYN_TRAIN_0114,OTHER,SEC_010,2026-09-15 13:35:00,2026-09-15 13:47:00,DOWN,LOW,FALSE,SCHEDULED,1.000,PLANNED
MOV_000435,SYN_TRAIN_0115,OTHER,SEC_007,2026-09-18 13:20:00,2026-09-18 13:40:00,UP,HIGH,FALSE,SCHEDULED,1.000,PLANNED
MOV_000436,SYN_TRAIN_0116,PASSENGER,SEC_006,2026-09-14 08:10:00,2026-09-14 08:20:00,DOWN,LOW,FALSE,SCHEDULED,1.000,PLANNED
MOV_000437,SYN_TRAIN_0117,OTHER,SEC_001,2026-09-15 04:25:00,2026-09-15 04:33:00,UP,LOW,FALSE,SCHEDULED,1.000,PLANNED
MOV_000438,SYN_TRAIN_0118,EXPRESS,SEC_010,2026-09-15 19:10:00,2026-09-15 19:15:00,UP,LOW,FALSE,SCHEDULED,1.000,PLANNED
MOV_000439,SYN_TRAIN_0119,PASSENGER,SEC_006,2026-09-15 21:50:00,2026-09-15 22:20:00,DOWN,HIGH,FALSE,SCHEDULED,1.000,PLANNED
MOV_000440,SYN_TRAIN_0120,MAINTENANCE,SEC_007,2026-09-14 11:20:00,2026-09-14 11:28:00,DOWN,HIGH,FALSE,SCHEDULED,1.000,PLANNED
MOV_000441,SYN_TRAIN_0121,PASSENGER,SEC_009,2026-09-16 16:10:00,2026-09-16 16:25:00,UP,HIGH,FALSE,SCHEDULED,1.000,PLANNED
MOV_000442,SYN_TRAIN_0122,EXPRESS,SEC_001,2026-09-17 19:10:00,2026-09-17 19:22:00,DOWN,LOW,FALSE,SCHEDULED,1.000,PLANNED
MOV_000443,SYN_TRAIN_0123,PASSENGER,SEC_007,2026-09-15 22:35:00,2026-09-15 23:05:00,DOWN,MEDIUM,FALSE,SCHEDULED,1.000,PLANNED
MOV_000444,SYN_TRAIN_0124,EXPRESS,SEC_006,2026-09-19 17:40:00,2026-09-19 17:50:00,DOWN,HIGH,FALSE,SCHEDULED,1.000,PLANNED
MOV_000445,SYN_TRAIN_0125,FREIGHT,SEC_009,2026-09-15 03:10:00,2026-09-15 03:30:00,UP,LOW,TRUE,SCHEDULED,1.000,PLANNED
MOV_000446,SYN_TRAIN_0126,PASSENGER,SEC_001,2026-09-18 20:35:00,2026-09-18 20:40:00,UP,HIGH,FALSE,SCHEDULED,1.000,PLANNED
MOV_000447,SYN_TRAIN_0127,OTHER,SEC_003,2026-09-18 06:45:00,2026-09-18 07:10:00,DOWN,MEDIUM,FALSE,SCHEDULED,1.000,PLANNED
MOV_000448,SYN_TRAIN_0128,PASSENGER,SEC_002,2026-09-14 21:25:00,2026-09-14 21:50:00,UP,LOW,FALSE,SCHEDULED,1.000,PLANNED
MOV_000449,SYN_TRAIN_0129,PASSENGER,SEC_002,2026-09-15 08:55:00,2026-09-15 09:00:00,UP,MEDIUM,FALSE,SCHEDULED,1.000,PLANNED
MOV_000450,SYN_TRAIN_0130,MAINTENANCE,SEC_003,2026-09-15 08:15:00,2026-09-15 08:20:00,DOWN,HIGH,FALSE,SCHEDULED,1.000,PLANNED
MOV_000451,SYN_TRAIN_0131,FREIGHT,SEC_010,2026-09-17 23:30:00,2026-09-17 23:42:00,DOWN,HIGH,TRUE,SCHEDULED,1.000,PLANNED
MOV_000452,SYN_TRAIN_0132,PASSENGER,SEC_001,2026-09-17 23:55:00,2026-09-18 00:05:00,UP,LOW,FALSE,SCHEDULED,1.000,PLANNED
MOV_000453,SYN_TRAIN_0133,OTHER,SEC_006,2026-09-20 18:35:00,2026-09-20 18:45:00,DOWN,LOW,FALSE,SCHEDULED,1.000,PLANNED
MOV_000454,SYN_TRAIN_0134,PASSENGER,SEC_001,2026-09-17 16:50:00,2026-09-17 17:02:00,UP,MEDIUM,FALSE,SCHEDULED,1.000,PLANNED
MOV_000455,SYN_TRAIN_0135,EXPRESS,SEC_006,2026-09-20 09:45:00,2026-09-20 10:05:00,DOWN,HIGH,FALSE,SCHEDULED,1.000,PLANNED
MOV_000456,SYN_TRAIN_0136,PASSENGER,SEC_010,2026-09-14 11:20:00,2026-09-14 11:32:00,DOWN,HIGH,FALSE,SCHEDULED,1.000,PLANNED
MOV_000457,SYN_TRAIN_0137,MAINTENANCE,SEC_010,2026-09-17 17:15:00,2026-09-17 17:35:00,DOWN,LOW,FALSE,SCHEDULED,1.000,PLANNED
MOV_000458,SYN_TRAIN_0138,FREIGHT,SEC_004,2026-09-17 11:50:00,2026-09-17 12:00:00,UP,MEDIUM,TRUE,SCHEDULED,1.000,PLANNED
MOV_000459,SYN_TRAIN_0139,FREIGHT,SEC_007,2026-09-15 21:25:00,2026-09-15 21:45:00,UP,MEDIUM,TRUE,SCHEDULED,1.000,PLANNED
MOV_000460,SYN_TRAIN_0140,PASSENGER,SEC_001,2026-09-16 13:40:00,2026-09-16 13:48:00,UP,MEDIUM,FALSE,SCHEDULED,1.000,PLANNED
MOV_000461,SYN_TRAIN_0141,PASSENGER,SEC_003,2026-09-19 23:30:00,2026-09-19 23:55:00,DOWN,MEDIUM,FALSE,SCHEDULED,1.000,PLANNED
MOV_000462,SYN_TRAIN_0142,MAINTENANCE,SEC_010,2026-09-20 20:40:00,2026-09-20 20:50:00,UP,HIGH,FALSE,SCHEDULED,1.000,PLANNED
MOV_000463,SYN_TRAIN_0143,PASSENGER,SEC_009,2026-09-19 06:35:00,2026-09-19 06:43:00,UP,HIGH,FALSE,SCHEDULED,1.000,PLANNED
MOV_000464,SYN_TRAIN_0144,PASSENGER,SEC_001,2026-09-15 02:40:00,2026-09-15 03:10:00,UP,HIGH,FALSE,SCHEDULED,1.000,PLANNED
MOV_000465,SYN_TRAIN_0145,MAINTENANCE,SEC_002,2026-09-17 18:40:00,2026-09-17 18:55:00,DOWN,LOW,FALSE,SCHEDULED,1.000,PLANNED
MOV_000466,SYN_TRAIN_0146,PASSENGER,SEC_007,2026-09-19 12:10:00,2026-09-19 12:18:00,DOWN,LOW,FALSE,SCHEDULED,1.000,PLANNED
MOV_000467,SYN_TRAIN_0147,FREIGHT,SEC_005,2026-09-20 08:30:00,2026-09-20 08:40:00,DOWN,MEDIUM,TRUE,SCHEDULED,1.000,PLANNED
MOV_000468,SYN_TRAIN_0148,PASSENGER,SEC_004,2026-09-16 04:40:00,2026-09-16 05:05:00,DOWN,HIGH,FALSE,SCHEDULED,1.000,PLANNED
MOV_000469,SYN_TRAIN_0149,FREIGHT,SEC_002,2026-09-14 18:45:00,2026-09-14 18:57:00,DOWN,MEDIUM,TRUE,SCHEDULED,1.000,PLANNED
MOV_000470,SYN_TRAIN_0150,PASSENGER,SEC_008,2026-09-14 14:45:00,2026-09-14 15:05:00,DOWN,HIGH,FALSE,SCHEDULED,1.000,PLANNED
MOV_000471,SYN_TRAIN_0151,PASSENGER,SEC_008,2026-09-15 21:00:00,2026-09-15 21:10:00,UP,LOW,FALSE,SCHEDULED,1.000,PLANNED
MOV_000472,SYN_TRAIN_0152,PASSENGER,SEC_009,2026-09-15 15:10:00,2026-09-15 15:40:00,UP,LOW,FALSE,SCHEDULED,1.000,PLANNED
MOV_000473,SYN_TRAIN_0153,PASSENGER,SEC_008,2026-09-20 10:50:00,2026-09-20 11:10:00,UP,LOW,FALSE,SCHEDULED,1.000,PLANNED
MOV_000474,SYN_TRAIN_0154,FREIGHT,SEC_007,2026-09-19 14:00:00,2026-09-19 14:25:00,UP,LOW,TRUE,SCHEDULED,1.000,PLANNED
MOV_000475,SYN_TRAIN_0155,FREIGHT,SEC_007,2026-09-20 21:20:00,2026-09-20 21:45:00,DOWN,HIGH,TRUE,SCHEDULED,1.000,PLANNED
MOV_000476,SYN_TRAIN_0156,PASSENGER,SEC_010,2026-09-17 19:50:00,2026-09-17 19:58:00,UP,HIGH,FALSE,SCHEDULED,1.000,PLANNED
MOV_000477,SYN_TRAIN_0157,EXPRESS,SEC_003,2026-09-17 11:30:00,2026-09-17 11:40:00,UP,HIGH,FALSE,SCHEDULED,1.000,PLANNED
MOV_000478,SYN_TRAIN_0158,PASSENGER,SEC_006,2026-09-17 18:00:00,2026-09-17 18:05:00,DOWN,HIGH,FALSE,SCHEDULED,1.000,PLANNED
MOV_000479,SYN_TRAIN_0159,PASSENGER,SEC_005,2026-09-18 18:55:00,2026-09-18 19:05:00,UP,LOW,FALSE,SCHEDULED,1.000,PLANNED
MOV_000480,SYN_TRAIN_0160,EXPRESS,SEC_005,2026-09-16 23:55:00,2026-09-17 00:10:00,DOWN,LOW,FALSE,SCHEDULED,1.000,PLANNED
MOV_000481,SYN_TRAIN_0001,PASSENGER,SEC_008,2026-09-17 10:40:00,2026-09-17 10:50:00,UP,LOW,FALSE,SCHEDULED,1.000,PLANNED
MOV_000482,SYN_TRAIN_0002,FREIGHT,SEC_001,2026-09-17 13:10:00,2026-09-17 13:30:00,UP,LOW,TRUE,SCHEDULED,1.000,PLANNED
MOV_000483,SYN_TRAIN_0003,PASSENGER,SEC_007,2026-09-20 08:00:00,2026-09-20 08:15:00,UP,MEDIUM,FALSE,SCHEDULED,1.000,PLANNED
MOV_000484,SYN_TRAIN_0004,FREIGHT,SEC_002,2026-09-20 21:05:00,2026-09-20 21:15:00,UP,LOW,TRUE,SCHEDULED,1.000,PLANNED
MOV_000485,SYN_TRAIN_0005,FREIGHT,SEC_008,2026-09-20 13:40:00,2026-09-20 13:45:00,DOWN,MEDIUM,TRUE,SCHEDULED,1.000,PLANNED
MOV_000486,SYN_TRAIN_0006,EXPRESS,SEC_003,2026-09-18 16:45:00,2026-09-18 17:15:00,DOWN,MEDIUM,FALSE,SCHEDULED,1.000,PLANNED
MOV_000487,SYN_TRAIN_0007,EXPRESS,SEC_001,2026-09-17 11:50:00,2026-09-17 12:20:00,UP,HIGH,FALSE,SCHEDULED,1.000,PLANNED
MOV_000488,SYN_TRAIN_0008,FREIGHT,SEC_010,2026-09-19 14:40:00,2026-09-19 15:00:00,DOWN,HIGH,TRUE,SCHEDULED,1.000,PLANNED
MOV_000489,SYN_TRAIN_0009,MAINTENANCE,SEC_010,2026-09-15 09:25:00,2026-09-15 09:33:00,UP,HIGH,FALSE,SCHEDULED,1.000,PLANNED
MOV_000490,SYN_TRAIN_0010,EXPRESS,SEC_006,2026-09-15 06:05:00,2026-09-15 06:17:00,DOWN,HIGH,FALSE,SCHEDULED,1.000,PLANNED
MOV_000491,SYN_TRAIN_0011,MAINTENANCE,SEC_006,2026-09-18 16:20:00,2026-09-18 16:35:00,DOWN,HIGH,FALSE,SCHEDULED,1.000,PLANNED
MOV_000492,SYN_TRAIN_0012,OTHER,SEC_006,2026-09-19 19:50:00,2026-09-19 20:05:00,UP,HIGH,FALSE,SCHEDULED,1.000,PLANNED
MOV_000493,SYN_TRAIN_0013,PASSENGER,SEC_004,2026-09-19 13:30:00,2026-09-19 13:45:00,UP,HIGH,FALSE,SCHEDULED,1.000,PLANNED
MOV_000494,SYN_TRAIN_0014,PASSENGER,SEC_002,2026-09-18 04:10:00,2026-09-18 04:30:00,DOWN,LOW,FALSE,SCHEDULED,1.000,PLANNED
MOV_000495,SYN_TRAIN_0015,FREIGHT,SEC_009,2026-09-20 18:10:00,2026-09-20 18:15:00,UP,HIGH,TRUE,SCHEDULED,1.000,PLANNED
MOV_000496,SYN_TRAIN_0016,EXPRESS,SEC_004,2026-09-19 05:00:00,2026-09-19 05:30:00,UP,MEDIUM,FALSE,SCHEDULED,1.000,PLANNED
MOV_000497,SYN_TRAIN_0017,MAINTENANCE,SEC_010,2026-09-19 17:55:00,2026-09-19 18:03:00,DOWN,MEDIUM,FALSE,SCHEDULED,1.000,PLANNED
MOV_000498,SYN_TRAIN_0018,EXPRESS,SEC_006,2026-09-17 21:55:00,2026-09-17 22:05:00,DOWN,HIGH,FALSE,SCHEDULED,1.000,PLANNED
MOV_000499,SYN_TRAIN_0019,PASSENGER,SEC_004,2026-09-20 20:45:00,2026-09-20 21:10:00,DOWN,LOW,FALSE,SCHEDULED,1.000,PLANNED
MOV_000500,SYN_TRAIN_0020,FREIGHT,SEC_010,2026-09-17 19:45:00,2026-09-17 19:57:00,UP,HIGH,TRUE,SCHEDULED,1.000,PLANNED
MOV_000501,SYN_TRAIN_0021,PASSENGER,SEC_007,2026-09-16 05:10:00,2026-09-16 05:22:00,DOWN,HIGH,FALSE,SCHEDULED,1.000,PLANNED
MOV_000502,SYN_TRAIN_0022,EXPRESS,SEC_005,2026-09-18 06:55:00,2026-09-18 07:07:00,DOWN,MEDIUM,FALSE,SCHEDULED,1.000,PLANNED
MOV_000503,SYN_TRAIN_0023,PASSENGER,SEC_001,2026-09-20 12:55:00,2026-09-20 13:03:00,UP,MEDIUM,FALSE,SCHEDULED,1.000,PLANNED
MOV_000504,SYN_TRAIN_0024,PASSENGER,SEC_007,2026-09-18 07:25:00,2026-09-18 07:55:00,DOWN,HIGH,FALSE,SCHEDULED,1.000,PLANNED
MOV_000505,SYN_TRAIN_0025,FREIGHT,SEC_004,2026-09-18 17:20:00,2026-09-18 17:35:00,DOWN,LOW,TRUE,SCHEDULED,1.000,PLANNED
MOV_000506,SYN_TRAIN_0026,EXPRESS,SEC_010,2026-09-19 06:55:00,2026-09-19 07:10:00,UP,LOW,FALSE,SCHEDULED,1.000,PLANNED
MOV_000507,SYN_TRAIN_0027,FREIGHT,SEC_008,2026-09-17 00:10:00,2026-09-17 00:35:00,UP,HIGH,TRUE,SCHEDULED,1.000,PLANNED
MOV_000508,SYN_TRAIN_0028,MAINTENANCE,SEC_006,2026-09-15 17:35:00,2026-09-15 17:50:00,DOWN,MEDIUM,FALSE,SCHEDULED,1.000,PLANNED
MOV_000509,SYN_TRAIN_0029,PASSENGER,SEC_006,2026-09-17 19:05:00,2026-09-17 19:17:00,DOWN,LOW,FALSE,SCHEDULED,1.000,PLANNED
MOV_000510,SYN_TRAIN_0030,PASSENGER,SEC_007,2026-09-14 12:30:00,2026-09-14 12:55:00,DOWN,LOW,FALSE,SCHEDULED,1.000,PLANNED
MOV_000511,SYN_TRAIN_0031,MAINTENANCE,SEC_009,2026-09-16 07:10:00,2026-09-16 07:25:00,DOWN,MEDIUM,FALSE,SCHEDULED,1.000,PLANNED
MOV_000512,SYN_TRAIN_0032,PASSENGER,SEC_004,2026-09-15 20:00:00,2026-09-15 20:10:00,UP,LOW,FALSE,SCHEDULED,1.000,PLANNED
MOV_000513,SYN_TRAIN_0033,PASSENGER,SEC_005,2026-09-17 17:25:00,2026-09-17 17:50:00,DOWN,LOW,FALSE,SCHEDULED,1.000,PLANNED
MOV_000514,SYN_TRAIN_0034,MAINTENANCE,SEC_010,2026-09-14 19:45:00,2026-09-14 19:57:00,DOWN,LOW,FALSE,SCHEDULED,1.000,PLANNED
MOV_000515,SYN_TRAIN_0035,PASSENGER,SEC_001,2026-09-14 08:35:00,2026-09-14 08:47:00,DOWN,LOW,FALSE,SCHEDULED,1.000,PLANNED
MOV_000516,SYN_TRAIN_0036,PASSENGER,SEC_001,2026-09-16 18:35:00,2026-09-16 18:50:00,UP,LOW,FALSE,SCHEDULED,1.000,PLANNED
MOV_000517,SYN_TRAIN_0037,PASSENGER,SEC_003,2026-09-15 03:10:00,2026-09-15 03:40:00,DOWN,LOW,FALSE,SCHEDULED,1.000,PLANNED
MOV_000518,SYN_TRAIN_0038,OTHER,SEC_002,2026-09-14 15:35:00,2026-09-14 15:40:00,DOWN,MEDIUM,FALSE,SCHEDULED,1.000,PLANNED
MOV_000519,SYN_TRAIN_0039,EXPRESS,SEC_006,2026-09-16 18:15:00,2026-09-16 18:30:00,UP,HIGH,FALSE,SCHEDULED,1.000,PLANNED
MOV_000520,SYN_TRAIN_0040,EXPRESS,SEC_001,2026-09-17 17:40:00,2026-09-17 18:05:00,DOWN,LOW,FALSE,SCHEDULED,1.000,PLANNED
MOV_000521,SYN_TRAIN_0041,EXPRESS,SEC_010,2026-09-15 08:20:00,2026-09-15 08:32:00,UP,LOW,FALSE,SCHEDULED,1.000,PLANNED
MOV_000522,SYN_TRAIN_0042,PASSENGER,SEC_003,2026-09-20 13:15:00,2026-09-20 13:35:00,DOWN,MEDIUM,FALSE,SCHEDULED,1.000,PLANNED
MOV_000523,SYN_TRAIN_0043,MAINTENANCE,SEC_003,2026-09-15 05:20:00,2026-09-15 05:50:00,UP,MEDIUM,FALSE,SCHEDULED,1.000,PLANNED
MOV_000524,SYN_TRAIN_0044,OTHER,SEC_002,2026-09-18 05:35:00,2026-09-18 05:45:00,UP,MEDIUM,FALSE,SCHEDULED,1.000,PLANNED
MOV_000525,SYN_TRAIN_0045,EXPRESS,SEC_002,2026-09-20 04:45:00,2026-09-20 04:55:00,DOWN,HIGH,FALSE,SCHEDULED,1.000,PLANNED
MOV_000526,SYN_TRAIN_0046,PASSENGER,SEC_006,2026-09-20 09:10:00,2026-09-20 09:25:00,DOWN,MEDIUM,FALSE,SCHEDULED,1.000,PLANNED
MOV_000527,SYN_TRAIN_0047,EXPRESS,SEC_006,2026-09-14 17:05:00,2026-09-14 17:17:00,UP,HIGH,FALSE,SCHEDULED,1.000,PLANNED
MOV_000528,SYN_TRAIN_0048,EXPRESS,SEC_009,2026-09-15 17:30:00,2026-09-15 17:55:00,UP,HIGH,FALSE,SCHEDULED,1.000,PLANNED
MOV_000529,SYN_TRAIN_0049,PASSENGER,SEC_004,2026-09-17 12:50:00,2026-09-17 13:00:00,UP,MEDIUM,FALSE,SCHEDULED,1.000,PLANNED
MOV_000530,SYN_TRAIN_0050,PASSENGER,SEC_001,2026-09-20 18:35:00,2026-09-20 18:43:00,UP,HIGH,FALSE,SCHEDULED,1.000,PLANNED
MOV_000531,SYN_TRAIN_0051,FREIGHT,SEC_004,2026-09-14 06:10:00,2026-09-14 06:25:00,DOWN,LOW,TRUE,SCHEDULED,1.000,PLANNED
MOV_000532,SYN_TRAIN_0052,PASSENGER,SEC_003,2026-09-19 07:45:00,2026-09-19 08:15:00,UP,LOW,FALSE,SCHEDULED,1.000,PLANNED
MOV_000533,SYN_TRAIN_0053,FREIGHT,SEC_001,2026-09-20 06:05:00,2026-09-20 06:20:00,UP,MEDIUM,TRUE,SCHEDULED,1.000,PLANNED
MOV_000534,SYN_TRAIN_0054,EXPRESS,SEC_010,2026-09-20 06:30:00,2026-09-20 06:38:00,DOWN,HIGH,FALSE,SCHEDULED,1.000,PLANNED
MOV_000535,SYN_TRAIN_0055,EXPRESS,SEC_003,2026-09-18 16:20:00,2026-09-18 16:28:00,DOWN,MEDIUM,FALSE,SCHEDULED,1.000,PLANNED
MOV_000536,SYN_TRAIN_0056,PASSENGER,SEC_009,2026-09-14 22:50:00,2026-09-14 23:02:00,UP,MEDIUM,FALSE,SCHEDULED,1.000,PLANNED
MOV_000537,SYN_TRAIN_0057,FREIGHT,SEC_007,2026-09-16 07:55:00,2026-09-16 08:05:00,DOWN,HIGH,TRUE,SCHEDULED,1.000,PLANNED
MOV_000538,SYN_TRAIN_0058,FREIGHT,SEC_007,2026-09-16 20:50:00,2026-09-16 21:15:00,UP,MEDIUM,TRUE,SCHEDULED,1.000,PLANNED
MOV_000539,SYN_TRAIN_0059,PASSENGER,SEC_006,2026-09-19 15:40:00,2026-09-19 16:00:00,DOWN,HIGH,FALSE,SCHEDULED,1.000,PLANNED
MOV_000540,SYN_TRAIN_0060,PASSENGER,SEC_004,2026-09-14 06:20:00,2026-09-14 06:45:00,DOWN,LOW,FALSE,SCHEDULED,1.000,PLANNED
MOV_000541,SYN_TRAIN_0061,EXPRESS,SEC_007,2026-09-14 16:05:00,2026-09-14 16:20:00,DOWN,HIGH,FALSE,SCHEDULED,1.000,PLANNED
MOV_000542,SYN_TRAIN_0062,PASSENGER,SEC_002,2026-09-15 05:05:00,2026-09-15 05:35:00,UP,MEDIUM,FALSE,SCHEDULED,1.000,PLANNED
MOV_000543,SYN_TRAIN_0063,EXPRESS,SEC_005,2026-09-16 20:10:00,2026-09-16 20:18:00,DOWN,LOW,FALSE,SCHEDULED,1.000,PLANNED
MOV_000544,SYN_TRAIN_0064,EXPRESS,SEC_004,2026-09-18 05:05:00,2026-09-18 05:13:00,UP,MEDIUM,FALSE,SCHEDULED,1.000,PLANNED
MOV_000545,SYN_TRAIN_0065,PASSENGER,SEC_008,2026-09-16 17:35:00,2026-09-16 17:43:00,UP,LOW,FALSE,SCHEDULED,1.000,PLANNED
MOV_000546,SYN_TRAIN_0066,PASSENGER,SEC_003,2026-09-15 08:35:00,2026-09-15 08:40:00,DOWN,MEDIUM,FALSE,SCHEDULED,1.000,PLANNED
MOV_000547,SYN_TRAIN_0067,MAINTENANCE,SEC_008,2026-09-18 21:10:00,2026-09-18 21:18:00,DOWN,HIGH,FALSE,SCHEDULED,1.000,PLANNED
MOV_000548,SYN_TRAIN_0068,PASSENGER,SEC_002,2026-09-15 16:25:00,2026-09-15 16:40:00,UP,MEDIUM,FALSE,SCHEDULED,1.000,PLANNED
MOV_000549,SYN_TRAIN_0069,FREIGHT,SEC_002,2026-09-17 15:30:00,2026-09-17 15:35:00,DOWN,MEDIUM,TRUE,SCHEDULED,1.000,PLANNED
MOV_000550,SYN_TRAIN_0070,PASSENGER,SEC_001,2026-09-19 14:20:00,2026-09-19 14:25:00,UP,MEDIUM,FALSE,SCHEDULED,1.000,PLANNED
MOV_000551,SYN_TRAIN_0071,FREIGHT,SEC_002,2026-09-17 21:10:00,2026-09-17 21:20:00,UP,MEDIUM,TRUE,SCHEDULED,1.000,PLANNED
MOV_000552,SYN_TRAIN_0072,EXPRESS,SEC_004,2026-09-20 11:30:00,2026-09-20 11:42:00,UP,HIGH,FALSE,SCHEDULED,1.000,PLANNED
MOV_000553,SYN_TRAIN_0073,MAINTENANCE,SEC_004,2026-09-20 06:35:00,2026-09-20 06:40:00,DOWN,HIGH,FALSE,SCHEDULED,1.000,PLANNED
MOV_000554,SYN_TRAIN_0074,MAINTENANCE,SEC_010,2026-09-20 19:55:00,2026-09-20 20:05:00,DOWN,HIGH,FALSE,SCHEDULED,1.000,PLANNED
MOV_000555,SYN_TRAIN_0075,EXPRESS,SEC_009,2026-09-14 09:05:00,2026-09-14 09:13:00,UP,HIGH,FALSE,SCHEDULED,1.000,PLANNED
MOV_000556,SYN_TRAIN_0076,PASSENGER,SEC_005,2026-09-16 12:40:00,2026-09-16 13:05:00,UP,LOW,FALSE,SCHEDULED,1.000,PLANNED
MOV_000557,SYN_TRAIN_0077,EXPRESS,SEC_009,2026-09-18 11:30:00,2026-09-18 11:38:00,DOWN,HIGH,FALSE,SCHEDULED,1.000,PLANNED
MOV_000558,SYN_TRAIN_0078,EXPRESS,SEC_009,2026-09-19 10:30:00,2026-09-19 10:38:00,UP,MEDIUM,FALSE,SCHEDULED,1.000,PLANNED
MOV_000559,SYN_TRAIN_0079,FREIGHT,SEC_006,2026-09-16 07:00:00,2026-09-16 07:25:00,UP,HIGH,TRUE,SCHEDULED,1.000,PLANNED
MOV_000560,SYN_TRAIN_0080,EXPRESS,SEC_003,2026-09-20 20:50:00,2026-09-20 20:58:00,UP,MEDIUM,FALSE,SCHEDULED,1.000,PLANNED
MOV_000561,SYN_TRAIN_0081,EXPRESS,SEC_009,2026-09-18 12:25:00,2026-09-18 12:40:00,UP,HIGH,FALSE,SCHEDULED,1.000,PLANNED
MOV_000562,SYN_TRAIN_0082,MAINTENANCE,SEC_002,2026-09-16 07:15:00,2026-09-16 07:30:00,UP,HIGH,FALSE,SCHEDULED,1.000,PLANNED
MOV_000563,SYN_TRAIN_0083,PASSENGER,SEC_004,2026-09-14 00:00:00,2026-09-14 00:05:00,DOWN,HIGH,FALSE,SCHEDULED,1.000,PLANNED
MOV_000564,SYN_TRAIN_0084,EXPRESS,SEC_005,2026-09-19 16:55:00,2026-09-19 17:10:00,UP,HIGH,FALSE,SCHEDULED,1.000,PLANNED
MOV_000565,SYN_TRAIN_0085,MAINTENANCE,SEC_003,2026-09-16 12:00:00,2026-09-16 12:08:00,UP,LOW,FALSE,SCHEDULED,1.000,PLANNED
MOV_000566,SYN_TRAIN_0086,PASSENGER,SEC_004,2026-09-14 09:00:00,2026-09-14 09:30:00,UP,LOW,FALSE,SCHEDULED,1.000,PLANNED
MOV_000567,SYN_TRAIN_0087,OTHER,SEC_001,2026-09-16 22:55:00,2026-09-16 23:15:00,UP,HIGH,FALSE,SCHEDULED,1.000,PLANNED
MOV_000568,SYN_TRAIN_0088,EXPRESS,SEC_009,2026-09-17 05:30:00,2026-09-17 05:40:00,UP,LOW,FALSE,SCHEDULED,1.000,PLANNED
MOV_000569,SYN_TRAIN_0089,PASSENGER,SEC_001,2026-09-14 19:15:00,2026-09-14 19:45:00,UP,MEDIUM,FALSE,SCHEDULED,1.000,PLANNED
MOV_000570,SYN_TRAIN_0090,PASSENGER,SEC_003,2026-09-20 06:55:00,2026-09-20 07:20:00,UP,LOW,FALSE,SCHEDULED,1.000,PLANNED
MOV_000571,SYN_TRAIN_0091,PASSENGER,SEC_010,2026-09-19 05:35:00,2026-09-19 06:00:00,DOWN,HIGH,FALSE,SCHEDULED,1.000,PLANNED
MOV_000572,SYN_TRAIN_0092,PASSENGER,SEC_004,2026-09-14 16:10:00,2026-09-14 16:20:00,UP,HIGH,FALSE,SCHEDULED,1.000,PLANNED
MOV_000573,SYN_TRAIN_0093,PASSENGER,SEC_001,2026-09-17 08:50:00,2026-09-17 09:02:00,UP,LOW,FALSE,SCHEDULED,1.000,PLANNED
MOV_000574,SYN_TRAIN_0094,MAINTENANCE,SEC_002,2026-09-20 08:10:00,2026-09-20 08:22:00,DOWN,HIGH,FALSE,SCHEDULED,1.000,PLANNED
MOV_000575,SYN_TRAIN_0095,PASSENGER,SEC_001,2026-09-14 17:20:00,2026-09-14 17:25:00,DOWN,MEDIUM,FALSE,SCHEDULED,1.000,PLANNED
MOV_000576,SYN_TRAIN_0096,EXPRESS,SEC_001,2026-09-17 07:25:00,2026-09-17 07:33:00,DOWN,HIGH,FALSE,SCHEDULED,1.000,PLANNED
MOV_000577,SYN_TRAIN_0097,PASSENGER,SEC_009,2026-09-18 14:55:00,2026-09-18 15:25:00,DOWN,LOW,FALSE,SCHEDULED,1.000,PLANNED
MOV_000578,SYN_TRAIN_0098,EXPRESS,SEC_005,2026-09-20 11:40:00,2026-09-20 12:10:00,UP,HIGH,FALSE,SCHEDULED,1.000,PLANNED
MOV_000579,SYN_TRAIN_0099,MAINTENANCE,SEC_002,2026-09-15 17:20:00,2026-09-15 17:25:00,UP,MEDIUM,FALSE,SCHEDULED,1.000,PLANNED
MOV_000580,SYN_TRAIN_0100,FREIGHT,SEC_004,2026-09-15 06:30:00,2026-09-15 06:42:00,DOWN,MEDIUM,TRUE,SCHEDULED,1.000,PLANNED
MOV_000581,SYN_TRAIN_0101,PASSENGER,SEC_008,2026-09-20 20:50:00,2026-09-20 21:00:00,UP,LOW,FALSE,SCHEDULED,1.000,PLANNED
MOV_000582,SYN_TRAIN_0102,PASSENGER,SEC_008,2026-09-20 09:35:00,2026-09-20 09:45:00,DOWN,HIGH,FALSE,SCHEDULED,1.000,PLANNED
MOV_000583,SYN_TRAIN_0103,FREIGHT,SEC_002,2026-09-20 17:45:00,2026-09-20 18:05:00,UP,HIGH,TRUE,SCHEDULED,1.000,PLANNED
MOV_000584,SYN_TRAIN_0104,FREIGHT,SEC_006,2026-09-20 21:15:00,2026-09-20 21:30:00,DOWN,HIGH,TRUE,SCHEDULED,1.000,PLANNED
MOV_000585,SYN_TRAIN_0105,FREIGHT,SEC_009,2026-09-20 19:15:00,2026-09-20 19:35:00,UP,MEDIUM,TRUE,SCHEDULED,1.000,PLANNED
MOV_000586,SYN_TRAIN_0106,MAINTENANCE,SEC_008,2026-09-14 05:25:00,2026-09-14 05:50:00,UP,LOW,FALSE,SCHEDULED,1.000,PLANNED
MOV_000587,SYN_TRAIN_0107,MAINTENANCE,SEC_004,2026-09-16 20:05:00,2026-09-16 20:30:00,DOWN,MEDIUM,FALSE,SCHEDULED,1.000,PLANNED
MOV_000588,SYN_TRAIN_0108,EXPRESS,SEC_001,2026-09-18 04:20:00,2026-09-18 04:35:00,DOWN,HIGH,FALSE,SCHEDULED,1.000,PLANNED
MOV_000589,SYN_TRAIN_0109,EXPRESS,SEC_005,2026-09-18 20:25:00,2026-09-18 20:33:00,DOWN,HIGH,FALSE,SCHEDULED,1.000,PLANNED
MOV_000590,SYN_TRAIN_0110,PASSENGER,SEC_007,2026-09-18 14:15:00,2026-09-18 14:35:00,UP,MEDIUM,FALSE,SCHEDULED,1.000,PLANNED
MOV_000591,SYN_TRAIN_0111,FREIGHT,SEC_010,2026-09-14 11:15:00,2026-09-14 11:23:00,DOWN,MEDIUM,TRUE,SCHEDULED,1.000,PLANNED
MOV_000592,SYN_TRAIN_0112,OTHER,SEC_006,2026-09-20 01:55:00,2026-09-20 02:07:00,UP,MEDIUM,FALSE,SCHEDULED,1.000,PLANNED
MOV_000593,SYN_TRAIN_0113,MAINTENANCE,SEC_009,2026-09-17 18:55:00,2026-09-17 19:20:00,UP,HIGH,FALSE,SCHEDULED,1.000,PLANNED
MOV_000594,SYN_TRAIN_0114,PASSENGER,SEC_002,2026-09-19 21:20:00,2026-09-19 21:25:00,DOWN,LOW,FALSE,SCHEDULED,1.000,PLANNED
MOV_000595,SYN_TRAIN_0115,MAINTENANCE,SEC_002,2026-09-19 15:45:00,2026-09-19 15:53:00,UP,LOW,FALSE,SCHEDULED,1.000,PLANNED
MOV_000596,SYN_TRAIN_0116,FREIGHT,SEC_007,2026-09-14 14:10:00,2026-09-14 14:30:00,DOWN,LOW,TRUE,SCHEDULED,1.000,PLANNED
MOV_000597,SYN_TRAIN_0117,FREIGHT,SEC_002,2026-09-16 16:55:00,2026-09-16 17:25:00,DOWN,HIGH,TRUE,SCHEDULED,1.000,PLANNED
MOV_000598,SYN_TRAIN_0118,PASSENGER,SEC_007,2026-09-20 08:00:00,2026-09-20 08:12:00,UP,LOW,FALSE,SCHEDULED,1.000,PLANNED
MOV_000599,SYN_TRAIN_0119,EXPRESS,SEC_001,2026-09-19 18:55:00,2026-09-19 19:25:00,DOWN,LOW,FALSE,SCHEDULED,1.000,PLANNED
MOV_000600,SYN_TRAIN_0120,PASSENGER,SEC_007,2026-09-17 07:55:00,2026-09-17 08:10:00,DOWN,MEDIUM,FALSE,SCHEDULED,1.000,PLANNED
MOV_000601,SYN_TRAIN_0121,PASSENGER,SEC_010,2026-09-18 17:40:00,2026-09-18 18:05:00,DOWN,LOW,FALSE,SCHEDULED,1.000,PLANNED
MOV_000602,SYN_TRAIN_0122,MAINTENANCE,SEC_003,2026-09-16 16:40:00,2026-09-16 17:10:00,DOWN,MEDIUM,FALSE,SCHEDULED,1.000,PLANNED
MOV_000603,SYN_TRAIN_0123,PASSENGER,SEC_010,2026-09-17 19:50:00,2026-09-17 20:15:00,UP,MEDIUM,FALSE,SCHEDULED,1.000,PLANNED
MOV_000604,SYN_TRAIN_0124,PASSENGER,SEC_004,2026-09-19 08:10:00,2026-09-19 08:20:00,DOWN,MEDIUM,FALSE,SCHEDULED,1.000,PLANNED
MOV_000605,SYN_TRAIN_0125,PASSENGER,SEC_003,2026-09-19 23:05:00,2026-09-19 23:17:00,DOWN,MEDIUM,FALSE,SCHEDULED,1.000,PLANNED
MOV_000606,SYN_TRAIN_0126,EXPRESS,SEC_007,2026-09-15 17:40:00,2026-09-15 17:55:00,UP,LOW,FALSE,SCHEDULED,1.000,PLANNED
MOV_000607,SYN_TRAIN_0127,FREIGHT,SEC_005,2026-09-17 10:35:00,2026-09-17 10:45:00,DOWN,HIGH,TRUE,SCHEDULED,1.000,PLANNED
MOV_000608,SYN_TRAIN_0128,PASSENGER,SEC_002,2026-09-19 07:55:00,2026-09-19 08:25:00,UP,LOW,FALSE,SCHEDULED,1.000,PLANNED
MOV_000609,SYN_TRAIN_0129,PASSENGER,SEC_006,2026-09-16 04:10:00,2026-09-16 04:15:00,UP,MEDIUM,FALSE,SCHEDULED,1.000,PLANNED
MOV_000610,SYN_TRAIN_0130,FREIGHT,SEC_010,2026-09-15 02:40:00,2026-09-15 03:05:00,DOWN,LOW,TRUE,SCHEDULED,1.000,PLANNED
MOV_000611,SYN_TRAIN_0131,PASSENGER,SEC_007,2026-09-20 00:20:00,2026-09-20 00:28:00,DOWN,HIGH,FALSE,SCHEDULED,1.000,PLANNED
MOV_000612,SYN_TRAIN_0132,EXPRESS,SEC_010,2026-09-17 17:45:00,2026-09-17 17:55:00,DOWN,HIGH,FALSE,SCHEDULED,1.000,PLANNED
MOV_000613,SYN_TRAIN_0133,FREIGHT,SEC_003,2026-09-14 00:30:00,2026-09-14 00:42:00,UP,LOW,TRUE,SCHEDULED,1.000,PLANNED
MOV_000614,SYN_TRAIN_0134,OTHER,SEC_005,2026-09-15 08:10:00,2026-09-15 08:20:00,UP,MEDIUM,FALSE,SCHEDULED,1.000,PLANNED
MOV_000615,SYN_TRAIN_0135,PASSENGER,SEC_007,2026-09-16 17:45:00,2026-09-16 17:55:00,UP,LOW,FALSE,SCHEDULED,1.000,PLANNED
MOV_000616,SYN_TRAIN_0136,FREIGHT,SEC_009,2026-09-14 20:15:00,2026-09-14 20:35:00,DOWN,MEDIUM,TRUE,SCHEDULED,1.000,PLANNED
MOV_000617,SYN_TRAIN_0137,OTHER,SEC_010,2026-09-17 21:30:00,2026-09-17 21:35:00,DOWN,HIGH,FALSE,SCHEDULED,1.000,PLANNED
MOV_000618,SYN_TRAIN_0138,EXPRESS,SEC_006,2026-09-20 23:05:00,2026-09-20 23:35:00,UP,MEDIUM,FALSE,SCHEDULED,1.000,PLANNED
MOV_000619,SYN_TRAIN_0139,OTHER,SEC_005,2026-09-16 05:40:00,2026-09-16 05:48:00,DOWN,LOW,FALSE,SCHEDULED,1.000,PLANNED
MOV_000620,SYN_TRAIN_0140,EXPRESS,SEC_003,2026-09-18 16:05:00,2026-09-18 16:17:00,UP,HIGH,FALSE,SCHEDULED,1.000,PLANNED
MOV_000621,SYN_TRAIN_0141,FREIGHT,SEC_001,2026-09-17 12:10:00,2026-09-17 12:22:00,UP,LOW,TRUE,SCHEDULED,1.000,PLANNED
MOV_000622,SYN_TRAIN_0142,FREIGHT,SEC_008,2026-09-20 10:55:00,2026-09-20 11:03:00,DOWN,LOW,TRUE,SCHEDULED,1.000,PLANNED
MOV_000623,SYN_TRAIN_0143,OTHER,SEC_001,2026-09-20 19:35:00,2026-09-20 19:55:00,DOWN,HIGH,FALSE,SCHEDULED,1.000,PLANNED
MOV_000624,SYN_TRAIN_0144,PASSENGER,SEC_006,2026-09-20 11:25:00,2026-09-20 11:35:00,DOWN,MEDIUM,FALSE,SCHEDULED,1.000,PLANNED
MOV_000625,SYN_TRAIN_0145,MAINTENANCE,SEC_003,2026-09-19 16:50:00,2026-09-19 17:10:00,UP,LOW,FALSE,SCHEDULED,1.000,PLANNED
MOV_000626,SYN_TRAIN_0146,EXPRESS,SEC_001,2026-09-20 18:45:00,2026-09-20 18:57:00,DOWN,HIGH,FALSE,SCHEDULED,1.000,PLANNED
MOV_000627,SYN_TRAIN_0147,MAINTENANCE,SEC_009,2026-09-15 05:00:00,2026-09-15 05:08:00,UP,HIGH,FALSE,SCHEDULED,1.000,PLANNED
MOV_000628,SYN_TRAIN_0148,EXPRESS,SEC_009,2026-09-17 08:10:00,2026-09-17 08:40:00,DOWN,MEDIUM,FALSE,SCHEDULED,1.000,PLANNED
MOV_000629,SYN_TRAIN_0149,PASSENGER,SEC_006,2026-09-15 07:25:00,2026-09-15 07:30:00,UP,MEDIUM,FALSE,SCHEDULED,1.000,PLANNED
MOV_000630,SYN_TRAIN_0150,PASSENGER,SEC_003,2026-09-18 16:45:00,2026-09-18 17:00:00,DOWN,MEDIUM,FALSE,SCHEDULED,1.000,PLANNED
MOV_000631,SYN_TRAIN_0151,FREIGHT,SEC_009,2026-09-20 08:40:00,2026-09-20 08:52:00,DOWN,MEDIUM,TRUE,SCHEDULED,1.000,PLANNED
MOV_000632,SYN_TRAIN_0152,FREIGHT,SEC_010,2026-09-14 17:50:00,2026-09-14 18:00:00,UP,HIGH,TRUE,SCHEDULED,1.000,PLANNED
MOV_000633,SYN_TRAIN_0153,PASSENGER,SEC_003,2026-09-20 09:05:00,2026-09-20 09:35:00,UP,MEDIUM,FALSE,SCHEDULED,1.000,PLANNED
MOV_000634,SYN_TRAIN_0154,FREIGHT,SEC_004,2026-09-18 22:50:00,2026-09-18 23:10:00,DOWN,LOW,TRUE,SCHEDULED,1.000,PLANNED
MOV_000635,SYN_TRAIN_0155,FREIGHT,SEC_006,2026-09-19 07:10:00,2026-09-19 07:20:00,UP,MEDIUM,TRUE,SCHEDULED,1.000,PLANNED
MOV_000636,SYN_TRAIN_0156,FREIGHT,SEC_008,2026-09-19 04:45:00,2026-09-19 04:55:00,UP,HIGH,TRUE,SCHEDULED,1.000,PLANNED
MOV_000637,SYN_TRAIN_0157,PASSENGER,SEC_001,2026-09-14 05:20:00,2026-09-14 05:28:00,UP,HIGH,FALSE,SCHEDULED,1.000,PLANNED
MOV_000638,SYN_TRAIN_0158,FREIGHT,SEC_006,2026-09-16 17:05:00,2026-09-16 17:35:00,UP,MEDIUM,TRUE,SCHEDULED,1.000,PLANNED
MOV_000639,SYN_TRAIN_0159,PASSENGER,SEC_002,2026-09-15 19:00:00,2026-09-15 19:20:00,DOWN,LOW,FALSE,SCHEDULED,1.000,PLANNED
MOV_000640,SYN_TRAIN_0160,FREIGHT,SEC_006,2026-09-16 18:10:00,2026-09-16 18:35:00,DOWN,MEDIUM,TRUE,SCHEDULED,1.000,PLANNED
MOV_000641,SYN_TRAIN_0001,FREIGHT,SEC_006,2026-09-17 05:40:00,2026-09-17 05:48:00,UP,HIGH,TRUE,SCHEDULED,1.000,PLANNED
MOV_000642,SYN_TRAIN_0002,PASSENGER,SEC_010,2026-09-17 10:45:00,2026-09-17 10:53:00,DOWN,MEDIUM,FALSE,SCHEDULED,1.000,PLANNED
MOV_000643,SYN_TRAIN_0003,FREIGHT,SEC_008,2026-09-16 06:25:00,2026-09-16 06:33:00,DOWN,LOW,TRUE,SCHEDULED,1.000,PLANNED
MOV_000644,SYN_TRAIN_0004,FREIGHT,SEC_009,2026-09-20 09:55:00,2026-09-20 10:20:00,UP,LOW,TRUE,SCHEDULED,1.000,PLANNED
MOV_000645,SYN_TRAIN_0005,OTHER,SEC_008,2026-09-14 12:15:00,2026-09-14 12:23:00,DOWN,HIGH,FALSE,SCHEDULED,1.000,PLANNED
MOV_000646,SYN_TRAIN_0006,PASSENGER,SEC_002,2026-09-19 13:30:00,2026-09-19 14:00:00,DOWN,LOW,FALSE,SCHEDULED,1.000,PLANNED
MOV_000647,SYN_TRAIN_0007,FREIGHT,SEC_002,2026-09-17 14:00:00,2026-09-17 14:25:00,DOWN,MEDIUM,TRUE,SCHEDULED,1.000,PLANNED
MOV_000648,SYN_TRAIN_0008,PASSENGER,SEC_008,2026-09-16 12:20:00,2026-09-16 12:40:00,UP,HIGH,FALSE,SCHEDULED,1.000,PLANNED
MOV_000649,SYN_TRAIN_0009,EXPRESS,SEC_001,2026-09-18 17:10:00,2026-09-18 17:35:00,DOWN,MEDIUM,FALSE,SCHEDULED,1.000,PLANNED
MOV_000650,SYN_TRAIN_0010,EXPRESS,SEC_001,2026-09-20 17:05:00,2026-09-20 17:17:00,DOWN,MEDIUM,FALSE,SCHEDULED,1.000,PLANNED
MOV_000651,SYN_TRAIN_0011,FREIGHT,SEC_008,2026-09-15 17:45:00,2026-09-15 17:50:00,DOWN,HIGH,TRUE,SCHEDULED,1.000,PLANNED
MOV_000652,SYN_TRAIN_0012,PASSENGER,SEC_010,2026-09-17 04:10:00,2026-09-17 04:30:00,DOWN,MEDIUM,FALSE,SCHEDULED,1.000,PLANNED
MOV_000653,SYN_TRAIN_0013,OTHER,SEC_004,2026-09-15 13:35:00,2026-09-15 13:47:00,DOWN,HIGH,FALSE,SCHEDULED,1.000,PLANNED
MOV_000654,SYN_TRAIN_0014,PASSENGER,SEC_004,2026-09-20 04:55:00,2026-09-20 05:15:00,UP,HIGH,FALSE,SCHEDULED,1.000,PLANNED
MOV_000655,SYN_TRAIN_0015,OTHER,SEC_002,2026-09-20 17:55:00,2026-09-20 18:07:00,UP,HIGH,FALSE,SCHEDULED,1.000,PLANNED
MOV_000656,SYN_TRAIN_0016,PASSENGER,SEC_007,2026-09-17 18:30:00,2026-09-17 19:00:00,UP,LOW,FALSE,SCHEDULED,1.000,PLANNED
MOV_000657,SYN_TRAIN_0017,OTHER,SEC_001,2026-09-19 04:15:00,2026-09-19 04:30:00,UP,MEDIUM,FALSE,SCHEDULED,1.000,PLANNED
MOV_000658,SYN_TRAIN_0018,PASSENGER,SEC_005,2026-09-20 07:45:00,2026-09-20 07:53:00,UP,HIGH,FALSE,SCHEDULED,1.000,PLANNED
MOV_000659,SYN_TRAIN_0019,PASSENGER,SEC_001,2026-09-17 19:15:00,2026-09-17 19:35:00,UP,MEDIUM,FALSE,SCHEDULED,1.000,PLANNED
MOV_000660,SYN_TRAIN_0020,EXPRESS,SEC_009,2026-09-17 10:10:00,2026-09-17 10:40:00,DOWN,HIGH,FALSE,SCHEDULED,1.000,PLANNED
MOV_000661,SYN_TRAIN_0021,MAINTENANCE,SEC_007,2026-09-18 22:55:00,2026-09-18 23:20:00,UP,LOW,FALSE,SCHEDULED,1.000,PLANNED
MOV_000662,SYN_TRAIN_0022,OTHER,SEC_007,2026-09-14 20:55:00,2026-09-14 21:10:00,DOWN,MEDIUM,FALSE,SCHEDULED,1.000,PLANNED
MOV_000663,SYN_TRAIN_0023,MAINTENANCE,SEC_006,2026-09-15 17:30:00,2026-09-15 17:55:00,DOWN,HIGH,FALSE,SCHEDULED,1.000,PLANNED
MOV_000664,SYN_TRAIN_0024,PASSENGER,SEC_002,2026-09-14 17:15:00,2026-09-14 17:30:00,UP,HIGH,FALSE,SCHEDULED,1.000,PLANNED
MOV_000665,SYN_TRAIN_0025,PASSENGER,SEC_006,2026-09-16 08:15:00,2026-09-16 08:27:00,UP,HIGH,FALSE,SCHEDULED,1.000,PLANNED
MOV_000666,SYN_TRAIN_0026,MAINTENANCE,SEC_008,2026-09-15 08:55:00,2026-09-15 09:05:00,UP,HIGH,FALSE,SCHEDULED,1.000,PLANNED
MOV_000667,SYN_TRAIN_0027,MAINTENANCE,SEC_001,2026-09-20 21:35:00,2026-09-20 21:47:00,DOWN,MEDIUM,FALSE,SCHEDULED,1.000,PLANNED
MOV_000668,SYN_TRAIN_0028,EXPRESS,SEC_008,2026-09-16 18:15:00,2026-09-16 18:23:00,DOWN,LOW,FALSE,SCHEDULED,1.000,PLANNED
MOV_000669,SYN_TRAIN_0029,FREIGHT,SEC_009,2026-09-15 13:35:00,2026-09-15 13:47:00,UP,LOW,TRUE,SCHEDULED,1.000,PLANNED
MOV_000670,SYN_TRAIN_0030,PASSENGER,SEC_002,2026-09-17 13:20:00,2026-09-17 13:45:00,UP,LOW,FALSE,SCHEDULED,1.000,PLANNED
MOV_000671,SYN_TRAIN_0031,MAINTENANCE,SEC_003,2026-09-19 08:30:00,2026-09-19 08:42:00,DOWN,LOW,FALSE,SCHEDULED,1.000,PLANNED
MOV_000672,SYN_TRAIN_0032,PASSENGER,SEC_010,2026-09-18 14:15:00,2026-09-18 14:40:00,DOWN,HIGH,FALSE,SCHEDULED,1.000,PLANNED
MOV_000673,SYN_TRAIN_0033,PASSENGER,SEC_003,2026-09-14 17:55:00,2026-09-14 18:03:00,DOWN,MEDIUM,FALSE,SCHEDULED,1.000,PLANNED
MOV_000674,SYN_TRAIN_0034,PASSENGER,SEC_001,2026-09-19 21:55:00,2026-09-19 22:03:00,DOWN,MEDIUM,FALSE,SCHEDULED,1.000,PLANNED
MOV_000675,SYN_TRAIN_0035,FREIGHT,SEC_007,2026-09-16 19:15:00,2026-09-16 19:35:00,UP,HIGH,TRUE,SCHEDULED,1.000,PLANNED
MOV_000676,SYN_TRAIN_0036,OTHER,SEC_008,2026-09-15 06:35:00,2026-09-15 06:50:00,DOWN,MEDIUM,FALSE,SCHEDULED,1.000,PLANNED
MOV_000677,SYN_TRAIN_0037,PASSENGER,SEC_004,2026-09-19 15:20:00,2026-09-19 15:25:00,UP,LOW,FALSE,SCHEDULED,1.000,PLANNED
MOV_000678,SYN_TRAIN_0038,MAINTENANCE,SEC_006,2026-09-14 15:20:00,2026-09-14 15:40:00,UP,MEDIUM,FALSE,SCHEDULED,1.000,PLANNED
MOV_000679,SYN_TRAIN_0039,PASSENGER,SEC_010,2026-09-15 19:15:00,2026-09-15 19:27:00,UP,MEDIUM,FALSE,SCHEDULED,1.000,PLANNED
MOV_000680,SYN_TRAIN_0040,EXPRESS,SEC_010,2026-09-19 17:55:00,2026-09-19 18:15:00,UP,MEDIUM,FALSE,SCHEDULED,1.000,PLANNED
MOV_000681,SYN_TRAIN_0041,PASSENGER,SEC_009,2026-09-14 06:35:00,2026-09-14 06:43:00,UP,MEDIUM,FALSE,SCHEDULED,1.000,PLANNED
MOV_000682,SYN_TRAIN_0042,PASSENGER,SEC_004,2026-09-17 01:35:00,2026-09-17 01:40:00,DOWN,LOW,FALSE,SCHEDULED,1.000,PLANNED
MOV_000683,SYN_TRAIN_0043,PASSENGER,SEC_006,2026-09-14 20:50:00,2026-09-14 21:02:00,UP,MEDIUM,FALSE,SCHEDULED,1.000,PLANNED
MOV_000684,SYN_TRAIN_0044,FREIGHT,SEC_002,2026-09-17 17:25:00,2026-09-17 17:35:00,DOWN,HIGH,TRUE,SCHEDULED,1.000,PLANNED
MOV_000685,SYN_TRAIN_0045,PASSENGER,SEC_009,2026-09-20 06:10:00,2026-09-20 06:25:00,DOWN,LOW,FALSE,SCHEDULED,1.000,PLANNED
MOV_000686,SYN_TRAIN_0046,FREIGHT,SEC_007,2026-09-20 08:00:00,2026-09-20 08:30:00,UP,HIGH,TRUE,SCHEDULED,1.000,PLANNED
MOV_000687,SYN_TRAIN_0047,PASSENGER,SEC_008,2026-09-16 06:50:00,2026-09-16 07:10:00,UP,HIGH,FALSE,SCHEDULED,1.000,PLANNED
MOV_000688,SYN_TRAIN_0048,FREIGHT,SEC_002,2026-09-15 05:35:00,2026-09-15 05:40:00,DOWN,LOW,TRUE,SCHEDULED,1.000,PLANNED
MOV_000689,SYN_TRAIN_0049,EXPRESS,SEC_009,2026-09-19 19:35:00,2026-09-19 19:50:00,UP,LOW,FALSE,SCHEDULED,1.000,PLANNED
MOV_000690,SYN_TRAIN_0050,MAINTENANCE,SEC_003,2026-09-17 03:20:00,2026-09-17 03:25:00,DOWN,MEDIUM,FALSE,SCHEDULED,1.000,PLANNED
MOV_000691,SYN_TRAIN_0051,OTHER,SEC_006,2026-09-19 00:05:00,2026-09-19 00:30:00,UP,MEDIUM,FALSE,SCHEDULED,1.000,PLANNED
MOV_000692,SYN_TRAIN_0052,PASSENGER,SEC_006,2026-09-16 17:50:00,2026-09-16 17:55:00,DOWN,MEDIUM,FALSE,SCHEDULED,1.000,PLANNED
MOV_000693,SYN_TRAIN_0053,PASSENGER,SEC_004,2026-09-18 18:35:00,2026-09-18 18:47:00,DOWN,HIGH,FALSE,SCHEDULED,1.000,PLANNED
MOV_000694,SYN_TRAIN_0054,EXPRESS,SEC_008,2026-09-16 20:20:00,2026-09-16 20:25:00,UP,MEDIUM,FALSE,SCHEDULED,1.000,PLANNED
MOV_000695,SYN_TRAIN_0055,PASSENGER,SEC_010,2026-09-17 11:35:00,2026-09-17 11:43:00,UP,MEDIUM,FALSE,SCHEDULED,1.000,PLANNED
MOV_000696,SYN_TRAIN_0056,PASSENGER,SEC_010,2026-09-17 12:05:00,2026-09-17 12:15:00,DOWN,LOW,FALSE,SCHEDULED,1.000,PLANNED
MOV_000697,SYN_TRAIN_0057,FREIGHT,SEC_007,2026-09-14 11:35:00,2026-09-14 11:47:00,DOWN,HIGH,TRUE,SCHEDULED,1.000,PLANNED
MOV_000698,SYN_TRAIN_0058,FREIGHT,SEC_005,2026-09-19 12:55:00,2026-09-19 13:15:00,DOWN,MEDIUM,TRUE,SCHEDULED,1.000,PLANNED
MOV_000699,SYN_TRAIN_0059,PASSENGER,SEC_002,2026-09-16 21:00:00,2026-09-16 21:25:00,DOWN,LOW,FALSE,SCHEDULED,1.000,PLANNED
MOV_000700,SYN_TRAIN_0060,PASSENGER,SEC_010,2026-09-18 17:10:00,2026-09-18 17:30:00,DOWN,MEDIUM,FALSE,SCHEDULED,1.000,PLANNED
MOV_000701,SYN_TRAIN_0061,MAINTENANCE,SEC_006,2026-09-16 14:00:00,2026-09-16 14:05:00,DOWN,HIGH,FALSE,SCHEDULED,1.000,PLANNED
MOV_000702,SYN_TRAIN_0062,PASSENGER,SEC_006,2026-09-14 14:40:00,2026-09-14 14:52:00,UP,MEDIUM,FALSE,SCHEDULED,1.000,PLANNED
MOV_000703,SYN_TRAIN_0063,MAINTENANCE,SEC_009,2026-09-19 12:00:00,2026-09-19 12:15:00,UP,MEDIUM,FALSE,SCHEDULED,1.000,PLANNED
MOV_000704,SYN_TRAIN_0064,FREIGHT,SEC_006,2026-09-16 22:30:00,2026-09-16 22:38:00,UP,HIGH,TRUE,SCHEDULED,1.000,PLANNED
MOV_000705,SYN_TRAIN_0065,FREIGHT,SEC_005,2026-09-15 06:45:00,2026-09-15 06:53:00,UP,HIGH,TRUE,SCHEDULED,1.000,PLANNED
MOV_000706,SYN_TRAIN_0066,PASSENGER,SEC_003,2026-09-19 13:25:00,2026-09-19 13:33:00,UP,LOW,FALSE,SCHEDULED,1.000,PLANNED
MOV_000707,SYN_TRAIN_0067,FREIGHT,SEC_004,2026-09-16 05:35:00,2026-09-16 05:45:00,DOWN,MEDIUM,TRUE,SCHEDULED,1.000,PLANNED
MOV_000708,SYN_TRAIN_0068,PASSENGER,SEC_002,2026-09-17 15:30:00,2026-09-17 15:35:00,UP,MEDIUM,FALSE,SCHEDULED,1.000,PLANNED
MOV_000709,SYN_TRAIN_0069,PASSENGER,SEC_008,2026-09-17 07:10:00,2026-09-17 07:25:00,DOWN,LOW,FALSE,SCHEDULED,1.000,PLANNED
MOV_000710,SYN_TRAIN_0070,PASSENGER,SEC_005,2026-09-15 18:50:00,2026-09-15 18:58:00,DOWN,LOW,FALSE,SCHEDULED,1.000,PLANNED
MOV_000711,SYN_TRAIN_0071,FREIGHT,SEC_007,2026-09-16 18:20:00,2026-09-16 18:45:00,DOWN,LOW,TRUE,SCHEDULED,1.000,PLANNED
MOV_000712,SYN_TRAIN_0072,PASSENGER,SEC_003,2026-09-15 16:20:00,2026-09-15 16:25:00,DOWN,LOW,FALSE,SCHEDULED,1.000,PLANNED
MOV_000713,SYN_TRAIN_0073,MAINTENANCE,SEC_007,2026-09-14 06:00:00,2026-09-14 06:05:00,DOWN,MEDIUM,FALSE,SCHEDULED,1.000,PLANNED
MOV_000714,SYN_TRAIN_0074,OTHER,SEC_006,2026-09-16 20:30:00,2026-09-16 20:45:00,DOWN,MEDIUM,FALSE,SCHEDULED,1.000,PLANNED
MOV_000715,SYN_TRAIN_0075,FREIGHT,SEC_001,2026-09-17 21:35:00,2026-09-17 21:50:00,DOWN,MEDIUM,TRUE,SCHEDULED,1.000,PLANNED
MOV_000716,SYN_TRAIN_0076,EXPRESS,SEC_001,2026-09-19 07:20:00,2026-09-19 07:25:00,UP,HIGH,FALSE,SCHEDULED,1.000,PLANNED
MOV_000717,SYN_TRAIN_0077,FREIGHT,SEC_010,2026-09-18 14:55:00,2026-09-18 15:07:00,UP,MEDIUM,TRUE,SCHEDULED,1.000,PLANNED
MOV_000718,SYN_TRAIN_0078,FREIGHT,SEC_008,2026-09-20 22:45:00,2026-09-20 22:55:00,UP,HIGH,TRUE,SCHEDULED,1.000,PLANNED
MOV_000719,SYN_TRAIN_0079,EXPRESS,SEC_006,2026-09-17 07:40:00,2026-09-17 07:48:00,UP,MEDIUM,FALSE,SCHEDULED,1.000,PLANNED
MOV_000720,SYN_TRAIN_0080,PASSENGER,SEC_008,2026-09-19 05:05:00,2026-09-19 05:30:00,DOWN,LOW,FALSE,SCHEDULED,1.000,PLANNED
MOV_000721,SYN_TRAIN_0081,MAINTENANCE,SEC_005,2026-09-17 01:25:00,2026-09-17 01:37:00,UP,MEDIUM,FALSE,SCHEDULED,1.000,PLANNED
MOV_000722,SYN_TRAIN_0082,FREIGHT,SEC_003,2026-09-18 04:05:00,2026-09-18 04:17:00,UP,MEDIUM,TRUE,SCHEDULED,1.000,PLANNED
MOV_000723,SYN_TRAIN_0083,PASSENGER,SEC_009,2026-09-20 17:55:00,2026-09-20 18:10:00,DOWN,LOW,FALSE,SCHEDULED,1.000,PLANNED
MOV_000724,SYN_TRAIN_0084,OTHER,SEC_010,2026-09-20 16:00:00,2026-09-20 16:10:00,DOWN,HIGH,FALSE,SCHEDULED,1.000,PLANNED
MOV_000725,SYN_TRAIN_0085,EXPRESS,SEC_004,2026-09-17 07:15:00,2026-09-17 07:35:00,DOWN,LOW,FALSE,SCHEDULED,1.000,PLANNED
MOV_000726,SYN_TRAIN_0086,OTHER,SEC_008,2026-09-19 17:50:00,2026-09-19 18:10:00,DOWN,HIGH,FALSE,SCHEDULED,1.000,PLANNED
MOV_000727,SYN_TRAIN_0087,PASSENGER,SEC_005,2026-09-15 06:45:00,2026-09-15 07:10:00,DOWN,HIGH,FALSE,SCHEDULED,1.000,PLANNED
MOV_000728,SYN_TRAIN_0088,OTHER,SEC_003,2026-09-17 19:45:00,2026-09-17 20:05:00,DOWN,MEDIUM,FALSE,SCHEDULED,1.000,PLANNED
MOV_000729,SYN_TRAIN_0089,OTHER,SEC_004,2026-09-16 06:30:00,2026-09-16 06:50:00,UP,LOW,FALSE,SCHEDULED,1.000,PLANNED
MOV_000730,SYN_TRAIN_0090,FREIGHT,SEC_007,2026-09-19 04:35:00,2026-09-19 04:43:00,UP,MEDIUM,TRUE,SCHEDULED,1.000,PLANNED
MOV_000731,SYN_TRAIN_0091,FREIGHT,SEC_004,2026-09-16 16:25:00,2026-09-16 16:35:00,UP,LOW,TRUE,SCHEDULED,1.000,PLANNED
MOV_000732,SYN_TRAIN_0092,PASSENGER,SEC_007,2026-09-20 05:25:00,2026-09-20 05:55:00,UP,HIGH,FALSE,SCHEDULED,1.000,PLANNED
MOV_000733,SYN_TRAIN_0093,MAINTENANCE,SEC_006,2026-09-20 02:20:00,2026-09-20 02:28:00,DOWN,HIGH,FALSE,SCHEDULED,1.000,PLANNED
MOV_000734,SYN_TRAIN_0094,PASSENGER,SEC_005,2026-09-15 18:00:00,2026-09-15 18:30:00,DOWN,HIGH,FALSE,SCHEDULED,1.000,PLANNED
MOV_000735,SYN_TRAIN_0095,EXPRESS,SEC_003,2026-09-14 04:05:00,2026-09-14 04:13:00,UP,HIGH,FALSE,SCHEDULED,1.000,PLANNED
MOV_000736,SYN_TRAIN_0096,PASSENGER,SEC_002,2026-09-19 19:20:00,2026-09-19 19:30:00,DOWN,LOW,FALSE,SCHEDULED,1.000,PLANNED
MOV_000737,SYN_TRAIN_0097,OTHER,SEC_007,2026-09-14 07:25:00,2026-09-14 07:33:00,UP,HIGH,FALSE,SCHEDULED,1.000,PLANNED
MOV_000738,SYN_TRAIN_0098,OTHER,SEC_004,2026-09-18 16:05:00,2026-09-18 16:17:00,UP,HIGH,FALSE,SCHEDULED,1.000,PLANNED
MOV_000739,SYN_TRAIN_0099,FREIGHT,SEC_001,2026-09-20 03:55:00,2026-09-20 04:25:00,DOWN,MEDIUM,TRUE,SCHEDULED,1.000,PLANNED
MOV_000740,SYN_TRAIN_0100,MAINTENANCE,SEC_008,2026-09-17 14:35:00,2026-09-17 15:00:00,UP,MEDIUM,FALSE,SCHEDULED,1.000,PLANNED
MOV_000741,SYN_TRAIN_0101,FREIGHT,SEC_007,2026-09-16 09:45:00,2026-09-16 10:00:00,UP,LOW,TRUE,SCHEDULED,1.000,PLANNED
MOV_000742,SYN_TRAIN_0102,EXPRESS,SEC_001,2026-09-18 17:45:00,2026-09-18 18:10:00,UP,HIGH,FALSE,SCHEDULED,1.000,PLANNED
MOV_000743,SYN_TRAIN_0103,FREIGHT,SEC_008,2026-09-15 23:20:00,2026-09-15 23:28:00,DOWN,HIGH,TRUE,SCHEDULED,1.000,PLANNED
MOV_000744,SYN_TRAIN_0104,FREIGHT,SEC_006,2026-09-19 06:35:00,2026-09-19 07:00:00,DOWN,MEDIUM,TRUE,SCHEDULED,1.000,PLANNED
MOV_000745,SYN_TRAIN_0105,EXPRESS,SEC_006,2026-09-19 11:40:00,2026-09-19 12:05:00,DOWN,HIGH,FALSE,SCHEDULED,1.000,PLANNED
MOV_000746,SYN_TRAIN_0106,EXPRESS,SEC_005,2026-09-19 07:55:00,2026-09-19 08:25:00,DOWN,MEDIUM,FALSE,SCHEDULED,1.000,PLANNED
MOV_000747,SYN_TRAIN_0107,PASSENGER,SEC_010,2026-09-17 04:20:00,2026-09-17 04:28:00,UP,MEDIUM,FALSE,SCHEDULED,1.000,PLANNED
MOV_000748,SYN_TRAIN_0108,PASSENGER,SEC_004,2026-09-15 05:00:00,2026-09-15 05:05:00,DOWN,MEDIUM,FALSE,SCHEDULED,1.000,PLANNED
MOV_000749,SYN_TRAIN_0109,EXPRESS,SEC_001,2026-09-19 16:15:00,2026-09-19 16:25:00,UP,MEDIUM,FALSE,SCHEDULED,1.000,PLANNED
MOV_000750,SYN_TRAIN_0110,MAINTENANCE,SEC_008,2026-09-17 07:20:00,2026-09-17 07:30:00,UP,HIGH,FALSE,SCHEDULED,1.000,PLANNED
MOV_000751,SYN_TRAIN_0111,FREIGHT,SEC_003,2026-09-18 14:45:00,2026-09-18 15:05:00,UP,LOW,TRUE,SCHEDULED,1.000,PLANNED
MOV_000752,SYN_TRAIN_0112,FREIGHT,SEC_010,2026-09-18 18:35:00,2026-09-18 19:00:00,DOWN,LOW,TRUE,SCHEDULED,1.000,PLANNED
MOV_000753,SYN_TRAIN_0113,EXPRESS,SEC_008,2026-09-18 22:50:00,2026-09-18 23:20:00,UP,HIGH,FALSE,SCHEDULED,1.000,PLANNED
MOV_000754,SYN_TRAIN_0114,PASSENGER,SEC_004,2026-09-19 20:10:00,2026-09-19 20:30:00,UP,LOW,FALSE,SCHEDULED,1.000,PLANNED
MOV_000755,SYN_TRAIN_0115,PASSENGER,SEC_009,2026-09-15 13:00:00,2026-09-15 13:05:00,DOWN,MEDIUM,FALSE,SCHEDULED,1.000,PLANNED
MOV_000756,SYN_TRAIN_0116,PASSENGER,SEC_007,2026-09-20 15:05:00,2026-09-20 15:15:00,UP,HIGH,FALSE,SCHEDULED,1.000,PLANNED
MOV_000757,SYN_TRAIN_0117,EXPRESS,SEC_003,2026-09-16 15:45:00,2026-09-16 15:50:00,UP,LOW,FALSE,SCHEDULED,1.000,PLANNED
MOV_000758,SYN_TRAIN_0118,PASSENGER,SEC_008,2026-09-19 04:50:00,2026-09-19 05:20:00,UP,HIGH,FALSE,SCHEDULED,1.000,PLANNED
MOV_000759,SYN_TRAIN_0119,MAINTENANCE,SEC_001,2026-09-20 06:10:00,2026-09-20 06:25:00,DOWN,HIGH,FALSE,SCHEDULED,1.000,PLANNED
MOV_000760,SYN_TRAIN_0120,PASSENGER,SEC_003,2026-09-20 08:10:00,2026-09-20 08:30:00,UP,LOW,FALSE,SCHEDULED,1.000,PLANNED
MOV_000761,SYN_TRAIN_0121,EXPRESS,SEC_001,2026-09-16 18:40:00,2026-09-16 19:00:00,UP,LOW,FALSE,SCHEDULED,1.000,PLANNED
MOV_000762,SYN_TRAIN_0122,PASSENGER,SEC_001,2026-09-14 18:20:00,2026-09-14 18:50:00,DOWN,LOW,FALSE,SCHEDULED,1.000,PLANNED
MOV_000763,SYN_TRAIN_0123,FREIGHT,SEC_009,2026-09-16 20:25:00,2026-09-16 20:37:00,DOWN,LOW,TRUE,SCHEDULED,1.000,PLANNED
MOV_000764,SYN_TRAIN_0124,PASSENGER,SEC_005,2026-09-17 19:20:00,2026-09-17 19:32:00,DOWN,LOW,FALSE,SCHEDULED,1.000,PLANNED
MOV_000765,SYN_TRAIN_0125,EXPRESS,SEC_010,2026-09-20 07:00:00,2026-09-20 07:05:00,DOWN,MEDIUM,FALSE,SCHEDULED,1.000,PLANNED
MOV_000766,SYN_TRAIN_0126,MAINTENANCE,SEC_005,2026-09-19 11:25:00,2026-09-19 11:35:00,UP,LOW,FALSE,SCHEDULED,1.000,PLANNED
MOV_000767,SYN_TRAIN_0127,FREIGHT,SEC_004,2026-09-19 17:05:00,2026-09-19 17:35:00,UP,HIGH,TRUE,SCHEDULED,1.000,PLANNED
MOV_000768,SYN_TRAIN_0128,FREIGHT,SEC_008,2026-09-14 13:50:00,2026-09-14 13:58:00,DOWN,MEDIUM,TRUE,SCHEDULED,1.000,PLANNED
MOV_000769,SYN_TRAIN_0129,MAINTENANCE,SEC_006,2026-09-15 06:35:00,2026-09-15 07:05:00,UP,LOW,FALSE,SCHEDULED,1.000,PLANNED
MOV_000770,SYN_TRAIN_0130,OTHER,SEC_010,2026-09-15 04:30:00,2026-09-15 04:45:00,DOWN,MEDIUM,FALSE,SCHEDULED,1.000,PLANNED
MOV_000771,SYN_TRAIN_0131,FREIGHT,SEC_002,2026-09-14 05:00:00,2026-09-14 05:15:00,DOWN,MEDIUM,TRUE,SCHEDULED,1.000,PLANNED
MOV_000772,SYN_TRAIN_0132,PASSENGER,SEC_008,2026-09-17 05:45:00,2026-09-17 05:50:00,DOWN,LOW,FALSE,SCHEDULED,1.000,PLANNED
MOV_000773,SYN_TRAIN_0133,PASSENGER,SEC_009,2026-09-15 18:35:00,2026-09-15 18:47:00,DOWN,HIGH,FALSE,SCHEDULED,1.000,PLANNED
MOV_000774,SYN_TRAIN_0134,FREIGHT,SEC_007,2026-09-17 17:10:00,2026-09-17 17:40:00,UP,LOW,TRUE,SCHEDULED,1.000,PLANNED
MOV_000775,SYN_TRAIN_0135,EXPRESS,SEC_007,2026-09-18 12:50:00,2026-09-18 13:05:00,DOWN,MEDIUM,FALSE,SCHEDULED,1.000,PLANNED
MOV_000776,SYN_TRAIN_0136,MAINTENANCE,SEC_003,2026-09-20 08:30:00,2026-09-20 08:38:00,UP,HIGH,FALSE,SCHEDULED,1.000,PLANNED
MOV_000777,SYN_TRAIN_0137,EXPRESS,SEC_005,2026-09-15 18:50:00,2026-09-15 19:05:00,DOWN,LOW,FALSE,SCHEDULED,1.000,PLANNED
MOV_000778,SYN_TRAIN_0138,FREIGHT,SEC_005,2026-09-16 06:15:00,2026-09-16 06:23:00,UP,LOW,TRUE,SCHEDULED,1.000,PLANNED
MOV_000779,SYN_TRAIN_0139,PASSENGER,SEC_006,2026-09-14 17:45:00,2026-09-14 17:53:00,DOWN,MEDIUM,FALSE,SCHEDULED,1.000,PLANNED
MOV_000780,SYN_TRAIN_0140,EXPRESS,SEC_008,2026-09-17 18:20:00,2026-09-17 18:25:00,DOWN,MEDIUM,FALSE,SCHEDULED,1.000,PLANNED
MOV_000781,SYN_TRAIN_0141,PASSENGER,SEC_006,2026-09-20 15:35:00,2026-09-20 15:47:00,UP,HIGH,FALSE,SCHEDULED,1.000,PLANNED
MOV_000782,SYN_TRAIN_0142,FREIGHT,SEC_002,2026-09-17 10:50:00,2026-09-17 11:20:00,DOWN,LOW,TRUE,SCHEDULED,1.000,PLANNED
MOV_000783,SYN_TRAIN_0143,FREIGHT,SEC_010,2026-09-19 22:20:00,2026-09-19 22:25:00,UP,HIGH,TRUE,SCHEDULED,1.000,PLANNED
MOV_000784,SYN_TRAIN_0144,OTHER,SEC_001,2026-09-15 08:40:00,2026-09-15 08:45:00,UP,HIGH,FALSE,SCHEDULED,1.000,PLANNED
MOV_000785,SYN_TRAIN_0145,OTHER,SEC_004,2026-09-19 14:40:00,2026-09-19 14:45:00,UP,HIGH,FALSE,SCHEDULED,1.000,PLANNED
MOV_000786,SYN_TRAIN_0146,PASSENGER,SEC_010,2026-09-15 05:05:00,2026-09-15 05:17:00,UP,HIGH,FALSE,SCHEDULED,1.000,PLANNED
MOV_000787,SYN_TRAIN_0147,FREIGHT,SEC_003,2026-09-14 16:30:00,2026-09-14 17:00:00,UP,MEDIUM,TRUE,SCHEDULED,1.000,PLANNED
MOV_000788,SYN_TRAIN_0148,EXPRESS,SEC_009,2026-09-19 23:20:00,2026-09-19 23:40:00,UP,LOW,FALSE,SCHEDULED,1.000,PLANNED
MOV_000789,SYN_TRAIN_0149,PASSENGER,SEC_003,2026-09-17 06:20:00,2026-09-17 06:32:00,DOWN,LOW,FALSE,SCHEDULED,1.000,PLANNED
MOV_000790,SYN_TRAIN_0150,PASSENGER,SEC_007,2026-09-18 12:40:00,2026-09-18 12:55:00,DOWN,LOW,FALSE,SCHEDULED,1.000,PLANNED
MOV_000791,SYN_TRAIN_0151,PASSENGER,SEC_004,2026-09-19 17:00:00,2026-09-19 17:08:00,DOWN,MEDIUM,FALSE,SCHEDULED,1.000,PLANNED
MOV_000792,SYN_TRAIN_0152,MAINTENANCE,SEC_010,2026-09-17 17:45:00,2026-09-17 17:50:00,DOWN,HIGH,FALSE,SCHEDULED,1.000,PLANNED
MOV_000793,SYN_TRAIN_0153,FREIGHT,SEC_010,2026-09-18 19:40:00,2026-09-18 19:45:00,UP,MEDIUM,TRUE,SCHEDULED,1.000,PLANNED
MOV_000794,SYN_TRAIN_0154,EXPRESS,SEC_004,2026-09-14 16:20:00,2026-09-14 16:50:00,UP,MEDIUM,FALSE,SCHEDULED,1.000,PLANNED
MOV_000795,SYN_TRAIN_0155,FREIGHT,SEC_006,2026-09-15 17:05:00,2026-09-15 17:17:00,DOWN,LOW,TRUE,SCHEDULED,1.000,PLANNED
MOV_000796,SYN_TRAIN_0156,EXPRESS,SEC_009,2026-09-14 06:50:00,2026-09-14 07:00:00,UP,MEDIUM,FALSE,SCHEDULED,1.000,PLANNED
MOV_000797,SYN_TRAIN_0157,MAINTENANCE,SEC_007,2026-09-20 12:10:00,2026-09-20 12:18:00,DOWN,MEDIUM,FALSE,SCHEDULED,1.000,PLANNED
MOV_000798,SYN_TRAIN_0158,PASSENGER,SEC_010,2026-09-14 08:00:00,2026-09-14 08:15:00,DOWN,HIGH,FALSE,SCHEDULED,1.000,PLANNED
MOV_000799,SYN_TRAIN_0159,PASSENGER,SEC_009,2026-09-14 19:35:00,2026-09-14 19:47:00,UP,LOW,FALSE,SCHEDULED,1.000,PLANNED
MOV_000800,SYN_TRAIN_0160,PASSENGER,SEC_005,2026-09-14 19:40:00,2026-09-14 20:10:00,UP,MEDIUM,FALSE,SCHEDULED,1.000,PLANNED
MOV_000801,SYN_TRAIN_0001,PASSENGER,SEC_004,2026-09-14 20:25:00,2026-09-14 20:30:00,UP,MEDIUM,FALSE,SCHEDULED,1.000,PLANNED
MOV_000802,SYN_TRAIN_0002,FREIGHT,SEC_003,2026-09-20 03:55:00,2026-09-20 04:25:00,UP,LOW,TRUE,SCHEDULED,1.000,PLANNED
MOV_000803,SYN_TRAIN_0003,PASSENGER,SEC_006,2026-09-17 21:50:00,2026-09-17 22:00:00,DOWN,MEDIUM,FALSE,SCHEDULED,1.000,PLANNED
MOV_000804,SYN_TRAIN_0004,FREIGHT,SEC_006,2026-09-17 11:20:00,2026-09-17 11:30:00,UP,MEDIUM,TRUE,SCHEDULED,1.000,PLANNED
MOV_000805,SYN_TRAIN_0005,EXPRESS,SEC_002,2026-09-19 07:10:00,2026-09-19 07:35:00,DOWN,LOW,FALSE,SCHEDULED,1.000,PLANNED
MOV_000806,SYN_TRAIN_0006,FREIGHT,SEC_008,2026-09-15 06:15:00,2026-09-15 06:23:00,DOWN,HIGH,TRUE,SCHEDULED,1.000,PLANNED
MOV_000807,SYN_TRAIN_0007,EXPRESS,SEC_007,2026-09-14 18:25:00,2026-09-14 18:50:00,DOWN,HIGH,FALSE,SCHEDULED,1.000,PLANNED
MOV_000808,SYN_TRAIN_0008,FREIGHT,SEC_003,2026-09-16 01:05:00,2026-09-16 01:10:00,DOWN,MEDIUM,TRUE,SCHEDULED,1.000,PLANNED
MOV_000809,SYN_TRAIN_0009,EXPRESS,SEC_008,2026-09-17 17:15:00,2026-09-17 17:40:00,UP,LOW,FALSE,SCHEDULED,1.000,PLANNED
MOV_000810,SYN_TRAIN_0010,EXPRESS,SEC_003,2026-09-17 09:05:00,2026-09-17 09:25:00,DOWN,MEDIUM,FALSE,SCHEDULED,1.000,PLANNED
MOV_000811,SYN_TRAIN_0011,EXPRESS,SEC_006,2026-09-18 14:30:00,2026-09-18 14:35:00,UP,MEDIUM,FALSE,SCHEDULED,1.000,PLANNED
MOV_000812,SYN_TRAIN_0012,EXPRESS,SEC_004,2026-09-20 17:20:00,2026-09-20 17:32:00,UP,HIGH,FALSE,SCHEDULED,1.000,PLANNED
MOV_000813,SYN_TRAIN_0013,OTHER,SEC_010,2026-09-19 08:55:00,2026-09-19 09:15:00,DOWN,LOW,FALSE,SCHEDULED,1.000,PLANNED
MOV_000814,SYN_TRAIN_0014,PASSENGER,SEC_006,2026-09-14 01:10:00,2026-09-14 01:15:00,UP,LOW,FALSE,SCHEDULED,1.000,PLANNED
MOV_000815,SYN_TRAIN_0015,FREIGHT,SEC_003,2026-09-18 07:00:00,2026-09-18 07:15:00,UP,MEDIUM,TRUE,SCHEDULED,1.000,PLANNED
MOV_000816,SYN_TRAIN_0016,PASSENGER,SEC_005,2026-09-17 07:20:00,2026-09-17 07:35:00,DOWN,LOW,FALSE,SCHEDULED,1.000,PLANNED
MOV_000817,SYN_TRAIN_0017,EXPRESS,SEC_003,2026-09-17 18:00:00,2026-09-17 18:30:00,DOWN,MEDIUM,FALSE,SCHEDULED,1.000,PLANNED
MOV_000818,SYN_TRAIN_0018,FREIGHT,SEC_009,2026-09-19 14:40:00,2026-09-19 15:05:00,UP,LOW,TRUE,SCHEDULED,1.000,PLANNED
MOV_000819,SYN_TRAIN_0019,FREIGHT,SEC_007,2026-09-15 01:45:00,2026-09-15 02:00:00,UP,HIGH,TRUE,SCHEDULED,1.000,PLANNED
MOV_000820,SYN_TRAIN_0020,EXPRESS,SEC_004,2026-09-14 19:20:00,2026-09-14 19:45:00,UP,LOW,FALSE,SCHEDULED,1.000,PLANNED
MOV_000821,SYN_TRAIN_0021,OTHER,SEC_006,2026-09-18 17:10:00,2026-09-18 17:15:00,DOWN,MEDIUM,FALSE,SCHEDULED,1.000,PLANNED
MOV_000822,SYN_TRAIN_0022,EXPRESS,SEC_010,2026-09-15 13:45:00,2026-09-15 14:10:00,UP,MEDIUM,FALSE,SCHEDULED,1.000,PLANNED
MOV_000823,SYN_TRAIN_0023,EXPRESS,SEC_001,2026-09-15 17:35:00,2026-09-15 18:05:00,UP,HIGH,FALSE,SCHEDULED,1.000,PLANNED
MOV_000824,SYN_TRAIN_0024,PASSENGER,SEC_009,2026-09-16 22:20:00,2026-09-16 22:32:00,UP,MEDIUM,FALSE,SCHEDULED,1.000,PLANNED
MOV_000825,SYN_TRAIN_0025,FREIGHT,SEC_009,2026-09-17 10:50:00,2026-09-17 11:05:00,UP,MEDIUM,TRUE,SCHEDULED,1.000,PLANNED
MOV_000826,SYN_TRAIN_0026,EXPRESS,SEC_004,2026-09-14 11:10:00,2026-09-14 11:22:00,DOWN,MEDIUM,FALSE,SCHEDULED,1.000,PLANNED
MOV_000827,SYN_TRAIN_0027,FREIGHT,SEC_004,2026-09-15 18:55:00,2026-09-15 19:05:00,DOWN,MEDIUM,TRUE,SCHEDULED,1.000,PLANNED
MOV_000828,SYN_TRAIN_0028,FREIGHT,SEC_004,2026-09-20 04:20:00,2026-09-20 04:32:00,UP,MEDIUM,TRUE,SCHEDULED,1.000,PLANNED
MOV_000829,SYN_TRAIN_0029,PASSENGER,SEC_004,2026-09-19 00:05:00,2026-09-19 00:15:00,UP,HIGH,FALSE,SCHEDULED,1.000,PLANNED
MOV_000830,SYN_TRAIN_0030,FREIGHT,SEC_006,2026-09-17 18:30:00,2026-09-17 18:50:00,UP,LOW,TRUE,SCHEDULED,1.000,PLANNED
MOV_000831,SYN_TRAIN_0031,PASSENGER,SEC_002,2026-09-15 22:25:00,2026-09-15 22:30:00,UP,LOW,FALSE,SCHEDULED,1.000,PLANNED
MOV_000832,SYN_TRAIN_0032,FREIGHT,SEC_003,2026-09-15 22:20:00,2026-09-15 22:35:00,UP,HIGH,TRUE,SCHEDULED,1.000,PLANNED
MOV_000833,SYN_TRAIN_0033,FREIGHT,SEC_006,2026-09-19 05:35:00,2026-09-19 05:50:00,UP,MEDIUM,TRUE,SCHEDULED,1.000,PLANNED
MOV_000834,SYN_TRAIN_0034,MAINTENANCE,SEC_003,2026-09-19 22:15:00,2026-09-19 22:25:00,DOWN,LOW,FALSE,SCHEDULED,1.000,PLANNED
MOV_000835,SYN_TRAIN_0035,MAINTENANCE,SEC_003,2026-09-20 13:25:00,2026-09-20 13:35:00,UP,HIGH,FALSE,SCHEDULED,1.000,PLANNED
MOV_000836,SYN_TRAIN_0036,EXPRESS,SEC_008,2026-09-18 18:35:00,2026-09-18 19:00:00,UP,HIGH,FALSE,SCHEDULED,1.000,PLANNED
MOV_000837,SYN_TRAIN_0037,MAINTENANCE,SEC_001,2026-09-19 16:20:00,2026-09-19 16:28:00,DOWN,LOW,FALSE,SCHEDULED,1.000,PLANNED
MOV_000838,SYN_TRAIN_0038,FREIGHT,SEC_002,2026-09-17 05:25:00,2026-09-17 05:45:00,DOWN,HIGH,TRUE,SCHEDULED,1.000,PLANNED
MOV_000839,SYN_TRAIN_0039,PASSENGER,SEC_005,2026-09-15 06:35:00,2026-09-15 06:45:00,DOWN,LOW,FALSE,SCHEDULED,1.000,PLANNED
MOV_000840,SYN_TRAIN_0040,FREIGHT,SEC_008,2026-09-16 05:00:00,2026-09-16 05:15:00,UP,MEDIUM,TRUE,SCHEDULED,1.000,PLANNED
MOV_000841,SYN_TRAIN_0041,PASSENGER,SEC_006,2026-09-16 19:10:00,2026-09-16 19:22:00,DOWN,HIGH,FALSE,SCHEDULED,1.000,PLANNED
MOV_000842,SYN_TRAIN_0042,EXPRESS,SEC_008,2026-09-15 20:00:00,2026-09-15 20:20:00,DOWN,LOW,FALSE,SCHEDULED,1.000,PLANNED
MOV_000843,SYN_TRAIN_0043,PASSENGER,SEC_006,2026-09-15 10:30:00,2026-09-15 10:38:00,DOWN,MEDIUM,FALSE,SCHEDULED,1.000,PLANNED
MOV_000844,SYN_TRAIN_0044,PASSENGER,SEC_010,2026-09-18 18:00:00,2026-09-18 18:12:00,UP,HIGH,FALSE,SCHEDULED,1.000,PLANNED
MOV_000845,SYN_TRAIN_0045,EXPRESS,SEC_001,2026-09-16 04:55:00,2026-09-16 05:25:00,UP,MEDIUM,FALSE,SCHEDULED,1.000,PLANNED
MOV_000846,SYN_TRAIN_0046,FREIGHT,SEC_008,2026-09-15 19:10:00,2026-09-15 19:35:00,UP,HIGH,TRUE,SCHEDULED,1.000,PLANNED
MOV_000847,SYN_TRAIN_0047,PASSENGER,SEC_010,2026-09-19 13:30:00,2026-09-19 13:55:00,UP,LOW,FALSE,SCHEDULED,1.000,PLANNED
MOV_000848,SYN_TRAIN_0048,PASSENGER,SEC_006,2026-09-19 06:25:00,2026-09-19 06:33:00,UP,HIGH,FALSE,SCHEDULED,1.000,PLANNED
MOV_000849,SYN_TRAIN_0049,FREIGHT,SEC_005,2026-09-20 14:00:00,2026-09-20 14:05:00,UP,MEDIUM,TRUE,SCHEDULED,1.000,PLANNED
MOV_000850,SYN_TRAIN_0050,OTHER,SEC_004,2026-09-20 18:45:00,2026-09-20 19:00:00,UP,LOW,FALSE,SCHEDULED,1.000,PLANNED
MOV_000851,SYN_TRAIN_0051,PASSENGER,SEC_002,2026-09-18 05:50:00,2026-09-18 06:05:00,UP,HIGH,FALSE,SCHEDULED,1.000,PLANNED
MOV_000852,SYN_TRAIN_0052,MAINTENANCE,SEC_003,2026-09-17 04:50:00,2026-09-17 05:02:00,UP,HIGH,FALSE,SCHEDULED,1.000,PLANNED
MOV_000853,SYN_TRAIN_0053,FREIGHT,SEC_010,2026-09-20 13:45:00,2026-09-20 13:55:00,DOWN,MEDIUM,TRUE,SCHEDULED,1.000,PLANNED
MOV_000854,SYN_TRAIN_0054,PASSENGER,SEC_005,2026-09-16 05:50:00,2026-09-16 06:02:00,DOWN,MEDIUM,FALSE,SCHEDULED,1.000,PLANNED
MOV_000855,SYN_TRAIN_0055,EXPRESS,SEC_004,2026-09-19 14:20:00,2026-09-19 14:40:00,UP,HIGH,FALSE,SCHEDULED,1.000,PLANNED
MOV_000856,SYN_TRAIN_0056,PASSENGER,SEC_008,2026-09-20 20:40:00,2026-09-20 21:10:00,UP,LOW,FALSE,SCHEDULED,1.000,PLANNED
MOV_000857,SYN_TRAIN_0057,FREIGHT,SEC_005,2026-09-14 06:30:00,2026-09-14 06:35:00,DOWN,MEDIUM,TRUE,SCHEDULED,1.000,PLANNED
MOV_000858,SYN_TRAIN_0058,EXPRESS,SEC_009,2026-09-18 07:00:00,2026-09-18 07:12:00,UP,HIGH,FALSE,SCHEDULED,1.000,PLANNED
MOV_000859,SYN_TRAIN_0059,PASSENGER,SEC_006,2026-09-15 07:45:00,2026-09-15 07:50:00,DOWN,MEDIUM,FALSE,SCHEDULED,1.000,PLANNED
MOV_000860,SYN_TRAIN_0060,PASSENGER,SEC_010,2026-09-14 14:55:00,2026-09-14 15:00:00,DOWN,LOW,FALSE,SCHEDULED,1.000,PLANNED
MOV_000861,SYN_TRAIN_0061,PASSENGER,SEC_003,2026-09-15 16:50:00,2026-09-15 17:20:00,DOWN,MEDIUM,FALSE,SCHEDULED,1.000,PLANNED
MOV_000862,SYN_TRAIN_0062,FREIGHT,SEC_006,2026-09-19 04:45:00,2026-09-19 05:10:00,UP,LOW,TRUE,SCHEDULED,1.000,PLANNED
MOV_000863,SYN_TRAIN_0063,EXPRESS,SEC_007,2026-09-16 23:00:00,2026-09-16 23:08:00,UP,LOW,FALSE,SCHEDULED,1.000,PLANNED
MOV_000864,SYN_TRAIN_0064,EXPRESS,SEC_008,2026-09-17 07:45:00,2026-09-17 07:55:00,UP,MEDIUM,FALSE,SCHEDULED,1.000,PLANNED
MOV_000865,SYN_TRAIN_0065,FREIGHT,SEC_001,2026-09-19 07:45:00,2026-09-19 08:05:00,DOWN,MEDIUM,TRUE,SCHEDULED,1.000,PLANNED
MOV_000866,SYN_TRAIN_0066,MAINTENANCE,SEC_004,2026-09-17 12:10:00,2026-09-17 12:35:00,DOWN,LOW,FALSE,SCHEDULED,1.000,PLANNED
MOV_000867,SYN_TRAIN_0067,EXPRESS,SEC_002,2026-09-18 21:35:00,2026-09-18 22:05:00,UP,HIGH,FALSE,SCHEDULED,1.000,PLANNED
MOV_000868,SYN_TRAIN_0068,EXPRESS,SEC_009,2026-09-15 13:35:00,2026-09-15 13:45:00,UP,LOW,FALSE,SCHEDULED,1.000,PLANNED
MOV_000869,SYN_TRAIN_0069,EXPRESS,SEC_008,2026-09-18 21:55:00,2026-09-18 22:07:00,DOWN,LOW,FALSE,SCHEDULED,1.000,PLANNED
MOV_000870,SYN_TRAIN_0070,PASSENGER,SEC_002,2026-09-16 08:40:00,2026-09-16 08:48:00,DOWN,HIGH,FALSE,SCHEDULED,1.000,PLANNED
MOV_000871,SYN_TRAIN_0071,FREIGHT,SEC_009,2026-09-18 18:00:00,2026-09-18 18:12:00,UP,MEDIUM,TRUE,SCHEDULED,1.000,PLANNED
MOV_000872,SYN_TRAIN_0072,PASSENGER,SEC_005,2026-09-15 21:40:00,2026-09-15 21:45:00,DOWN,HIGH,FALSE,SCHEDULED,1.000,PLANNED
MOV_000873,SYN_TRAIN_0073,EXPRESS,SEC_005,2026-09-18 12:10:00,2026-09-18 12:20:00,UP,MEDIUM,FALSE,SCHEDULED,1.000,PLANNED
MOV_000874,SYN_TRAIN_0074,MAINTENANCE,SEC_004,2026-09-14 16:50:00,2026-09-14 16:55:00,DOWN,HIGH,FALSE,SCHEDULED,1.000,PLANNED
MOV_000875,SYN_TRAIN_0075,PASSENGER,SEC_007,2026-09-15 22:20:00,2026-09-15 22:35:00,UP,HIGH,FALSE,SCHEDULED,1.000,PLANNED
MOV_000876,SYN_TRAIN_0076,PASSENGER,SEC_007,2026-09-20 15:15:00,2026-09-20 15:35:00,UP,LOW,FALSE,SCHEDULED,1.000,PLANNED
MOV_000877,SYN_TRAIN_0077,PASSENGER,SEC_008,2026-09-20 11:50:00,2026-09-20 11:55:00,DOWN,HIGH,FALSE,SCHEDULED,1.000,PLANNED
MOV_000878,SYN_TRAIN_0078,PASSENGER,SEC_010,2026-09-14 14:15:00,2026-09-14 14:30:00,DOWN,MEDIUM,FALSE,SCHEDULED,1.000,PLANNED
MOV_000879,SYN_TRAIN_0079,PASSENGER,SEC_008,2026-09-19 15:05:00,2026-09-19 15:35:00,DOWN,HIGH,FALSE,SCHEDULED,1.000,PLANNED
MOV_000880,SYN_TRAIN_0080,MAINTENANCE,SEC_010,2026-09-15 09:50:00,2026-09-15 10:15:00,DOWN,HIGH,FALSE,SCHEDULED,1.000,PLANNED
MOV_000881,SYN_TRAIN_0081,FREIGHT,SEC_004,2026-09-16 21:15:00,2026-09-16 21:25:00,DOWN,MEDIUM,TRUE,SCHEDULED,1.000,PLANNED
MOV_000882,SYN_TRAIN_0082,EXPRESS,SEC_005,2026-09-17 10:45:00,2026-09-17 10:50:00,DOWN,LOW,FALSE,SCHEDULED,1.000,PLANNED
MOV_000883,SYN_TRAIN_0083,MAINTENANCE,SEC_006,2026-09-18 14:20:00,2026-09-18 14:40:00,DOWN,HIGH,FALSE,SCHEDULED,1.000,PLANNED
MOV_000884,SYN_TRAIN_0084,EXPRESS,SEC_002,2026-09-20 20:00:00,2026-09-20 20:12:00,DOWN,LOW,FALSE,SCHEDULED,1.000,PLANNED
MOV_000885,SYN_TRAIN_0085,EXPRESS,SEC_003,2026-09-14 15:05:00,2026-09-14 15:25:00,UP,LOW,FALSE,SCHEDULED,1.000,PLANNED
MOV_000886,SYN_TRAIN_0086,PASSENGER,SEC_004,2026-09-15 21:00:00,2026-09-15 21:20:00,UP,LOW,FALSE,SCHEDULED,1.000,PLANNED
MOV_000887,SYN_TRAIN_0087,OTHER,SEC_008,2026-09-20 12:05:00,2026-09-20 12:13:00,DOWN,LOW,FALSE,SCHEDULED,1.000,PLANNED
MOV_000888,SYN_TRAIN_0088,FREIGHT,SEC_001,2026-09-18 13:35:00,2026-09-18 13:45:00,UP,LOW,TRUE,SCHEDULED,1.000,PLANNED
MOV_000889,SYN_TRAIN_0089,FREIGHT,SEC_003,2026-09-14 20:00:00,2026-09-14 20:15:00,UP,HIGH,TRUE,SCHEDULED,1.000,PLANNED
MOV_000890,SYN_TRAIN_0090,PASSENGER,SEC_009,2026-09-19 00:40:00,2026-09-19 00:50:00,UP,LOW,FALSE,SCHEDULED,1.000,PLANNED
MOV_000891,SYN_TRAIN_0091,PASSENGER,SEC_006,2026-09-17 08:45:00,2026-09-17 08:55:00,UP,MEDIUM,FALSE,SCHEDULED,1.000,PLANNED
MOV_000892,SYN_TRAIN_0092,PASSENGER,SEC_003,2026-09-16 13:10:00,2026-09-16 13:15:00,DOWN,HIGH,FALSE,SCHEDULED,1.000,PLANNED
MOV_000893,SYN_TRAIN_0093,FREIGHT,SEC_009,2026-09-14 03:00:00,2026-09-14 03:08:00,DOWN,LOW,TRUE,SCHEDULED,1.000,PLANNED
MOV_000894,SYN_TRAIN_0094,PASSENGER,SEC_005,2026-09-18 05:20:00,2026-09-18 05:32:00,DOWN,LOW,FALSE,SCHEDULED,1.000,PLANNED
MOV_000895,SYN_TRAIN_0095,PASSENGER,SEC_004,2026-09-14 11:30:00,2026-09-14 11:38:00,DOWN,MEDIUM,FALSE,SCHEDULED,1.000,PLANNED
MOV_000896,SYN_TRAIN_0096,PASSENGER,SEC_002,2026-09-14 15:10:00,2026-09-14 15:15:00,UP,MEDIUM,FALSE,SCHEDULED,1.000,PLANNED
MOV_000897,SYN_TRAIN_0097,FREIGHT,SEC_008,2026-09-16 07:10:00,2026-09-16 07:20:00,DOWN,HIGH,TRUE,SCHEDULED,1.000,PLANNED
MOV_000898,SYN_TRAIN_0098,FREIGHT,SEC_007,2026-09-19 12:55:00,2026-09-19 13:05:00,UP,HIGH,TRUE,SCHEDULED,1.000,PLANNED
MOV_000899,SYN_TRAIN_0099,EXPRESS,SEC_005,2026-09-17 05:35:00,2026-09-17 05:55:00,DOWN,HIGH,FALSE,SCHEDULED,1.000,PLANNED
MOV_000900,SYN_TRAIN_0100,FREIGHT,SEC_005,2026-09-18 11:00:00,2026-09-18 11:05:00,UP,MEDIUM,TRUE,SCHEDULED,1.000,PLANNED
MOV_000901,SYN_TRAIN_0101,EXPRESS,SEC_002,2026-09-20 07:55:00,2026-09-20 08:20:00,DOWN,LOW,FALSE,SCHEDULED,1.000,PLANNED
MOV_000902,SYN_TRAIN_0102,EXPRESS,SEC_006,2026-09-18 10:15:00,2026-09-18 10:40:00,UP,MEDIUM,FALSE,SCHEDULED,1.000,PLANNED
MOV_000903,SYN_TRAIN_0103,EXPRESS,SEC_006,2026-09-14 17:40:00,2026-09-14 18:10:00,DOWN,HIGH,FALSE,SCHEDULED,1.000,PLANNED
MOV_000904,SYN_TRAIN_0104,EXPRESS,SEC_006,2026-09-16 07:45:00,2026-09-16 08:05:00,UP,LOW,FALSE,SCHEDULED,1.000,PLANNED
MOV_000905,SYN_TRAIN_0105,PASSENGER,SEC_001,2026-09-17 05:55:00,2026-09-17 06:25:00,UP,LOW,FALSE,SCHEDULED,1.000,PLANNED
MOV_000906,SYN_TRAIN_0106,EXPRESS,SEC_005,2026-09-15 15:25:00,2026-09-15 15:55:00,DOWN,MEDIUM,FALSE,SCHEDULED,1.000,PLANNED
MOV_000907,SYN_TRAIN_0107,PASSENGER,SEC_009,2026-09-14 10:45:00,2026-09-14 10:55:00,UP,LOW,FALSE,SCHEDULED,1.000,PLANNED
MOV_000908,SYN_TRAIN_0108,PASSENGER,SEC_005,2026-09-14 15:55:00,2026-09-14 16:10:00,DOWN,MEDIUM,FALSE,SCHEDULED,1.000,PLANNED
MOV_000909,SYN_TRAIN_0109,EXPRESS,SEC_001,2026-09-15 05:25:00,2026-09-15 05:37:00,UP,MEDIUM,FALSE,SCHEDULED,1.000,PLANNED
MOV_000910,SYN_TRAIN_0110,EXPRESS,SEC_006,2026-09-20 18:25:00,2026-09-20 18:35:00,DOWN,MEDIUM,FALSE,SCHEDULED,1.000,PLANNED
MOV_000911,SYN_TRAIN_0111,PASSENGER,SEC_001,2026-09-18 14:50:00,2026-09-18 15:00:00,DOWN,LOW,FALSE,SCHEDULED,1.000,PLANNED
MOV_000912,SYN_TRAIN_0112,PASSENGER,SEC_003,2026-09-14 08:50:00,2026-09-14 08:58:00,DOWN,MEDIUM,FALSE,SCHEDULED,1.000,PLANNED
MOV_000913,SYN_TRAIN_0113,FREIGHT,SEC_008,2026-09-18 11:35:00,2026-09-18 11:47:00,UP,HIGH,TRUE,SCHEDULED,1.000,PLANNED
MOV_000914,SYN_TRAIN_0114,PASSENGER,SEC_001,2026-09-15 20:35:00,2026-09-15 21:00:00,UP,MEDIUM,FALSE,SCHEDULED,1.000,PLANNED
MOV_000915,SYN_TRAIN_0115,PASSENGER,SEC_002,2026-09-19 09:25:00,2026-09-19 09:37:00,UP,LOW,FALSE,SCHEDULED,1.000,PLANNED
MOV_000916,SYN_TRAIN_0116,FREIGHT,SEC_002,2026-09-17 20:00:00,2026-09-17 20:20:00,UP,HIGH,TRUE,SCHEDULED,1.000,PLANNED
MOV_000917,SYN_TRAIN_0117,EXPRESS,SEC_009,2026-09-19 06:25:00,2026-09-19 06:37:00,UP,HIGH,FALSE,SCHEDULED,1.000,PLANNED
MOV_000918,SYN_TRAIN_0118,MAINTENANCE,SEC_010,2026-09-18 18:25:00,2026-09-18 18:50:00,UP,LOW,FALSE,SCHEDULED,1.000,PLANNED
MOV_000919,SYN_TRAIN_0119,MAINTENANCE,SEC_003,2026-09-18 23:55:00,2026-09-19 00:10:00,UP,HIGH,FALSE,SCHEDULED,1.000,PLANNED
MOV_000920,SYN_TRAIN_0120,OTHER,SEC_010,2026-09-18 19:15:00,2026-09-18 19:25:00,UP,MEDIUM,FALSE,SCHEDULED,1.000,PLANNED
MOV_000921,SYN_TRAIN_0121,FREIGHT,SEC_009,2026-09-20 17:10:00,2026-09-20 17:35:00,UP,LOW,TRUE,SCHEDULED,1.000,PLANNED
MOV_000922,SYN_TRAIN_0122,FREIGHT,SEC_002,2026-09-17 07:10:00,2026-09-17 07:18:00,DOWN,LOW,TRUE,SCHEDULED,1.000,PLANNED
MOV_000923,SYN_TRAIN_0123,PASSENGER,SEC_005,2026-09-17 19:00:00,2026-09-17 19:25:00,DOWN,MEDIUM,FALSE,SCHEDULED,1.000,PLANNED
MOV_000924,SYN_TRAIN_0124,PASSENGER,SEC_009,2026-09-17 22:05:00,2026-09-17 22:20:00,UP,MEDIUM,FALSE,SCHEDULED,1.000,PLANNED
MOV_000925,SYN_TRAIN_0125,FREIGHT,SEC_010,2026-09-14 18:20:00,2026-09-14 18:30:00,DOWN,LOW,TRUE,SCHEDULED,1.000,PLANNED
MOV_000926,SYN_TRAIN_0126,MAINTENANCE,SEC_007,2026-09-17 19:10:00,2026-09-17 19:30:00,UP,HIGH,FALSE,SCHEDULED,1.000,PLANNED
MOV_000927,SYN_TRAIN_0127,OTHER,SEC_007,2026-09-17 16:25:00,2026-09-17 16:33:00,DOWN,LOW,FALSE,SCHEDULED,1.000,PLANNED
MOV_000928,SYN_TRAIN_0128,EXPRESS,SEC_008,2026-09-17 07:00:00,2026-09-17 07:10:00,UP,LOW,FALSE,SCHEDULED,1.000,PLANNED
MOV_000929,SYN_TRAIN_0129,EXPRESS,SEC_010,2026-09-14 08:05:00,2026-09-14 08:35:00,UP,MEDIUM,FALSE,SCHEDULED,1.000,PLANNED
MOV_000930,SYN_TRAIN_0130,PASSENGER,SEC_001,2026-09-19 18:10:00,2026-09-19 18:35:00,DOWN,LOW,FALSE,SCHEDULED,1.000,PLANNED
MOV_000931,SYN_TRAIN_0131,PASSENGER,SEC_010,2026-09-19 06:55:00,2026-09-19 07:00:00,UP,LOW,FALSE,SCHEDULED,1.000,PLANNED
MOV_000932,SYN_TRAIN_0132,OTHER,SEC_010,2026-09-16 08:55:00,2026-09-16 09:07:00,DOWN,LOW,FALSE,SCHEDULED,1.000,PLANNED
MOV_000933,SYN_TRAIN_0133,FREIGHT,SEC_010,2026-09-14 05:55:00,2026-09-14 06:20:00,DOWN,MEDIUM,TRUE,SCHEDULED,1.000,PLANNED
MOV_000934,SYN_TRAIN_0134,FREIGHT,SEC_005,2026-09-15 21:25:00,2026-09-15 21:50:00,UP,MEDIUM,TRUE,SCHEDULED,1.000,PLANNED
MOV_000935,SYN_TRAIN_0135,FREIGHT,SEC_003,2026-09-18 06:10:00,2026-09-18 06:15:00,DOWN,LOW,TRUE,SCHEDULED,1.000,PLANNED
MOV_000936,SYN_TRAIN_0136,PASSENGER,SEC_007,2026-09-15 06:50:00,2026-09-15 07:02:00,DOWN,MEDIUM,FALSE,SCHEDULED,1.000,PLANNED
MOV_000937,SYN_TRAIN_0137,FREIGHT,SEC_005,2026-09-15 20:10:00,2026-09-15 20:22:00,UP,HIGH,TRUE,SCHEDULED,1.000,PLANNED
MOV_000938,SYN_TRAIN_0138,FREIGHT,SEC_002,2026-09-17 13:10:00,2026-09-17 13:40:00,DOWN,MEDIUM,TRUE,SCHEDULED,1.000,PLANNED
MOV_000939,SYN_TRAIN_0139,FREIGHT,SEC_006,2026-09-19 17:05:00,2026-09-19 17:10:00,UP,HIGH,TRUE,SCHEDULED,1.000,PLANNED
MOV_000940,SYN_TRAIN_0140,EXPRESS,SEC_005,2026-09-14 11:25:00,2026-09-14 11:35:00,UP,HIGH,FALSE,SCHEDULED,1.000,PLANNED
MOV_000941,SYN_TRAIN_0141,PASSENGER,SEC_004,2026-09-14 09:55:00,2026-09-14 10:25:00,UP,MEDIUM,FALSE,SCHEDULED,1.000,PLANNED
MOV_000942,SYN_TRAIN_0142,PASSENGER,SEC_002,2026-09-15 12:55:00,2026-09-15 13:05:00,DOWN,LOW,FALSE,SCHEDULED,1.000,PLANNED
MOV_000943,SYN_TRAIN_0143,PASSENGER,SEC_004,2026-09-15 18:40:00,2026-09-15 18:45:00,UP,LOW,FALSE,SCHEDULED,1.000,PLANNED
MOV_000944,SYN_TRAIN_0144,EXPRESS,SEC_007,2026-09-20 06:20:00,2026-09-20 06:30:00,UP,LOW,FALSE,SCHEDULED,1.000,PLANNED
MOV_000945,SYN_TRAIN_0145,PASSENGER,SEC_008,2026-09-20 07:40:00,2026-09-20 08:00:00,UP,LOW,FALSE,SCHEDULED,1.000,PLANNED
MOV_000946,SYN_TRAIN_0146,OTHER,SEC_001,2026-09-19 14:55:00,2026-09-19 15:07:00,UP,MEDIUM,FALSE,SCHEDULED,1.000,PLANNED
MOV_000947,SYN_TRAIN_0147,EXPRESS,SEC_009,2026-09-17 05:30:00,2026-09-17 05:50:00,UP,MEDIUM,FALSE,SCHEDULED,1.000,PLANNED
MOV_000948,SYN_TRAIN_0148,EXPRESS,SEC_001,2026-09-14 18:00:00,2026-09-14 18:12:00,UP,MEDIUM,FALSE,SCHEDULED,1.000,PLANNED
MOV_000949,SYN_TRAIN_0149,PASSENGER,SEC_009,2026-09-18 21:15:00,2026-09-18 21:35:00,DOWN,MEDIUM,FALSE,SCHEDULED,1.000,PLANNED
MOV_000950,SYN_TRAIN_0150,PASSENGER,SEC_005,2026-09-19 06:05:00,2026-09-19 06:20:00,DOWN,HIGH,FALSE,SCHEDULED,1.000,PLANNED
MOV_000951,SYN_TRAIN_0151,PASSENGER,SEC_009,2026-09-16 06:00:00,2026-09-16 06:30:00,UP,LOW,FALSE,SCHEDULED,1.000,PLANNED
MOV_000952,SYN_TRAIN_0152,EXPRESS,SEC_001,2026-09-17 20:25:00,2026-09-17 20:55:00,UP,HIGH,FALSE,SCHEDULED,1.000,PLANNED
MOV_000953,SYN_TRAIN_0153,EXPRESS,SEC_008,2026-09-18 07:00:00,2026-09-18 07:08:00,DOWN,LOW,FALSE,SCHEDULED,1.000,PLANNED
MOV_000954,SYN_TRAIN_0154,PASSENGER,SEC_004,2026-09-20 17:45:00,2026-09-20 17:55:00,UP,HIGH,FALSE,SCHEDULED,1.000,PLANNED
MOV_000955,SYN_TRAIN_0155,PASSENGER,SEC_009,2026-09-15 05:15:00,2026-09-15 05:23:00,DOWN,LOW,FALSE,SCHEDULED,1.000,PLANNED
MOV_000956,SYN_TRAIN_0156,MAINTENANCE,SEC_001,2026-09-16 03:50:00,2026-09-16 04:20:00,UP,HIGH,FALSE,SCHEDULED,1.000,PLANNED
MOV_000957,SYN_TRAIN_0157,FREIGHT,SEC_002,2026-09-19 22:45:00,2026-09-19 23:05:00,DOWN,LOW,TRUE,SCHEDULED,1.000,PLANNED
MOV_000958,SYN_TRAIN_0158,OTHER,SEC_002,2026-09-20 14:30:00,2026-09-20 14:50:00,UP,LOW,FALSE,SCHEDULED,1.000,PLANNED
MOV_000959,SYN_TRAIN_0159,FREIGHT,SEC_004,2026-09-16 18:15:00,2026-09-16 18:23:00,UP,LOW,TRUE,SCHEDULED,1.000,PLANNED
MOV_000960,SYN_TRAIN_0160,EXPRESS,SEC_002,2026-09-17 04:35:00,2026-09-17 04:50:00,UP,MEDIUM,FALSE,SCHEDULED,1.000,PLANNED
MOV_000961,SYN_TRAIN_0001,PASSENGER,SEC_008,2026-09-16 18:15:00,2026-09-16 18:25:00,DOWN,MEDIUM,FALSE,SCHEDULED,1.000,PLANNED
MOV_000962,SYN_TRAIN_0002,PASSENGER,SEC_005,2026-09-18 22:25:00,2026-09-18 22:50:00,UP,LOW,FALSE,SCHEDULED,1.000,PLANNED
MOV_000963,SYN_TRAIN_0003,EXPRESS,SEC_001,2026-09-17 21:30:00,2026-09-17 21:50:00,UP,LOW,FALSE,SCHEDULED,1.000,PLANNED
MOV_000964,SYN_TRAIN_0004,EXPRESS,SEC_008,2026-09-19 07:50:00,2026-09-19 08:02:00,UP,HIGH,FALSE,SCHEDULED,1.000,PLANNED
MOV_000965,SYN_TRAIN_0005,EXPRESS,SEC_002,2026-09-20 22:55:00,2026-09-20 23:07:00,UP,MEDIUM,FALSE,SCHEDULED,1.000,PLANNED
MOV_000966,SYN_TRAIN_0006,EXPRESS,SEC_004,2026-09-17 07:15:00,2026-09-17 07:23:00,DOWN,LOW,FALSE,SCHEDULED,1.000,PLANNED
MOV_000967,SYN_TRAIN_0007,FREIGHT,SEC_010,2026-09-17 18:00:00,2026-09-17 18:30:00,UP,MEDIUM,TRUE,SCHEDULED,1.000,PLANNED
MOV_000968,SYN_TRAIN_0008,FREIGHT,SEC_010,2026-09-16 17:50:00,2026-09-16 18:02:00,DOWN,MEDIUM,TRUE,SCHEDULED,1.000,PLANNED
MOV_000969,SYN_TRAIN_0009,MAINTENANCE,SEC_001,2026-09-17 13:45:00,2026-09-17 13:53:00,DOWN,LOW,FALSE,SCHEDULED,1.000,PLANNED
MOV_000970,SYN_TRAIN_0010,PASSENGER,SEC_005,2026-09-20 09:50:00,2026-09-20 10:05:00,UP,HIGH,FALSE,SCHEDULED,1.000,PLANNED
MOV_000971,SYN_TRAIN_0011,OTHER,SEC_008,2026-09-15 19:00:00,2026-09-15 19:12:00,UP,LOW,FALSE,SCHEDULED,1.000,PLANNED
MOV_000972,SYN_TRAIN_0012,EXPRESS,SEC_004,2026-09-14 21:40:00,2026-09-14 22:10:00,DOWN,MEDIUM,FALSE,SCHEDULED,1.000,PLANNED
MOV_000973,SYN_TRAIN_0013,MAINTENANCE,SEC_006,2026-09-14 23:45:00,2026-09-14 23:53:00,DOWN,HIGH,FALSE,SCHEDULED,1.000,PLANNED
MOV_000974,SYN_TRAIN_0014,FREIGHT,SEC_006,2026-09-14 07:10:00,2026-09-14 07:20:00,UP,HIGH,TRUE,SCHEDULED,1.000,PLANNED
MOV_000975,SYN_TRAIN_0015,PASSENGER,SEC_010,2026-09-18 07:15:00,2026-09-18 07:40:00,UP,HIGH,FALSE,SCHEDULED,1.000,PLANNED
MOV_000976,SYN_TRAIN_0016,MAINTENANCE,SEC_007,2026-09-17 12:05:00,2026-09-17 12:15:00,DOWN,HIGH,FALSE,SCHEDULED,1.000,PLANNED
MOV_000977,SYN_TRAIN_0017,PASSENGER,SEC_001,2026-09-17 14:30:00,2026-09-17 15:00:00,UP,LOW,FALSE,SCHEDULED,1.000,PLANNED
MOV_000978,SYN_TRAIN_0018,MAINTENANCE,SEC_007,2026-09-17 11:20:00,2026-09-17 11:40:00,UP,HIGH,FALSE,SCHEDULED,1.000,PLANNED
MOV_000979,SYN_TRAIN_0019,FREIGHT,SEC_006,2026-09-20 17:15:00,2026-09-20 17:30:00,UP,LOW,TRUE,SCHEDULED,1.000,PLANNED
MOV_000980,SYN_TRAIN_0020,FREIGHT,SEC_003,2026-09-15 05:30:00,2026-09-15 06:00:00,DOWN,HIGH,TRUE,SCHEDULED,1.000,PLANNED
MOV_000981,SYN_TRAIN_0021,MAINTENANCE,SEC_004,2026-09-20 12:45:00,2026-09-20 13:00:00,UP,HIGH,FALSE,SCHEDULED,1.000,PLANNED
MOV_000982,SYN_TRAIN_0022,EXPRESS,SEC_006,2026-09-17 08:15:00,2026-09-17 08:27:00,DOWN,HIGH,FALSE,SCHEDULED,1.000,PLANNED
MOV_000983,SYN_TRAIN_0023,MAINTENANCE,SEC_003,2026-09-19 13:55:00,2026-09-19 14:15:00,UP,MEDIUM,FALSE,SCHEDULED,1.000,PLANNED
MOV_000984,SYN_TRAIN_0024,PASSENGER,SEC_004,2026-09-18 09:30:00,2026-09-18 09:50:00,DOWN,HIGH,FALSE,SCHEDULED,1.000,PLANNED
MOV_000985,SYN_TRAIN_0025,PASSENGER,SEC_001,2026-09-16 11:15:00,2026-09-16 11:30:00,DOWN,MEDIUM,FALSE,SCHEDULED,1.000,PLANNED
MOV_000986,SYN_TRAIN_0026,MAINTENANCE,SEC_008,2026-09-16 08:30:00,2026-09-16 08:35:00,UP,MEDIUM,FALSE,SCHEDULED,1.000,PLANNED
MOV_000987,SYN_TRAIN_0027,OTHER,SEC_009,2026-09-15 08:25:00,2026-09-15 08:40:00,DOWN,HIGH,FALSE,SCHEDULED,1.000,PLANNED
MOV_000988,SYN_TRAIN_0028,PASSENGER,SEC_008,2026-09-17 06:35:00,2026-09-17 06:43:00,UP,LOW,FALSE,SCHEDULED,1.000,PLANNED
MOV_000989,SYN_TRAIN_0029,PASSENGER,SEC_010,2026-09-14 17:45:00,2026-09-14 18:15:00,UP,LOW,FALSE,SCHEDULED,1.000,PLANNED
MOV_000990,SYN_TRAIN_0030,EXPRESS,SEC_004,2026-09-14 15:10:00,2026-09-14 15:20:00,UP,HIGH,FALSE,SCHEDULED,1.000,PLANNED
MOV_000991,SYN_TRAIN_0031,EXPRESS,SEC_004,2026-09-15 15:25:00,2026-09-15 15:35:00,DOWN,HIGH,FALSE,SCHEDULED,1.000,PLANNED
MOV_000992,SYN_TRAIN_0032,PASSENGER,SEC_009,2026-09-18 22:20:00,2026-09-18 22:45:00,UP,MEDIUM,FALSE,SCHEDULED,1.000,PLANNED
MOV_000993,SYN_TRAIN_0033,EXPRESS,SEC_002,2026-09-16 11:05:00,2026-09-16 11:15:00,DOWN,MEDIUM,FALSE,SCHEDULED,1.000,PLANNED
MOV_000994,SYN_TRAIN_0034,OTHER,SEC_010,2026-09-16 08:00:00,2026-09-16 08:25:00,UP,HIGH,FALSE,SCHEDULED,1.000,PLANNED
MOV_000995,SYN_TRAIN_0035,PASSENGER,SEC_008,2026-09-16 04:30:00,2026-09-16 04:45:00,DOWN,HIGH,FALSE,SCHEDULED,1.000,PLANNED
MOV_000996,SYN_TRAIN_0036,FREIGHT,SEC_001,2026-09-14 19:40:00,2026-09-14 19:48:00,DOWN,HIGH,TRUE,SCHEDULED,1.000,PLANNED
MOV_000997,SYN_TRAIN_0037,PASSENGER,SEC_009,2026-09-17 17:05:00,2026-09-17 17:25:00,DOWN,HIGH,FALSE,SCHEDULED,1.000,PLANNED
MOV_000998,SYN_TRAIN_0038,PASSENGER,SEC_002,2026-09-16 18:20:00,2026-09-16 18:25:00,DOWN,HIGH,FALSE,SCHEDULED,1.000,PLANNED
MOV_000999,SYN_TRAIN_0039,MAINTENANCE,SEC_007,2026-09-18 11:20:00,2026-09-18 11:32:00,UP,LOW,FALSE,SCHEDULED,1.000,PLANNED
MOV_001000,SYN_TRAIN_0040,EXPRESS,SEC_004,2026-09-15 06:40:00,2026-09-15 07:05:00,UP,MEDIUM,FALSE,SCHEDULED,1.000,PLANNED
MOV_001001,SYN_TRAIN_0041,PASSENGER,SEC_010,2026-09-16 07:40:00,2026-09-16 07:45:00,DOWN,MEDIUM,FALSE,SCHEDULED,1.000,PLANNED
MOV_001002,SYN_TRAIN_0042,EXPRESS,SEC_010,2026-09-20 15:40:00,2026-09-20 16:00:00,UP,LOW,FALSE,SCHEDULED,1.000,PLANNED
MOV_001003,SYN_TRAIN_0043,EXPRESS,SEC_003,2026-09-16 10:20:00,2026-09-16 10:35:00,DOWN,LOW,FALSE,SCHEDULED,1.000,PLANNED
MOV_001004,SYN_TRAIN_0044,PASSENGER,SEC_001,2026-09-18 19:25:00,2026-09-18 19:40:00,UP,LOW,FALSE,SCHEDULED,1.000,PLANNED
MOV_001005,SYN_TRAIN_0045,EXPRESS,SEC_005,2026-09-15 19:10:00,2026-09-15 19:20:00,UP,LOW,FALSE,SCHEDULED,1.000,PLANNED
MOV_001006,SYN_TRAIN_0046,EXPRESS,SEC_003,2026-09-16 07:35:00,2026-09-16 08:05:00,UP,HIGH,FALSE,SCHEDULED,1.000,PLANNED
MOV_001007,SYN_TRAIN_0047,PASSENGER,SEC_001,2026-09-19 07:15:00,2026-09-19 07:40:00,UP,LOW,FALSE,SCHEDULED,1.000,PLANNED
MOV_001008,SYN_TRAIN_0048,PASSENGER,SEC_006,2026-09-18 04:10:00,2026-09-18 04:18:00,UP,MEDIUM,FALSE,SCHEDULED,1.000,PLANNED
MOV_001009,SYN_TRAIN_0049,EXPRESS,SEC_003,2026-09-17 16:45:00,2026-09-17 17:10:00,DOWN,HIGH,FALSE,SCHEDULED,1.000,PLANNED
MOV_001010,SYN_TRAIN_0050,PASSENGER,SEC_010,2026-09-20 00:00:00,2026-09-20 00:05:00,DOWN,MEDIUM,FALSE,SCHEDULED,1.000,PLANNED
MOV_001011,SYN_TRAIN_0051,EXPRESS,SEC_003,2026-09-17 04:10:00,2026-09-17 04:18:00,DOWN,LOW,FALSE,SCHEDULED,1.000,PLANNED
MOV_001012,SYN_TRAIN_0052,MAINTENANCE,SEC_007,2026-09-20 00:45:00,2026-09-20 01:15:00,UP,MEDIUM,FALSE,SCHEDULED,1.000,PLANNED
MOV_001013,SYN_TRAIN_0053,PASSENGER,SEC_006,2026-09-16 06:40:00,2026-09-16 07:05:00,DOWN,LOW,FALSE,SCHEDULED,1.000,PLANNED
MOV_001014,SYN_TRAIN_0054,FREIGHT,SEC_008,2026-09-18 06:00:00,2026-09-18 06:20:00,UP,HIGH,TRUE,SCHEDULED,1.000,PLANNED
MOV_001015,SYN_TRAIN_0055,FREIGHT,SEC_003,2026-09-17 07:35:00,2026-09-17 07:47:00,DOWN,MEDIUM,TRUE,SCHEDULED,1.000,PLANNED
MOV_001016,SYN_TRAIN_0056,EXPRESS,SEC_010,2026-09-19 11:45:00,2026-09-19 11:50:00,DOWN,HIGH,FALSE,SCHEDULED,1.000,PLANNED
MOV_001017,SYN_TRAIN_0057,PASSENGER,SEC_007,2026-09-17 10:10:00,2026-09-17 10:35:00,DOWN,LOW,FALSE,SCHEDULED,1.000,PLANNED
MOV_001018,SYN_TRAIN_0058,EXPRESS,SEC_007,2026-09-20 09:30:00,2026-09-20 09:42:00,UP,LOW,FALSE,SCHEDULED,1.000,PLANNED
MOV_001019,SYN_TRAIN_0059,PASSENGER,SEC_002,2026-09-17 14:10:00,2026-09-17 14:18:00,UP,MEDIUM,FALSE,SCHEDULED,1.000,PLANNED
MOV_001020,SYN_TRAIN_0060,EXPRESS,SEC_006,2026-09-19 09:10:00,2026-09-19 09:15:00,UP,MEDIUM,FALSE,SCHEDULED,1.000,PLANNED
MOV_001021,SYN_TRAIN_0061,PASSENGER,SEC_002,2026-09-16 18:40:00,2026-09-16 18:52:00,UP,HIGH,FALSE,SCHEDULED,1.000,PLANNED
MOV_001022,SYN_TRAIN_0062,PASSENGER,SEC_005,2026-09-14 05:20:00,2026-09-14 05:50:00,DOWN,HIGH,FALSE,SCHEDULED,1.000,PLANNED
MOV_001023,SYN_TRAIN_0063,PASSENGER,SEC_008,2026-09-19 10:15:00,2026-09-19 10:40:00,DOWN,MEDIUM,FALSE,SCHEDULED,1.000,PLANNED
MOV_001024,SYN_TRAIN_0064,EXPRESS,SEC_001,2026-09-15 10:05:00,2026-09-15 10:30:00,UP,HIGH,FALSE,SCHEDULED,1.000,PLANNED
MOV_001025,SYN_TRAIN_0065,PASSENGER,SEC_007,2026-09-14 02:35:00,2026-09-14 02:50:00,DOWN,HIGH,FALSE,SCHEDULED,1.000,PLANNED
MOV_001026,SYN_TRAIN_0066,PASSENGER,SEC_004,2026-09-20 15:05:00,2026-09-20 15:13:00,UP,MEDIUM,FALSE,SCHEDULED,1.000,PLANNED
MOV_001027,SYN_TRAIN_0067,MAINTENANCE,SEC_007,2026-09-19 10:00:00,2026-09-19 10:20:00,UP,HIGH,FALSE,SCHEDULED,1.000,PLANNED
MOV_001028,SYN_TRAIN_0068,MAINTENANCE,SEC_004,2026-09-17 18:10:00,2026-09-17 18:35:00,UP,MEDIUM,FALSE,SCHEDULED,1.000,PLANNED
MOV_001029,SYN_TRAIN_0069,PASSENGER,SEC_010,2026-09-17 06:05:00,2026-09-17 06:15:00,DOWN,MEDIUM,FALSE,SCHEDULED,1.000,PLANNED
MOV_001030,SYN_TRAIN_0070,MAINTENANCE,SEC_006,2026-09-18 17:30:00,2026-09-18 17:38:00,DOWN,MEDIUM,FALSE,SCHEDULED,1.000,PLANNED
MOV_001031,SYN_TRAIN_0071,EXPRESS,SEC_010,2026-09-14 22:15:00,2026-09-14 22:27:00,DOWN,MEDIUM,FALSE,SCHEDULED,1.000,PLANNED
MOV_001032,SYN_TRAIN_0072,EXPRESS,SEC_004,2026-09-15 06:25:00,2026-09-15 06:40:00,UP,MEDIUM,FALSE,SCHEDULED,1.000,PLANNED
MOV_001033,SYN_TRAIN_0073,FREIGHT,SEC_004,2026-09-16 13:35:00,2026-09-16 13:45:00,UP,HIGH,TRUE,SCHEDULED,1.000,PLANNED
MOV_001034,SYN_TRAIN_0074,PASSENGER,SEC_010,2026-09-17 18:30:00,2026-09-17 18:35:00,UP,HIGH,FALSE,SCHEDULED,1.000,PLANNED
MOV_001035,SYN_TRAIN_0075,PASSENGER,SEC_010,2026-09-19 19:15:00,2026-09-19 19:40:00,DOWN,LOW,FALSE,SCHEDULED,1.000,PLANNED
MOV_001036,SYN_TRAIN_0076,EXPRESS,SEC_004,2026-09-18 17:25:00,2026-09-18 17:30:00,DOWN,LOW,FALSE,SCHEDULED,1.000,PLANNED
MOV_001037,SYN_TRAIN_0077,FREIGHT,SEC_005,2026-09-18 20:45:00,2026-09-18 21:15:00,DOWN,HIGH,TRUE,SCHEDULED,1.000,PLANNED
MOV_001038,SYN_TRAIN_0078,FREIGHT,SEC_003,2026-09-20 19:20:00,2026-09-20 19:28:00,UP,HIGH,TRUE,SCHEDULED,1.000,PLANNED
MOV_001039,SYN_TRAIN_0079,MAINTENANCE,SEC_008,2026-09-20 20:10:00,2026-09-20 20:25:00,DOWN,LOW,FALSE,SCHEDULED,1.000,PLANNED
MOV_001040,SYN_TRAIN_0080,PASSENGER,SEC_001,2026-09-15 07:20:00,2026-09-15 07:30:00,UP,MEDIUM,FALSE,SCHEDULED,1.000,PLANNED
MOV_001041,SYN_TRAIN_0081,FREIGHT,SEC_004,2026-09-20 04:50:00,2026-09-20 04:55:00,DOWN,LOW,TRUE,SCHEDULED,1.000,PLANNED
MOV_001042,SYN_TRAIN_0082,EXPRESS,SEC_003,2026-09-15 00:35:00,2026-09-15 00:43:00,DOWN,HIGH,FALSE,SCHEDULED,1.000,PLANNED
MOV_001043,SYN_TRAIN_0083,PASSENGER,SEC_008,2026-09-20 03:20:00,2026-09-20 03:35:00,UP,HIGH,FALSE,SCHEDULED,1.000,PLANNED
MOV_001044,SYN_TRAIN_0084,MAINTENANCE,SEC_002,2026-09-19 10:25:00,2026-09-19 10:45:00,UP,HIGH,FALSE,SCHEDULED,1.000,PLANNED
MOV_001045,SYN_TRAIN_0085,MAINTENANCE,SEC_010,2026-09-17 07:35:00,2026-09-17 08:00:00,UP,MEDIUM,FALSE,SCHEDULED,1.000,PLANNED
MOV_001046,SYN_TRAIN_0086,PASSENGER,SEC_001,2026-09-18 15:25:00,2026-09-18 15:50:00,DOWN,HIGH,FALSE,SCHEDULED,1.000,PLANNED
MOV_001047,SYN_TRAIN_0087,FREIGHT,SEC_002,2026-09-14 18:40:00,2026-09-14 19:10:00,UP,MEDIUM,TRUE,SCHEDULED,1.000,PLANNED
MOV_001048,SYN_TRAIN_0088,EXPRESS,SEC_008,2026-09-18 00:15:00,2026-09-18 00:20:00,DOWN,MEDIUM,FALSE,SCHEDULED,1.000,PLANNED
MOV_001049,SYN_TRAIN_0089,MAINTENANCE,SEC_006,2026-09-18 22:35:00,2026-09-18 22:50:00,DOWN,HIGH,FALSE,SCHEDULED,1.000,PLANNED
MOV_001050,SYN_TRAIN_0090,PASSENGER,SEC_004,2026-09-19 07:05:00,2026-09-19 07:10:00,UP,MEDIUM,FALSE,SCHEDULED,1.000,PLANNED
MOV_001051,SYN_TRAIN_0091,PASSENGER,SEC_007,2026-09-19 17:40:00,2026-09-19 17:50:00,DOWN,MEDIUM,FALSE,SCHEDULED,1.000,PLANNED
MOV_001052,SYN_TRAIN_0092,PASSENGER,SEC_005,2026-09-17 14:15:00,2026-09-17 14:27:00,UP,LOW,FALSE,SCHEDULED,1.000,PLANNED
MOV_001053,SYN_TRAIN_0093,FREIGHT,SEC_006,2026-09-17 01:30:00,2026-09-17 01:55:00,UP,MEDIUM,TRUE,SCHEDULED,1.000,PLANNED
MOV_001054,SYN_TRAIN_0094,EXPRESS,SEC_004,2026-09-18 18:10:00,2026-09-18 18:30:00,DOWN,HIGH,FALSE,SCHEDULED,1.000,PLANNED
MOV_001055,SYN_TRAIN_0095,FREIGHT,SEC_007,2026-09-15 06:50:00,2026-09-15 07:02:00,DOWN,LOW,TRUE,SCHEDULED,1.000,PLANNED
MOV_001056,SYN_TRAIN_0096,PASSENGER,SEC_003,2026-09-17 19:55:00,2026-09-17 20:15:00,UP,LOW,FALSE,SCHEDULED,1.000,PLANNED
MOV_001057,SYN_TRAIN_0097,OTHER,SEC_001,2026-09-18 08:40:00,2026-09-18 09:00:00,UP,LOW,FALSE,SCHEDULED,1.000,PLANNED
MOV_001058,SYN_TRAIN_0098,OTHER,SEC_001,2026-09-17 12:05:00,2026-09-17 12:15:00,DOWN,LOW,FALSE,SCHEDULED,1.000,PLANNED
MOV_001059,SYN_TRAIN_0099,FREIGHT,SEC_008,2026-09-19 23:55:00,2026-09-20 00:00:00,DOWN,LOW,TRUE,SCHEDULED,1.000,PLANNED
MOV_001060,SYN_TRAIN_0100,EXPRESS,SEC_010,2026-09-14 23:35:00,2026-09-14 23:50:00,UP,LOW,FALSE,SCHEDULED,1.000,PLANNED
MOV_001061,SYN_TRAIN_0101,PASSENGER,SEC_001,2026-09-20 22:45:00,2026-09-20 22:57:00,DOWN,HIGH,FALSE,SCHEDULED,1.000,PLANNED
MOV_001062,SYN_TRAIN_0102,PASSENGER,SEC_005,2026-09-18 22:55:00,2026-09-18 23:25:00,UP,HIGH,FALSE,SCHEDULED,1.000,PLANNED
MOV_001063,SYN_TRAIN_0103,EXPRESS,SEC_003,2026-09-14 05:45:00,2026-09-14 05:53:00,DOWN,LOW,FALSE,SCHEDULED,1.000,PLANNED
MOV_001064,SYN_TRAIN_0104,FREIGHT,SEC_002,2026-09-18 03:25:00,2026-09-18 03:33:00,UP,MEDIUM,TRUE,SCHEDULED,1.000,PLANNED
MOV_001065,SYN_TRAIN_0105,PASSENGER,SEC_006,2026-09-17 17:55:00,2026-09-17 18:10:00,DOWN,HIGH,FALSE,SCHEDULED,1.000,PLANNED
MOV_001066,SYN_TRAIN_0106,EXPRESS,SEC_006,2026-09-17 16:00:00,2026-09-17 16:12:00,UP,HIGH,FALSE,SCHEDULED,1.000,PLANNED
MOV_001067,SYN_TRAIN_0107,EXPRESS,SEC_003,2026-09-19 13:15:00,2026-09-19 13:27:00,UP,HIGH,FALSE,SCHEDULED,1.000,PLANNED
MOV_001068,SYN_TRAIN_0108,FREIGHT,SEC_008,2026-09-16 19:40:00,2026-09-16 20:05:00,UP,LOW,TRUE,SCHEDULED,1.000,PLANNED
MOV_001069,SYN_TRAIN_0109,EXPRESS,SEC_003,2026-09-15 09:15:00,2026-09-15 09:27:00,DOWN,HIGH,FALSE,SCHEDULED,1.000,PLANNED
MOV_001070,SYN_TRAIN_0110,FREIGHT,SEC_010,2026-09-20 20:05:00,2026-09-20 20:20:00,DOWN,MEDIUM,TRUE,SCHEDULED,1.000,PLANNED
MOV_001071,SYN_TRAIN_0111,EXPRESS,SEC_002,2026-09-20 18:00:00,2026-09-20 18:10:00,DOWN,MEDIUM,FALSE,SCHEDULED,1.000,PLANNED
MOV_001072,SYN_TRAIN_0112,FREIGHT,SEC_001,2026-09-14 04:35:00,2026-09-14 04:40:00,DOWN,MEDIUM,TRUE,SCHEDULED,1.000,PLANNED
MOV_001073,SYN_TRAIN_0113,PASSENGER,SEC_002,2026-09-18 20:45:00,2026-09-18 20:57:00,UP,MEDIUM,FALSE,SCHEDULED,1.000,PLANNED
MOV_001074,SYN_TRAIN_0114,EXPRESS,SEC_005,2026-09-15 05:35:00,2026-09-15 05:55:00,DOWN,MEDIUM,FALSE,SCHEDULED,1.000,PLANNED
MOV_001075,SYN_TRAIN_0115,FREIGHT,SEC_010,2026-09-20 18:50:00,2026-09-20 19:02:00,UP,LOW,TRUE,SCHEDULED,1.000,PLANNED
MOV_001076,SYN_TRAIN_0116,EXPRESS,SEC_010,2026-09-18 15:05:00,2026-09-18 15:17:00,UP,LOW,FALSE,SCHEDULED,1.000,PLANNED
MOV_001077,SYN_TRAIN_0117,PASSENGER,SEC_003,2026-09-16 21:20:00,2026-09-16 21:28:00,UP,LOW,FALSE,SCHEDULED,1.000,PLANNED
MOV_001078,SYN_TRAIN_0118,PASSENGER,SEC_004,2026-09-19 18:30:00,2026-09-19 18:42:00,DOWN,HIGH,FALSE,SCHEDULED,1.000,PLANNED
MOV_001079,SYN_TRAIN_0119,PASSENGER,SEC_001,2026-09-16 19:15:00,2026-09-16 19:25:00,DOWN,MEDIUM,FALSE,SCHEDULED,1.000,PLANNED
MOV_001080,SYN_TRAIN_0120,PASSENGER,SEC_002,2026-09-17 13:00:00,2026-09-17 13:30:00,UP,MEDIUM,FALSE,SCHEDULED,1.000,PLANNED
MOV_001081,SYN_TRAIN_0121,EXPRESS,SEC_004,2026-09-19 19:50:00,2026-09-19 20:15:00,DOWN,LOW,FALSE,SCHEDULED,1.000,PLANNED
MOV_001082,SYN_TRAIN_0122,PASSENGER,SEC_001,2026-09-15 18:15:00,2026-09-15 18:27:00,DOWN,LOW,FALSE,SCHEDULED,1.000,PLANNED
MOV_001083,SYN_TRAIN_0123,PASSENGER,SEC_005,2026-09-18 00:20:00,2026-09-18 00:45:00,UP,HIGH,FALSE,SCHEDULED,1.000,PLANNED
MOV_001084,SYN_TRAIN_0124,PASSENGER,SEC_010,2026-09-17 04:45:00,2026-09-17 05:15:00,DOWN,HIGH,FALSE,SCHEDULED,1.000,PLANNED
MOV_001085,SYN_TRAIN_0125,FREIGHT,SEC_001,2026-09-20 20:50:00,2026-09-20 20:55:00,UP,MEDIUM,TRUE,SCHEDULED,1.000,PLANNED
MOV_001086,SYN_TRAIN_0126,FREIGHT,SEC_008,2026-09-16 17:15:00,2026-09-16 17:45:00,UP,LOW,TRUE,SCHEDULED,1.000,PLANNED
MOV_001087,SYN_TRAIN_0127,EXPRESS,SEC_005,2026-09-19 16:25:00,2026-09-19 16:30:00,DOWN,MEDIUM,FALSE,SCHEDULED,1.000,PLANNED
MOV_001088,SYN_TRAIN_0128,EXPRESS,SEC_003,2026-09-20 02:05:00,2026-09-20 02:35:00,DOWN,MEDIUM,FALSE,SCHEDULED,1.000,PLANNED
MOV_001089,SYN_TRAIN_0129,FREIGHT,SEC_002,2026-09-15 11:30:00,2026-09-15 11:50:00,UP,MEDIUM,TRUE,SCHEDULED,1.000,PLANNED
MOV_001090,SYN_TRAIN_0130,MAINTENANCE,SEC_005,2026-09-19 19:10:00,2026-09-19 19:20:00,DOWN,HIGH,FALSE,SCHEDULED,1.000,PLANNED
MOV_001091,SYN_TRAIN_0131,MAINTENANCE,SEC_008,2026-09-15 20:10:00,2026-09-15 20:22:00,UP,LOW,FALSE,SCHEDULED,1.000,PLANNED
MOV_001092,SYN_TRAIN_0132,EXPRESS,SEC_007,2026-09-16 13:15:00,2026-09-16 13:40:00,UP,HIGH,FALSE,SCHEDULED,1.000,PLANNED
MOV_001093,SYN_TRAIN_0133,EXPRESS,SEC_010,2026-09-18 14:00:00,2026-09-18 14:10:00,DOWN,LOW,FALSE,SCHEDULED,1.000,PLANNED
MOV_001094,SYN_TRAIN_0134,PASSENGER,SEC_010,2026-09-18 16:20:00,2026-09-18 16:25:00,UP,HIGH,FALSE,SCHEDULED,1.000,PLANNED
MOV_001095,SYN_TRAIN_0135,FREIGHT,SEC_007,2026-09-16 16:10:00,2026-09-16 16:22:00,DOWN,MEDIUM,TRUE,SCHEDULED,1.000,PLANNED
MOV_001096,SYN_TRAIN_0136,EXPRESS,SEC_004,2026-09-18 18:15:00,2026-09-18 18:40:00,UP,MEDIUM,FALSE,SCHEDULED,1.000,PLANNED
MOV_001097,SYN_TRAIN_0137,PASSENGER,SEC_007,2026-09-15 15:00:00,2026-09-15 15:30:00,DOWN,LOW,FALSE,SCHEDULED,1.000,PLANNED
MOV_001098,SYN_TRAIN_0138,PASSENGER,SEC_003,2026-09-20 14:45:00,2026-09-20 14:55:00,DOWN,HIGH,FALSE,SCHEDULED,1.000,PLANNED
MOV_001099,SYN_TRAIN_0139,PASSENGER,SEC_007,2026-09-15 05:55:00,2026-09-15 06:20:00,UP,HIGH,FALSE,SCHEDULED,1.000,PLANNED
MOV_001100,SYN_TRAIN_0140,PASSENGER,SEC_007,2026-09-15 17:10:00,2026-09-15 17:25:00,UP,HIGH,FALSE,SCHEDULED,1.000,PLANNED
MOV_001101,SYN_TRAIN_0141,FREIGHT,SEC_005,2026-09-15 20:40:00,2026-09-15 20:50:00,UP,LOW,TRUE,SCHEDULED,1.000,PLANNED
MOV_001102,SYN_TRAIN_0142,PASSENGER,SEC_009,2026-09-14 06:35:00,2026-09-14 06:40:00,DOWN,HIGH,FALSE,SCHEDULED,1.000,PLANNED
MOV_001103,SYN_TRAIN_0143,PASSENGER,SEC_007,2026-09-20 06:10:00,2026-09-20 06:15:00,DOWN,HIGH,FALSE,SCHEDULED,1.000,PLANNED
MOV_001104,SYN_TRAIN_0144,PASSENGER,SEC_001,2026-09-14 05:30:00,2026-09-14 05:55:00,DOWN,HIGH,FALSE,SCHEDULED,1.000,PLANNED
MOV_001105,SYN_TRAIN_0145,FREIGHT,SEC_003,2026-09-19 17:40:00,2026-09-19 17:52:00,DOWN,LOW,TRUE,SCHEDULED,1.000,PLANNED
MOV_001106,SYN_TRAIN_0146,PASSENGER,SEC_004,2026-09-14 08:40:00,2026-09-14 08:45:00,UP,MEDIUM,FALSE,SCHEDULED,1.000,PLANNED
MOV_001107,SYN_TRAIN_0147,PASSENGER,SEC_009,2026-09-16 00:45:00,2026-09-16 01:00:00,DOWN,HIGH,FALSE,SCHEDULED,1.000,PLANNED
MOV_001108,SYN_TRAIN_0148,PASSENGER,SEC_010,2026-09-18 20:00:00,2026-09-18 20:12:00,UP,HIGH,FALSE,SCHEDULED,1.000,PLANNED
MOV_001109,SYN_TRAIN_0149,MAINTENANCE,SEC_002,2026-09-15 15:30:00,2026-09-15 15:42:00,UP,LOW,FALSE,SCHEDULED,1.000,PLANNED
MOV_001110,SYN_TRAIN_0150,EXPRESS,SEC_002,2026-09-15 07:10:00,2026-09-15 07:25:00,DOWN,MEDIUM,FALSE,SCHEDULED,1.000,PLANNED
MOV_001111,SYN_TRAIN_0151,PASSENGER,SEC_007,2026-09-15 07:20:00,2026-09-15 07:45:00,UP,MEDIUM,FALSE,SCHEDULED,1.000,PLANNED
MOV_001112,SYN_TRAIN_0152,PASSENGER,SEC_003,2026-09-17 20:40:00,2026-09-17 21:05:00,DOWN,HIGH,FALSE,SCHEDULED,1.000,PLANNED
MOV_001113,SYN_TRAIN_0153,FREIGHT,SEC_002,2026-09-19 19:20:00,2026-09-19 19:50:00,DOWN,LOW,TRUE,SCHEDULED,1.000,PLANNED
MOV_001114,SYN_TRAIN_0154,FREIGHT,SEC_006,2026-09-19 06:15:00,2026-09-19 06:30:00,DOWN,LOW,TRUE,SCHEDULED,1.000,PLANNED
MOV_001115,SYN_TRAIN_0155,PASSENGER,SEC_003,2026-09-20 09:30:00,2026-09-20 09:40:00,UP,LOW,FALSE,SCHEDULED,1.000,PLANNED
MOV_001116,SYN_TRAIN_0156,OTHER,SEC_010,2026-09-17 20:40:00,2026-09-17 20:45:00,UP,MEDIUM,FALSE,SCHEDULED,1.000,PLANNED
MOV_001117,SYN_TRAIN_0157,OTHER,SEC_008,2026-09-14 11:15:00,2026-09-14 11:35:00,DOWN,LOW,FALSE,SCHEDULED,1.000,PLANNED
MOV_001118,SYN_TRAIN_0158,PASSENGER,SEC_002,2026-09-16 22:10:00,2026-09-16 22:20:00,UP,HIGH,FALSE,SCHEDULED,1.000,PLANNED
MOV_001119,SYN_TRAIN_0159,PASSENGER,SEC_002,2026-09-14 11:10:00,2026-09-14 11:20:00,UP,HIGH,FALSE,SCHEDULED,1.000,PLANNED
MOV_001120,SYN_TRAIN_0160,OTHER,SEC_010,2026-09-14 09:40:00,2026-09-14 10:00:00,DOWN,LOW,FALSE,SCHEDULED,1.000,PLANNED
MOV_001121,SYN_TRAIN_0001,PASSENGER,SEC_002,2026-09-19 07:05:00,2026-09-19 07:10:00,DOWN,MEDIUM,FALSE,SCHEDULED,1.000,PLANNED
MOV_001122,SYN_TRAIN_0002,FREIGHT,SEC_008,2026-09-17 18:30:00,2026-09-17 18:50:00,DOWN,HIGH,TRUE,SCHEDULED,1.000,PLANNED
MOV_001123,SYN_TRAIN_0003,PASSENGER,SEC_004,2026-09-18 02:25:00,2026-09-18 02:35:00,UP,LOW,FALSE,SCHEDULED,1.000,PLANNED
MOV_001124,SYN_TRAIN_0004,EXPRESS,SEC_003,2026-09-14 05:15:00,2026-09-14 05:35:00,DOWN,HIGH,FALSE,SCHEDULED,1.000,PLANNED
MOV_001125,SYN_TRAIN_0005,PASSENGER,SEC_002,2026-09-16 18:40:00,2026-09-16 18:45:00,DOWN,LOW,FALSE,SCHEDULED,1.000,PLANNED
MOV_001126,SYN_TRAIN_0006,PASSENGER,SEC_003,2026-09-18 16:40:00,2026-09-18 16:55:00,DOWN,HIGH,FALSE,SCHEDULED,1.000,PLANNED
MOV_001127,SYN_TRAIN_0007,PASSENGER,SEC_009,2026-09-18 17:40:00,2026-09-18 17:50:00,UP,HIGH,FALSE,SCHEDULED,1.000,PLANNED
MOV_001128,SYN_TRAIN_0008,MAINTENANCE,SEC_009,2026-09-15 04:45:00,2026-09-15 04:50:00,DOWN,HIGH,FALSE,SCHEDULED,1.000,PLANNED
MOV_001129,SYN_TRAIN_0009,EXPRESS,SEC_007,2026-09-17 20:05:00,2026-09-17 20:25:00,DOWN,MEDIUM,FALSE,SCHEDULED,1.000,PLANNED
MOV_001130,SYN_TRAIN_0010,FREIGHT,SEC_008,2026-09-20 11:10:00,2026-09-20 11:22:00,DOWN,MEDIUM,TRUE,SCHEDULED,1.000,PLANNED
MOV_001131,SYN_TRAIN_0011,PASSENGER,SEC_009,2026-09-16 21:00:00,2026-09-16 21:20:00,DOWN,MEDIUM,FALSE,SCHEDULED,1.000,PLANNED
MOV_001132,SYN_TRAIN_0012,FREIGHT,SEC_005,2026-09-15 16:15:00,2026-09-15 16:30:00,DOWN,MEDIUM,TRUE,SCHEDULED,1.000,PLANNED
MOV_001133,SYN_TRAIN_0013,EXPRESS,SEC_003,2026-09-16 18:45:00,2026-09-16 19:00:00,DOWN,LOW,FALSE,SCHEDULED,1.000,PLANNED
MOV_001134,SYN_TRAIN_0014,PASSENGER,SEC_005,2026-09-20 06:00:00,2026-09-20 06:20:00,UP,LOW,FALSE,SCHEDULED,1.000,PLANNED
MOV_001135,SYN_TRAIN_0015,EXPRESS,SEC_002,2026-09-17 09:40:00,2026-09-17 09:52:00,UP,MEDIUM,FALSE,SCHEDULED,1.000,PLANNED
MOV_001136,SYN_TRAIN_0016,PASSENGER,SEC_001,2026-09-19 00:45:00,2026-09-19 00:50:00,UP,LOW,FALSE,SCHEDULED,1.000,PLANNED
MOV_001137,SYN_TRAIN_0017,EXPRESS,SEC_002,2026-09-16 17:00:00,2026-09-16 17:12:00,UP,LOW,FALSE,SCHEDULED,1.000,PLANNED
MOV_001138,SYN_TRAIN_0018,FREIGHT,SEC_003,2026-09-15 03:10:00,2026-09-15 03:15:00,DOWN,LOW,TRUE,SCHEDULED,1.000,PLANNED
MOV_001139,SYN_TRAIN_0019,PASSENGER,SEC_004,2026-09-19 05:05:00,2026-09-19 05:10:00,DOWN,LOW,FALSE,SCHEDULED,1.000,PLANNED
MOV_001140,SYN_TRAIN_0020,EXPRESS,SEC_006,2026-09-17 15:50:00,2026-09-17 15:55:00,UP,HIGH,FALSE,SCHEDULED,1.000,PLANNED
MOV_001141,SYN_TRAIN_0021,FREIGHT,SEC_008,2026-09-20 15:30:00,2026-09-20 16:00:00,DOWN,LOW,TRUE,SCHEDULED,1.000,PLANNED
MOV_001142,SYN_TRAIN_0022,PASSENGER,SEC_002,2026-09-19 10:10:00,2026-09-19 10:35:00,DOWN,LOW,FALSE,SCHEDULED,1.000,PLANNED
MOV_001143,SYN_TRAIN_0023,MAINTENANCE,SEC_003,2026-09-17 04:00:00,2026-09-17 04:10:00,DOWN,LOW,FALSE,SCHEDULED,1.000,PLANNED
MOV_001144,SYN_TRAIN_0024,EXPRESS,SEC_010,2026-09-14 12:40:00,2026-09-14 12:52:00,UP,LOW,FALSE,SCHEDULED,1.000,PLANNED
MOV_001145,SYN_TRAIN_0025,PASSENGER,SEC_007,2026-09-16 16:45:00,2026-09-16 16:55:00,DOWN,LOW,FALSE,SCHEDULED,1.000,PLANNED
MOV_001146,SYN_TRAIN_0026,PASSENGER,SEC_008,2026-09-17 17:15:00,2026-09-17 17:23:00,UP,LOW,FALSE,SCHEDULED,1.000,PLANNED
MOV_001147,SYN_TRAIN_0027,PASSENGER,SEC_001,2026-09-18 07:05:00,2026-09-18 07:25:00,DOWN,LOW,FALSE,SCHEDULED,1.000,PLANNED
MOV_001148,SYN_TRAIN_0028,OTHER,SEC_005,2026-09-14 11:20:00,2026-09-14 11:25:00,DOWN,MEDIUM,FALSE,SCHEDULED,1.000,PLANNED
MOV_001149,SYN_TRAIN_0029,FREIGHT,SEC_003,2026-09-17 12:15:00,2026-09-17 12:27:00,UP,LOW,TRUE,SCHEDULED,1.000,PLANNED
MOV_001150,SYN_TRAIN_0030,FREIGHT,SEC_008,2026-09-17 06:10:00,2026-09-17 06:35:00,DOWN,MEDIUM,TRUE,SCHEDULED,1.000,PLANNED
MOV_001151,SYN_TRAIN_0031,PASSENGER,SEC_010,2026-09-19 15:10:00,2026-09-19 15:18:00,DOWN,LOW,FALSE,SCHEDULED,1.000,PLANNED
MOV_001152,SYN_TRAIN_0032,EXPRESS,SEC_003,2026-09-16 15:00:00,2026-09-16 15:30:00,DOWN,HIGH,FALSE,SCHEDULED,1.000,PLANNED
MOV_001153,SYN_TRAIN_0033,EXPRESS,SEC_008,2026-09-19 06:10:00,2026-09-19 06:22:00,DOWN,HIGH,FALSE,SCHEDULED,1.000,PLANNED
MOV_001154,SYN_TRAIN_0034,FREIGHT,SEC_002,2026-09-18 10:15:00,2026-09-18 10:20:00,DOWN,MEDIUM,TRUE,SCHEDULED,1.000,PLANNED
MOV_001155,SYN_TRAIN_0035,PASSENGER,SEC_001,2026-09-16 13:50:00,2026-09-16 14:10:00,DOWN,HIGH,FALSE,SCHEDULED,1.000,PLANNED
MOV_001156,SYN_TRAIN_0036,EXPRESS,SEC_009,2026-09-19 05:00:00,2026-09-19 05:12:00,DOWN,MEDIUM,FALSE,SCHEDULED,1.000,PLANNED
MOV_001157,SYN_TRAIN_0037,MAINTENANCE,SEC_001,2026-09-15 11:10:00,2026-09-15 11:30:00,DOWN,MEDIUM,FALSE,SCHEDULED,1.000,PLANNED
MOV_001158,SYN_TRAIN_0038,OTHER,SEC_002,2026-09-18 07:35:00,2026-09-18 07:40:00,DOWN,MEDIUM,FALSE,SCHEDULED,1.000,PLANNED
MOV_001159,SYN_TRAIN_0039,FREIGHT,SEC_010,2026-09-20 18:35:00,2026-09-20 18:55:00,UP,LOW,TRUE,SCHEDULED,1.000,PLANNED
MOV_001160,SYN_TRAIN_0040,EXPRESS,SEC_006,2026-09-16 20:00:00,2026-09-16 20:15:00,UP,LOW,FALSE,SCHEDULED,1.000,PLANNED
MOV_001161,SYN_TRAIN_0041,FREIGHT,SEC_008,2026-09-19 17:50:00,2026-09-19 18:10:00,DOWN,HIGH,TRUE,SCHEDULED,1.000,PLANNED
MOV_001162,SYN_TRAIN_0042,EXPRESS,SEC_005,2026-09-19 19:35:00,2026-09-19 19:43:00,DOWN,LOW,FALSE,SCHEDULED,1.000,PLANNED
MOV_001163,SYN_TRAIN_0043,PASSENGER,SEC_004,2026-09-16 05:25:00,2026-09-16 05:37:00,DOWN,MEDIUM,FALSE,SCHEDULED,1.000,PLANNED
MOV_001164,SYN_TRAIN_0044,PASSENGER,SEC_002,2026-09-14 03:25:00,2026-09-14 03:37:00,DOWN,MEDIUM,FALSE,SCHEDULED,1.000,PLANNED
MOV_001165,SYN_TRAIN_0045,FREIGHT,SEC_010,2026-09-20 15:00:00,2026-09-20 15:25:00,DOWN,LOW,TRUE,SCHEDULED,1.000,PLANNED
MOV_001166,SYN_TRAIN_0046,MAINTENANCE,SEC_008,2026-09-16 23:15:00,2026-09-16 23:40:00,DOWN,HIGH,FALSE,SCHEDULED,1.000,PLANNED
MOV_001167,SYN_TRAIN_0047,PASSENGER,SEC_003,2026-09-15 05:00:00,2026-09-15 05:30:00,UP,LOW,FALSE,SCHEDULED,1.000,PLANNED
MOV_001168,SYN_TRAIN_0048,PASSENGER,SEC_003,2026-09-17 08:15:00,2026-09-17 08:40:00,DOWN,MEDIUM,FALSE,SCHEDULED,1.000,PLANNED
MOV_001169,SYN_TRAIN_0049,FREIGHT,SEC_006,2026-09-16 18:20:00,2026-09-16 18:50:00,DOWN,MEDIUM,TRUE,SCHEDULED,1.000,PLANNED
MOV_001170,SYN_TRAIN_0050,MAINTENANCE,SEC_010,2026-09-17 18:15:00,2026-09-17 18:35:00,UP,MEDIUM,FALSE,SCHEDULED,1.000,PLANNED
MOV_001171,SYN_TRAIN_0051,EXPRESS,SEC_007,2026-09-20 11:30:00,2026-09-20 11:55:00,DOWN,HIGH,FALSE,SCHEDULED,1.000,PLANNED
MOV_001172,SYN_TRAIN_0052,FREIGHT,SEC_006,2026-09-20 09:40:00,2026-09-20 10:10:00,UP,LOW,TRUE,SCHEDULED,1.000,PLANNED
MOV_001173,SYN_TRAIN_0053,PASSENGER,SEC_001,2026-09-15 17:25:00,2026-09-15 17:50:00,DOWN,HIGH,FALSE,SCHEDULED,1.000,PLANNED
MOV_001174,SYN_TRAIN_0054,FREIGHT,SEC_009,2026-09-19 03:00:00,2026-09-19 03:10:00,DOWN,LOW,TRUE,SCHEDULED,1.000,PLANNED
MOV_001175,SYN_TRAIN_0055,EXPRESS,SEC_009,2026-09-17 06:00:00,2026-09-17 06:20:00,UP,HIGH,FALSE,SCHEDULED,1.000,PLANNED
MOV_001176,SYN_TRAIN_0056,EXPRESS,SEC_002,2026-09-17 04:30:00,2026-09-17 04:50:00,UP,LOW,FALSE,SCHEDULED,1.000,PLANNED
MOV_001177,SYN_TRAIN_0057,PASSENGER,SEC_002,2026-09-17 07:45:00,2026-09-17 08:00:00,DOWN,HIGH,FALSE,SCHEDULED,1.000,PLANNED
MOV_001178,SYN_TRAIN_0058,PASSENGER,SEC_009,2026-09-15 11:15:00,2026-09-15 11:20:00,DOWN,HIGH,FALSE,SCHEDULED,1.000,PLANNED
MOV_001179,SYN_TRAIN_0059,PASSENGER,SEC_002,2026-09-17 18:00:00,2026-09-17 18:15:00,UP,LOW,FALSE,SCHEDULED,1.000,PLANNED
MOV_001180,SYN_TRAIN_0060,EXPRESS,SEC_001,2026-09-15 13:20:00,2026-09-15 13:25:00,DOWN,HIGH,FALSE,SCHEDULED,1.000,PLANNED
MOV_001181,SYN_TRAIN_0061,EXPRESS,SEC_004,2026-09-17 13:55:00,2026-09-17 14:05:00,UP,LOW,FALSE,SCHEDULED,1.000,PLANNED
MOV_001182,SYN_TRAIN_0062,MAINTENANCE,SEC_002,2026-09-14 18:40:00,2026-09-14 18:52:00,DOWN,HIGH,FALSE,SCHEDULED,1.000,PLANNED
MOV_001183,SYN_TRAIN_0063,FREIGHT,SEC_009,2026-09-20 20:30:00,2026-09-20 20:45:00,UP,MEDIUM,TRUE,SCHEDULED,1.000,PLANNED
MOV_001184,SYN_TRAIN_0064,FREIGHT,SEC_007,2026-09-16 05:10:00,2026-09-16 05:18:00,DOWN,LOW,TRUE,SCHEDULED,1.000,PLANNED
MOV_001185,SYN_TRAIN_0065,FREIGHT,SEC_003,2026-09-18 09:50:00,2026-09-18 10:00:00,UP,HIGH,TRUE,SCHEDULED,1.000,PLANNED
MOV_001186,SYN_TRAIN_0066,PASSENGER,SEC_003,2026-09-14 22:55:00,2026-09-14 23:25:00,DOWN,LOW,FALSE,SCHEDULED,1.000,PLANNED
MOV_001187,SYN_TRAIN_0067,PASSENGER,SEC_008,2026-09-19 16:10:00,2026-09-19 16:20:00,UP,LOW,FALSE,SCHEDULED,1.000,PLANNED
MOV_001188,SYN_TRAIN_0068,PASSENGER,SEC_010,2026-09-18 16:30:00,2026-09-18 17:00:00,UP,MEDIUM,FALSE,SCHEDULED,1.000,PLANNED
MOV_001189,SYN_TRAIN_0069,PASSENGER,SEC_001,2026-09-15 17:25:00,2026-09-15 17:33:00,DOWN,MEDIUM,FALSE,SCHEDULED,1.000,PLANNED
MOV_001190,SYN_TRAIN_0070,PASSENGER,SEC_003,2026-09-16 05:20:00,2026-09-16 05:30:00,UP,HIGH,FALSE,SCHEDULED,1.000,PLANNED
MOV_001191,SYN_TRAIN_0071,EXPRESS,SEC_005,2026-09-15 11:55:00,2026-09-15 12:10:00,UP,MEDIUM,FALSE,SCHEDULED,1.000,PLANNED
MOV_001192,SYN_TRAIN_0072,PASSENGER,SEC_001,2026-09-18 05:20:00,2026-09-18 05:50:00,UP,HIGH,FALSE,SCHEDULED,1.000,PLANNED
MOV_001193,SYN_TRAIN_0073,EXPRESS,SEC_004,2026-09-20 09:50:00,2026-09-20 10:00:00,UP,LOW,FALSE,SCHEDULED,1.000,PLANNED
MOV_001194,SYN_TRAIN_0074,EXPRESS,SEC_007,2026-09-14 05:20:00,2026-09-14 05:25:00,UP,LOW,FALSE,SCHEDULED,1.000,PLANNED
MOV_001195,SYN_TRAIN_0075,FREIGHT,SEC_006,2026-09-15 23:45:00,2026-09-15 23:57:00,DOWN,HIGH,TRUE,SCHEDULED,1.000,PLANNED
MOV_001196,SYN_TRAIN_0076,EXPRESS,SEC_004,2026-09-18 21:15:00,2026-09-18 21:30:00,UP,HIGH,FALSE,SCHEDULED,1.000,PLANNED
MOV_001197,SYN_TRAIN_0077,MAINTENANCE,SEC_006,2026-09-19 11:30:00,2026-09-19 11:45:00,UP,HIGH,FALSE,SCHEDULED,1.000,PLANNED
MOV_001198,SYN_TRAIN_0078,EXPRESS,SEC_008,2026-09-14 06:45:00,2026-09-14 06:50:00,UP,MEDIUM,FALSE,SCHEDULED,1.000,PLANNED
MOV_001199,SYN_TRAIN_0079,FREIGHT,SEC_003,2026-09-19 08:10:00,2026-09-19 08:20:00,UP,HIGH,TRUE,SCHEDULED,1.000,PLANNED
MOV_001200,SYN_TRAIN_0080,PASSENGER,SEC_005,2026-09-16 17:45:00,2026-09-16 17:53:00,DOWN,HIGH,FALSE,SCHEDULED,1.000,PLANNED
MOV_001201,SYN_TRAIN_0081,EXPRESS,SEC_005,2026-09-15 18:10:00,2026-09-15 18:18:00,DOWN,MEDIUM,FALSE,SCHEDULED,1.000,PLANNED
MOV_001202,SYN_TRAIN_0082,FREIGHT,SEC_001,2026-09-16 14:55:00,2026-09-16 15:20:00,UP,LOW,TRUE,SCHEDULED,1.000,PLANNED
MOV_001203,SYN_TRAIN_0083,PASSENGER,SEC_005,2026-09-14 08:00:00,2026-09-14 08:08:00,UP,MEDIUM,FALSE,SCHEDULED,1.000,PLANNED
MOV_001204,SYN_TRAIN_0084,PASSENGER,SEC_006,2026-09-20 04:25:00,2026-09-20 04:30:00,UP,MEDIUM,FALSE,SCHEDULED,1.000,PLANNED
MOV_001205,SYN_TRAIN_0085,PASSENGER,SEC_004,2026-09-17 14:20:00,2026-09-17 14:50:00,UP,LOW,FALSE,SCHEDULED,1.000,PLANNED
MOV_001206,SYN_TRAIN_0086,PASSENGER,SEC_001,2026-09-16 19:00:00,2026-09-16 19:08:00,UP,MEDIUM,FALSE,SCHEDULED,1.000,PLANNED
MOV_001207,SYN_TRAIN_0087,EXPRESS,SEC_009,2026-09-15 12:35:00,2026-09-15 12:47:00,UP,HIGH,FALSE,SCHEDULED,1.000,PLANNED
MOV_001208,SYN_TRAIN_0088,OTHER,SEC_006,2026-09-15 11:20:00,2026-09-15 11:28:00,DOWN,HIGH,FALSE,SCHEDULED,1.000,PLANNED
MOV_001209,SYN_TRAIN_0089,FREIGHT,SEC_003,2026-09-20 19:25:00,2026-09-20 19:40:00,UP,LOW,TRUE,SCHEDULED,1.000,PLANNED
MOV_001210,SYN_TRAIN_0090,EXPRESS,SEC_001,2026-09-16 18:45:00,2026-09-16 19:10:00,DOWN,LOW,FALSE,SCHEDULED,1.000,PLANNED
MOV_001211,SYN_TRAIN_0091,PASSENGER,SEC_005,2026-09-20 10:30:00,2026-09-20 10:55:00,UP,HIGH,FALSE,SCHEDULED,1.000,PLANNED
MOV_001212,SYN_TRAIN_0092,FREIGHT,SEC_001,2026-09-19 11:30:00,2026-09-19 11:50:00,DOWN,LOW,TRUE,SCHEDULED,1.000,PLANNED
MOV_001213,SYN_TRAIN_0093,PASSENGER,SEC_010,2026-09-20 05:15:00,2026-09-20 05:20:00,DOWN,MEDIUM,FALSE,SCHEDULED,1.000,PLANNED
MOV_001214,SYN_TRAIN_0094,PASSENGER,SEC_007,2026-09-15 23:45:00,2026-09-15 23:53:00,DOWN,LOW,FALSE,SCHEDULED,1.000,PLANNED
MOV_001215,SYN_TRAIN_0095,EXPRESS,SEC_008,2026-09-17 07:00:00,2026-09-17 07:10:00,DOWN,HIGH,FALSE,SCHEDULED,1.000,PLANNED
MOV_001216,SYN_TRAIN_0096,PASSENGER,SEC_001,2026-09-14 23:45:00,2026-09-14 23:55:00,UP,MEDIUM,FALSE,SCHEDULED,1.000,PLANNED
MOV_001217,SYN_TRAIN_0097,PASSENGER,SEC_004,2026-09-19 11:30:00,2026-09-19 11:35:00,DOWN,LOW,FALSE,SCHEDULED,1.000,PLANNED
MOV_001218,SYN_TRAIN_0098,FREIGHT,SEC_005,2026-09-15 18:40:00,2026-09-15 18:45:00,DOWN,HIGH,TRUE,SCHEDULED,1.000,PLANNED
MOV_001219,SYN_TRAIN_0099,PASSENGER,SEC_002,2026-09-20 16:30:00,2026-09-20 16:50:00,DOWN,MEDIUM,FALSE,SCHEDULED,1.000,PLANNED
MOV_001220,SYN_TRAIN_0100,PASSENGER,SEC_010,2026-09-18 07:05:00,2026-09-18 07:10:00,UP,LOW,FALSE,SCHEDULED,1.000,PLANNED
MOV_001221,SYN_TRAIN_0101,FREIGHT,SEC_005,2026-09-16 18:20:00,2026-09-16 18:30:00,UP,HIGH,TRUE,SCHEDULED,1.000,PLANNED
MOV_001222,SYN_TRAIN_0102,PASSENGER,SEC_004,2026-09-15 17:20:00,2026-09-15 17:35:00,UP,MEDIUM,FALSE,SCHEDULED,1.000,PLANNED
MOV_001223,SYN_TRAIN_0103,MAINTENANCE,SEC_008,2026-09-18 22:05:00,2026-09-18 22:13:00,UP,LOW,FALSE,SCHEDULED,1.000,PLANNED
MOV_001224,SYN_TRAIN_0104,OTHER,SEC_004,2026-09-18 07:05:00,2026-09-18 07:25:00,DOWN,HIGH,FALSE,SCHEDULED,1.000,PLANNED
MOV_001225,SYN_TRAIN_0105,EXPRESS,SEC_009,2026-09-16 22:30:00,2026-09-16 22:45:00,UP,MEDIUM,FALSE,SCHEDULED,1.000,PLANNED
MOV_001226,SYN_TRAIN_0106,FREIGHT,SEC_005,2026-09-18 18:25:00,2026-09-18 18:40:00,DOWN,LOW,TRUE,SCHEDULED,1.000,PLANNED
MOV_001227,SYN_TRAIN_0107,PASSENGER,SEC_008,2026-09-19 07:40:00,2026-09-19 08:10:00,DOWN,LOW,FALSE,SCHEDULED,1.000,PLANNED
MOV_001228,SYN_TRAIN_0108,FREIGHT,SEC_005,2026-09-17 19:00:00,2026-09-17 19:10:00,UP,LOW,TRUE,SCHEDULED,1.000,PLANNED
MOV_001229,SYN_TRAIN_0109,FREIGHT,SEC_003,2026-09-15 03:05:00,2026-09-15 03:25:00,UP,LOW,TRUE,SCHEDULED,1.000,PLANNED
MOV_001230,SYN_TRAIN_0110,PASSENGER,SEC_005,2026-09-15 20:40:00,2026-09-15 20:55:00,UP,MEDIUM,FALSE,SCHEDULED,1.000,PLANNED
MOV_001231,SYN_TRAIN_0111,PASSENGER,SEC_009,2026-09-16 07:20:00,2026-09-16 07:35:00,DOWN,LOW,FALSE,SCHEDULED,1.000,PLANNED
MOV_001232,SYN_TRAIN_0112,PASSENGER,SEC_002,2026-09-20 22:50:00,2026-09-20 23:10:00,UP,MEDIUM,FALSE,SCHEDULED,1.000,PLANNED
MOV_001233,SYN_TRAIN_0113,PASSENGER,SEC_006,2026-09-17 23:00:00,2026-09-17 23:20:00,UP,MEDIUM,FALSE,SCHEDULED,1.000,PLANNED
MOV_001234,SYN_TRAIN_0114,MAINTENANCE,SEC_008,2026-09-14 11:55:00,2026-09-14 12:07:00,DOWN,HIGH,FALSE,SCHEDULED,1.000,PLANNED
MOV_001235,SYN_TRAIN_0115,PASSENGER,SEC_008,2026-09-14 03:00:00,2026-09-14 03:25:00,UP,HIGH,FALSE,SCHEDULED,1.000,PLANNED
MOV_001236,SYN_TRAIN_0116,PASSENGER,SEC_009,2026-09-14 10:45:00,2026-09-14 11:05:00,DOWN,MEDIUM,FALSE,SCHEDULED,1.000,PLANNED
MOV_001237,SYN_TRAIN_0117,FREIGHT,SEC_008,2026-09-20 04:50:00,2026-09-20 05:20:00,DOWN,LOW,TRUE,SCHEDULED,1.000,PLANNED
MOV_001238,SYN_TRAIN_0118,PASSENGER,SEC_003,2026-09-17 18:25:00,2026-09-17 18:50:00,DOWN,LOW,FALSE,SCHEDULED,1.000,PLANNED
MOV_001239,SYN_TRAIN_0119,EXPRESS,SEC_003,2026-09-19 22:35:00,2026-09-19 22:43:00,DOWN,MEDIUM,FALSE,SCHEDULED,1.000,PLANNED
MOV_001240,SYN_TRAIN_0120,FREIGHT,SEC_005,2026-09-14 22:40:00,2026-09-14 22:55:00,DOWN,HIGH,TRUE,SCHEDULED,1.000,PLANNED
MOV_001241,SYN_TRAIN_0121,PASSENGER,SEC_010,2026-09-18 05:40:00,2026-09-18 05:55:00,DOWN,LOW,FALSE,SCHEDULED,1.000,PLANNED
MOV_001242,SYN_TRAIN_0122,PASSENGER,SEC_006,2026-09-15 06:10:00,2026-09-15 06:40:00,DOWN,MEDIUM,FALSE,SCHEDULED,1.000,PLANNED
MOV_001243,SYN_TRAIN_0123,FREIGHT,SEC_005,2026-09-17 11:15:00,2026-09-17 11:25:00,UP,MEDIUM,TRUE,SCHEDULED,1.000,PLANNED
MOV_001244,SYN_TRAIN_0124,FREIGHT,SEC_007,2026-09-19 01:45:00,2026-09-19 01:55:00,UP,MEDIUM,TRUE,SCHEDULED,1.000,PLANNED
MOV_001245,SYN_TRAIN_0125,PASSENGER,SEC_002,2026-09-18 06:30:00,2026-09-18 06:55:00,DOWN,LOW,FALSE,SCHEDULED,1.000,PLANNED
MOV_001246,SYN_TRAIN_0126,MAINTENANCE,SEC_005,2026-09-20 19:35:00,2026-09-20 19:40:00,DOWN,LOW,FALSE,SCHEDULED,1.000,PLANNED
MOV_001247,SYN_TRAIN_0127,PASSENGER,SEC_010,2026-09-15 17:15:00,2026-09-15 17:35:00,UP,LOW,FALSE,SCHEDULED,1.000,PLANNED
MOV_001248,SYN_TRAIN_0128,PASSENGER,SEC_001,2026-09-20 18:15:00,2026-09-20 18:40:00,DOWN,MEDIUM,FALSE,SCHEDULED,1.000,PLANNED
MOV_001249,SYN_TRAIN_0129,FREIGHT,SEC_001,2026-09-15 18:55:00,2026-09-15 19:03:00,UP,LOW,TRUE,SCHEDULED,1.000,PLANNED
MOV_001250,SYN_TRAIN_0130,EXPRESS,SEC_001,2026-09-19 21:35:00,2026-09-19 21:50:00,UP,LOW,FALSE,SCHEDULED,1.000,PLANNED
MOV_001251,SYN_TRAIN_0131,MAINTENANCE,SEC_002,2026-09-16 16:20:00,2026-09-16 16:40:00,UP,LOW,FALSE,SCHEDULED,1.000,PLANNED
MOV_001252,SYN_TRAIN_0132,FREIGHT,SEC_008,2026-09-15 20:00:00,2026-09-15 20:15:00,DOWN,HIGH,TRUE,SCHEDULED,1.000,PLANNED
MOV_001253,SYN_TRAIN_0133,PASSENGER,SEC_002,2026-09-17 14:05:00,2026-09-17 14:20:00,UP,LOW,FALSE,SCHEDULED,1.000,PLANNED
MOV_001254,SYN_TRAIN_0134,EXPRESS,SEC_003,2026-09-18 20:25:00,2026-09-18 20:30:00,DOWN,LOW,FALSE,SCHEDULED,1.000,PLANNED
MOV_001255,SYN_TRAIN_0135,EXPRESS,SEC_005,2026-09-17 17:45:00,2026-09-17 17:55:00,UP,HIGH,FALSE,SCHEDULED,1.000,PLANNED
MOV_001256,SYN_TRAIN_0136,FREIGHT,SEC_006,2026-09-15 12:45:00,2026-09-15 12:50:00,DOWN,MEDIUM,TRUE,SCHEDULED,1.000,PLANNED
MOV_001257,SYN_TRAIN_0137,FREIGHT,SEC_009,2026-09-16 17:45:00,2026-09-16 17:57:00,UP,LOW,TRUE,SCHEDULED,1.000,PLANNED
MOV_001258,SYN_TRAIN_0138,PASSENGER,SEC_006,2026-09-19 13:25:00,2026-09-19 13:55:00,UP,LOW,FALSE,SCHEDULED,1.000,PLANNED
MOV_001259,SYN_TRAIN_0139,PASSENGER,SEC_009,2026-09-17 06:05:00,2026-09-17 06:25:00,DOWN,LOW,FALSE,SCHEDULED,1.000,PLANNED
MOV_001260,SYN_TRAIN_0140,FREIGHT,SEC_009,2026-09-19 12:40:00,2026-09-19 12:48:00,DOWN,HIGH,TRUE,SCHEDULED,1.000,PLANNED
MOV_001261,SYN_TRAIN_0141,FREIGHT,SEC_002,2026-09-19 19:25:00,2026-09-19 19:30:00,UP,LOW,TRUE,SCHEDULED,1.000,PLANNED
MOV_001262,SYN_TRAIN_0142,PASSENGER,SEC_010,2026-09-14 12:00:00,2026-09-14 12:10:00,UP,MEDIUM,FALSE,SCHEDULED,1.000,PLANNED
MOV_001263,SYN_TRAIN_0143,PASSENGER,SEC_008,2026-09-17 12:40:00,2026-09-17 13:00:00,UP,MEDIUM,FALSE,SCHEDULED,1.000,PLANNED
MOV_001264,SYN_TRAIN_0144,FREIGHT,SEC_005,2026-09-20 17:20:00,2026-09-20 17:32:00,UP,MEDIUM,TRUE,SCHEDULED,1.000,PLANNED
MOV_001265,SYN_TRAIN_0145,EXPRESS,SEC_001,2026-09-15 11:40:00,2026-09-15 11:55:00,DOWN,HIGH,FALSE,SCHEDULED,1.000,PLANNED
MOV_001266,SYN_TRAIN_0146,EXPRESS,SEC_003,2026-09-15 15:15:00,2026-09-15 15:23:00,DOWN,LOW,FALSE,SCHEDULED,1.000,PLANNED
MOV_001267,SYN_TRAIN_0147,FREIGHT,SEC_004,2026-09-14 02:10:00,2026-09-14 02:35:00,DOWN,MEDIUM,TRUE,SCHEDULED,1.000,PLANNED
MOV_001268,SYN_TRAIN_0148,PASSENGER,SEC_010,2026-09-18 04:45:00,2026-09-18 04:55:00,UP,LOW,FALSE,SCHEDULED,1.000,PLANNED
MOV_001269,SYN_TRAIN_0149,PASSENGER,SEC_010,2026-09-14 17:30:00,2026-09-14 17:45:00,DOWN,LOW,FALSE,SCHEDULED,1.000,PLANNED
MOV_001270,SYN_TRAIN_0150,FREIGHT,SEC_003,2026-09-15 09:55:00,2026-09-15 10:00:00,UP,MEDIUM,TRUE,SCHEDULED,1.000,PLANNED
MOV_001271,SYN_TRAIN_0151,PASSENGER,SEC_003,2026-09-17 06:50:00,2026-09-17 07:10:00,UP,HIGH,FALSE,SCHEDULED,1.000,PLANNED
MOV_001272,SYN_TRAIN_0152,MAINTENANCE,SEC_003,2026-09-20 05:20:00,2026-09-20 05:30:00,UP,LOW,FALSE,SCHEDULED,1.000,PLANNED
MOV_001273,SYN_TRAIN_0153,FREIGHT,SEC_005,2026-09-15 06:55:00,2026-09-15 07:20:00,UP,HIGH,TRUE,SCHEDULED,1.000,PLANNED
MOV_001274,SYN_TRAIN_0154,EXPRESS,SEC_001,2026-09-17 12:00:00,2026-09-17 12:08:00,DOWN,MEDIUM,FALSE,SCHEDULED,1.000,PLANNED
MOV_001275,SYN_TRAIN_0155,PASSENGER,SEC_001,2026-09-19 06:20:00,2026-09-19 06:25:00,UP,LOW,FALSE,SCHEDULED,1.000,PLANNED
MOV_001276,SYN_TRAIN_0156,MAINTENANCE,SEC_009,2026-09-17 08:10:00,2026-09-17 08:15:00,DOWN,MEDIUM,FALSE,SCHEDULED,1.000,PLANNED
MOV_001277,SYN_TRAIN_0157,EXPRESS,SEC_010,2026-09-17 19:30:00,2026-09-17 19:45:00,UP,MEDIUM,FALSE,SCHEDULED,1.000,PLANNED
MOV_001278,SYN_TRAIN_0158,EXPRESS,SEC_005,2026-09-19 01:20:00,2026-09-19 01:32:00,UP,HIGH,FALSE,SCHEDULED,1.000,PLANNED
MOV_001279,SYN_TRAIN_0159,PASSENGER,SEC_004,2026-09-16 12:20:00,2026-09-16 12:50:00,DOWN,LOW,FALSE,SCHEDULED,1.000,PLANNED
MOV_001280,SYN_TRAIN_0160,PASSENGER,SEC_008,2026-09-16 10:10:00,2026-09-16 10:35:00,DOWN,HIGH,FALSE,SCHEDULED,1.000,PLANNED
MOV_001281,SYN_TRAIN_0001,PASSENGER,SEC_008,2026-09-17 19:55:00,2026-09-17 20:20:00,UP,LOW,FALSE,SCHEDULED,1.000,PLANNED
MOV_001282,SYN_TRAIN_0002,MAINTENANCE,SEC_004,2026-09-18 12:40:00,2026-09-18 12:50:00,DOWN,MEDIUM,FALSE,SCHEDULED,1.000,PLANNED
MOV_001283,SYN_TRAIN_0003,PASSENGER,SEC_006,2026-09-15 15:30:00,2026-09-15 16:00:00,DOWN,HIGH,FALSE,SCHEDULED,1.000,PLANNED
MOV_001284,SYN_TRAIN_0004,PASSENGER,SEC_010,2026-09-14 02:35:00,2026-09-14 02:50:00,DOWN,MEDIUM,FALSE,SCHEDULED,1.000,PLANNED
MOV_001285,SYN_TRAIN_0005,OTHER,SEC_008,2026-09-14 16:25:00,2026-09-14 16:45:00,UP,HIGH,FALSE,SCHEDULED,1.000,PLANNED
MOV_001286,SYN_TRAIN_0006,FREIGHT,SEC_008,2026-09-17 13:05:00,2026-09-17 13:25:00,UP,MEDIUM,TRUE,SCHEDULED,1.000,PLANNED
MOV_001287,SYN_TRAIN_0007,FREIGHT,SEC_007,2026-09-17 16:05:00,2026-09-17 16:17:00,DOWN,MEDIUM,TRUE,SCHEDULED,1.000,PLANNED
MOV_001288,SYN_TRAIN_0008,FREIGHT,SEC_006,2026-09-15 22:30:00,2026-09-15 22:40:00,UP,MEDIUM,TRUE,SCHEDULED,1.000,PLANNED
MOV_001289,SYN_TRAIN_0009,EXPRESS,SEC_007,2026-09-15 02:15:00,2026-09-15 02:23:00,DOWN,MEDIUM,FALSE,SCHEDULED,1.000,PLANNED
MOV_001290,SYN_TRAIN_0010,OTHER,SEC_001,2026-09-16 17:35:00,2026-09-16 18:00:00,UP,LOW,FALSE,SCHEDULED,1.000,PLANNED
MOV_001291,SYN_TRAIN_0011,FREIGHT,SEC_007,2026-09-18 00:45:00,2026-09-18 00:55:00,DOWN,LOW,TRUE,SCHEDULED,1.000,PLANNED
MOV_001292,SYN_TRAIN_0012,EXPRESS,SEC_002,2026-09-16 08:30:00,2026-09-16 08:40:00,DOWN,LOW,FALSE,SCHEDULED,1.000,PLANNED
MOV_001293,SYN_TRAIN_0013,EXPRESS,SEC_004,2026-09-19 20:35:00,2026-09-19 20:47:00,DOWN,HIGH,FALSE,SCHEDULED,1.000,PLANNED
MOV_001294,SYN_TRAIN_0014,PASSENGER,SEC_008,2026-09-17 18:35:00,2026-09-17 18:47:00,DOWN,LOW,FALSE,SCHEDULED,1.000,PLANNED
MOV_001295,SYN_TRAIN_0015,FREIGHT,SEC_009,2026-09-19 06:15:00,2026-09-19 06:40:00,DOWN,MEDIUM,TRUE,SCHEDULED,1.000,PLANNED
MOV_001296,SYN_TRAIN_0016,EXPRESS,SEC_008,2026-09-17 15:25:00,2026-09-17 15:33:00,UP,LOW,FALSE,SCHEDULED,1.000,PLANNED
MOV_001297,SYN_TRAIN_0017,PASSENGER,SEC_001,2026-09-19 03:05:00,2026-09-19 03:15:00,UP,HIGH,FALSE,SCHEDULED,1.000,PLANNED
MOV_001298,SYN_TRAIN_0018,FREIGHT,SEC_003,2026-09-14 12:00:00,2026-09-14 12:25:00,DOWN,HIGH,TRUE,SCHEDULED,1.000,PLANNED
MOV_001299,SYN_TRAIN_0019,MAINTENANCE,SEC_007,2026-09-20 10:00:00,2026-09-20 10:05:00,DOWN,HIGH,FALSE,SCHEDULED,1.000,PLANNED
MOV_001300,SYN_TRAIN_0020,EXPRESS,SEC_009,2026-09-14 18:15:00,2026-09-14 18:20:00,DOWN,LOW,FALSE,SCHEDULED,1.000,PLANNED
MOV_001301,SYN_TRAIN_0021,MAINTENANCE,SEC_004,2026-09-18 05:00:00,2026-09-18 05:20:00,UP,HIGH,FALSE,SCHEDULED,1.000,PLANNED
MOV_001302,SYN_TRAIN_0022,PASSENGER,SEC_008,2026-09-16 04:35:00,2026-09-16 04:50:00,UP,LOW,FALSE,SCHEDULED,1.000,PLANNED
MOV_001303,SYN_TRAIN_0023,FREIGHT,SEC_005,2026-09-16 16:55:00,2026-09-16 17:20:00,UP,LOW,TRUE,SCHEDULED,1.000,PLANNED
MOV_001304,SYN_TRAIN_0024,PASSENGER,SEC_001,2026-09-14 14:20:00,2026-09-14 14:45:00,DOWN,HIGH,FALSE,SCHEDULED,1.000,PLANNED
MOV_001305,SYN_TRAIN_0025,EXPRESS,SEC_007,2026-09-14 20:50:00,2026-09-14 21:15:00,UP,LOW,FALSE,SCHEDULED,1.000,PLANNED
MOV_001306,SYN_TRAIN_0026,PASSENGER,SEC_004,2026-09-15 06:00:00,2026-09-15 06:08:00,DOWN,HIGH,FALSE,SCHEDULED,1.000,PLANNED
MOV_001307,SYN_TRAIN_0027,PASSENGER,SEC_002,2026-09-16 09:20:00,2026-09-16 09:35:00,UP,HIGH,FALSE,SCHEDULED,1.000,PLANNED
MOV_001308,SYN_TRAIN_0028,PASSENGER,SEC_006,2026-09-15 07:35:00,2026-09-15 07:45:00,DOWN,LOW,FALSE,SCHEDULED,1.000,PLANNED
MOV_001309,SYN_TRAIN_0029,PASSENGER,SEC_010,2026-09-16 20:15:00,2026-09-16 20:27:00,UP,MEDIUM,FALSE,SCHEDULED,1.000,PLANNED
MOV_001310,SYN_TRAIN_0030,EXPRESS,SEC_009,2026-09-20 17:10:00,2026-09-20 17:30:00,DOWN,HIGH,FALSE,SCHEDULED,1.000,PLANNED
MOV_001311,SYN_TRAIN_0031,PASSENGER,SEC_007,2026-09-15 20:05:00,2026-09-15 20:17:00,UP,HIGH,FALSE,SCHEDULED,1.000,PLANNED
MOV_001312,SYN_TRAIN_0032,EXPRESS,SEC_005,2026-09-15 06:50:00,2026-09-15 07:15:00,UP,LOW,FALSE,SCHEDULED,1.000,PLANNED
MOV_001313,SYN_TRAIN_0033,PASSENGER,SEC_005,2026-09-16 23:40:00,2026-09-17 00:10:00,UP,MEDIUM,FALSE,SCHEDULED,1.000,PLANNED
MOV_001314,SYN_TRAIN_0034,OTHER,SEC_008,2026-09-14 06:55:00,2026-09-14 07:05:00,DOWN,LOW,FALSE,SCHEDULED,1.000,PLANNED
MOV_001315,SYN_TRAIN_0035,EXPRESS,SEC_010,2026-09-15 22:20:00,2026-09-15 22:30:00,DOWN,MEDIUM,FALSE,SCHEDULED,1.000,PLANNED
MOV_001316,SYN_TRAIN_0036,PASSENGER,SEC_006,2026-09-20 17:25:00,2026-09-20 17:50:00,DOWN,MEDIUM,FALSE,SCHEDULED,1.000,PLANNED
MOV_001317,SYN_TRAIN_0037,EXPRESS,SEC_003,2026-09-16 07:10:00,2026-09-16 07:15:00,UP,MEDIUM,FALSE,SCHEDULED,1.000,PLANNED
MOV_001318,SYN_TRAIN_0038,OTHER,SEC_006,2026-09-14 05:35:00,2026-09-14 05:43:00,UP,LOW,FALSE,SCHEDULED,1.000,PLANNED
MOV_001319,SYN_TRAIN_0039,FREIGHT,SEC_007,2026-09-15 16:50:00,2026-09-15 16:55:00,DOWN,MEDIUM,TRUE,SCHEDULED,1.000,PLANNED
MOV_001320,SYN_TRAIN_0040,OTHER,SEC_001,2026-09-15 00:40:00,2026-09-15 00:50:00,DOWN,LOW,FALSE,SCHEDULED,1.000,PLANNED
MOV_001321,SYN_TRAIN_0041,MAINTENANCE,SEC_008,2026-09-20 17:10:00,2026-09-20 17:15:00,DOWN,MEDIUM,FALSE,SCHEDULED,1.000,PLANNED
MOV_001322,SYN_TRAIN_0042,FREIGHT,SEC_001,2026-09-20 07:00:00,2026-09-20 07:05:00,DOWN,LOW,TRUE,SCHEDULED,1.000,PLANNED
MOV_001323,SYN_TRAIN_0043,PASSENGER,SEC_003,2026-09-16 11:35:00,2026-09-16 11:40:00,UP,LOW,FALSE,SCHEDULED,1.000,PLANNED
MOV_001324,SYN_TRAIN_0044,PASSENGER,SEC_005,2026-09-18 15:20:00,2026-09-18 15:30:00,DOWN,MEDIUM,FALSE,SCHEDULED,1.000,PLANNED
MOV_001325,SYN_TRAIN_0045,FREIGHT,SEC_001,2026-09-17 05:15:00,2026-09-17 05:23:00,UP,LOW,TRUE,SCHEDULED,1.000,PLANNED
MOV_001326,SYN_TRAIN_0046,PASSENGER,SEC_010,2026-09-20 04:05:00,2026-09-20 04:30:00,DOWN,LOW,FALSE,SCHEDULED,1.000,PLANNED
MOV_001327,SYN_TRAIN_0047,OTHER,SEC_007,2026-09-16 18:00:00,2026-09-16 18:20:00,DOWN,LOW,FALSE,SCHEDULED,1.000,PLANNED
MOV_001328,SYN_TRAIN_0048,MAINTENANCE,SEC_001,2026-09-18 06:35:00,2026-09-18 06:55:00,DOWN,MEDIUM,FALSE,SCHEDULED,1.000,PLANNED
MOV_001329,SYN_TRAIN_0049,PASSENGER,SEC_008,2026-09-16 09:05:00,2026-09-16 09:30:00,DOWN,MEDIUM,FALSE,SCHEDULED,1.000,PLANNED
MOV_001330,SYN_TRAIN_0050,PASSENGER,SEC_006,2026-09-15 16:15:00,2026-09-15 16:25:00,UP,LOW,FALSE,SCHEDULED,1.000,PLANNED
MOV_001331,SYN_TRAIN_0051,FREIGHT,SEC_002,2026-09-18 06:10:00,2026-09-18 06:20:00,UP,LOW,TRUE,SCHEDULED,1.000,PLANNED
MOV_001332,SYN_TRAIN_0052,PASSENGER,SEC_001,2026-09-14 18:50:00,2026-09-14 19:15:00,UP,MEDIUM,FALSE,SCHEDULED,1.000,PLANNED
MOV_001333,SYN_TRAIN_0053,FREIGHT,SEC_007,2026-09-20 15:15:00,2026-09-20 15:23:00,DOWN,LOW,TRUE,SCHEDULED,1.000,PLANNED
MOV_001334,SYN_TRAIN_0054,OTHER,SEC_007,2026-09-16 17:10:00,2026-09-16 17:20:00,UP,HIGH,FALSE,SCHEDULED,1.000,PLANNED
MOV_001335,SYN_TRAIN_0055,EXPRESS,SEC_008,2026-09-17 05:00:00,2026-09-17 05:20:00,DOWN,MEDIUM,FALSE,SCHEDULED,1.000,PLANNED
MOV_001336,SYN_TRAIN_0056,PASSENGER,SEC_006,2026-09-14 15:45:00,2026-09-14 15:50:00,DOWN,MEDIUM,FALSE,SCHEDULED,1.000,PLANNED
MOV_001337,SYN_TRAIN_0057,EXPRESS,SEC_008,2026-09-19 10:20:00,2026-09-19 10:32:00,UP,MEDIUM,FALSE,SCHEDULED,1.000,PLANNED
MOV_001338,SYN_TRAIN_0058,PASSENGER,SEC_002,2026-09-17 08:15:00,2026-09-17 08:35:00,UP,LOW,FALSE,SCHEDULED,1.000,PLANNED
MOV_001339,SYN_TRAIN_0059,EXPRESS,SEC_006,2026-09-14 06:40:00,2026-09-14 07:05:00,UP,MEDIUM,FALSE,SCHEDULED,1.000,PLANNED
MOV_001340,SYN_TRAIN_0060,EXPRESS,SEC_006,2026-09-20 10:15:00,2026-09-20 10:25:00,UP,MEDIUM,FALSE,SCHEDULED,1.000,PLANNED
MOV_001341,SYN_TRAIN_0061,PASSENGER,SEC_005,2026-09-20 13:05:00,2026-09-20 13:10:00,UP,MEDIUM,FALSE,SCHEDULED,1.000,PLANNED
MOV_001342,SYN_TRAIN_0062,PASSENGER,SEC_004,2026-09-18 06:40:00,2026-09-18 06:50:00,UP,MEDIUM,FALSE,SCHEDULED,1.000,PLANNED
MOV_001343,SYN_TRAIN_0063,PASSENGER,SEC_002,2026-09-19 14:10:00,2026-09-19 14:40:00,DOWN,HIGH,FALSE,SCHEDULED,1.000,PLANNED
MOV_001344,SYN_TRAIN_0064,PASSENGER,SEC_005,2026-09-19 20:55:00,2026-09-19 21:15:00,DOWN,LOW,FALSE,SCHEDULED,1.000,PLANNED
MOV_001345,SYN_TRAIN_0065,EXPRESS,SEC_002,2026-09-18 13:20:00,2026-09-18 13:30:00,UP,MEDIUM,FALSE,SCHEDULED,1.000,PLANNED
MOV_001346,SYN_TRAIN_0066,FREIGHT,SEC_004,2026-09-20 18:55:00,2026-09-20 19:20:00,UP,HIGH,TRUE,SCHEDULED,1.000,PLANNED
MOV_001347,SYN_TRAIN_0067,FREIGHT,SEC_003,2026-09-17 19:10:00,2026-09-17 19:30:00,UP,MEDIUM,TRUE,SCHEDULED,1.000,PLANNED
MOV_001348,SYN_TRAIN_0068,FREIGHT,SEC_004,2026-09-15 17:55:00,2026-09-15 18:00:00,DOWN,HIGH,TRUE,SCHEDULED,1.000,PLANNED
MOV_001349,SYN_TRAIN_0069,MAINTENANCE,SEC_006,2026-09-20 16:30:00,2026-09-20 16:35:00,DOWN,HIGH,FALSE,SCHEDULED,1.000,PLANNED
MOV_001350,SYN_TRAIN_0070,MAINTENANCE,SEC_006,2026-09-20 18:25:00,2026-09-20 18:37:00,DOWN,HIGH,FALSE,SCHEDULED,1.000,PLANNED
MOV_001351,SYN_TRAIN_0071,PASSENGER,SEC_001,2026-09-17 20:55:00,2026-09-17 21:25:00,UP,MEDIUM,FALSE,SCHEDULED,1.000,PLANNED
MOV_001352,SYN_TRAIN_0072,EXPRESS,SEC_006,2026-09-17 15:05:00,2026-09-17 15:17:00,UP,HIGH,FALSE,SCHEDULED,1.000,PLANNED
MOV_001353,SYN_TRAIN_0073,OTHER,SEC_004,2026-09-16 12:30:00,2026-09-16 12:50:00,UP,MEDIUM,FALSE,SCHEDULED,1.000,PLANNED
MOV_001354,SYN_TRAIN_0074,FREIGHT,SEC_007,2026-09-19 17:10:00,2026-09-19 17:20:00,UP,HIGH,TRUE,SCHEDULED,1.000,PLANNED
MOV_001355,SYN_TRAIN_0075,EXPRESS,SEC_008,2026-09-16 20:10:00,2026-09-16 20:25:00,UP,HIGH,FALSE,SCHEDULED,1.000,PLANNED
MOV_001356,SYN_TRAIN_0076,OTHER,SEC_001,2026-09-19 02:40:00,2026-09-19 02:55:00,UP,LOW,FALSE,SCHEDULED,1.000,PLANNED
MOV_001357,SYN_TRAIN_0077,EXPRESS,SEC_003,2026-09-20 08:45:00,2026-09-20 08:57:00,UP,MEDIUM,FALSE,SCHEDULED,1.000,PLANNED
MOV_001358,SYN_TRAIN_0078,PASSENGER,SEC_008,2026-09-18 16:05:00,2026-09-18 16:17:00,UP,HIGH,FALSE,SCHEDULED,1.000,PLANNED
MOV_001359,SYN_TRAIN_0079,EXPRESS,SEC_009,2026-09-15 19:40:00,2026-09-15 19:50:00,UP,HIGH,FALSE,SCHEDULED,1.000,PLANNED
MOV_001360,SYN_TRAIN_0080,FREIGHT,SEC_007,2026-09-17 20:55:00,2026-09-17 21:03:00,DOWN,MEDIUM,TRUE,SCHEDULED,1.000,PLANNED
MOV_001361,SYN_TRAIN_0081,OTHER,SEC_004,2026-09-19 12:55:00,2026-09-19 13:07:00,UP,HIGH,FALSE,SCHEDULED,1.000,PLANNED
MOV_001362,SYN_TRAIN_0082,FREIGHT,SEC_002,2026-09-17 10:40:00,2026-09-17 11:05:00,UP,HIGH,TRUE,SCHEDULED,1.000,PLANNED
MOV_001363,SYN_TRAIN_0083,EXPRESS,SEC_010,2026-09-17 16:25:00,2026-09-17 16:45:00,DOWN,MEDIUM,FALSE,SCHEDULED,1.000,PLANNED
MOV_001364,SYN_TRAIN_0084,EXPRESS,SEC_001,2026-09-18 18:35:00,2026-09-18 18:47:00,DOWN,MEDIUM,FALSE,SCHEDULED,1.000,PLANNED
MOV_001365,SYN_TRAIN_0085,PASSENGER,SEC_008,2026-09-18 20:50:00,2026-09-18 21:00:00,DOWN,LOW,FALSE,SCHEDULED,1.000,PLANNED
MOV_001366,SYN_TRAIN_0086,EXPRESS,SEC_008,2026-09-19 17:05:00,2026-09-19 17:10:00,DOWN,MEDIUM,FALSE,SCHEDULED,1.000,PLANNED
MOV_001367,SYN_TRAIN_0087,OTHER,SEC_006,2026-09-16 17:30:00,2026-09-16 17:42:00,UP,HIGH,FALSE,SCHEDULED,1.000,PLANNED
MOV_001368,SYN_TRAIN_0088,PASSENGER,SEC_001,2026-09-20 05:50:00,2026-09-20 05:58:00,UP,HIGH,FALSE,SCHEDULED,1.000,PLANNED
MOV_001369,SYN_TRAIN_0089,PASSENGER,SEC_003,2026-09-20 20:15:00,2026-09-20 20:20:00,UP,LOW,FALSE,SCHEDULED,1.000,PLANNED
MOV_001370,SYN_TRAIN_0090,OTHER,SEC_008,2026-09-18 23:55:00,2026-09-19 00:25:00,DOWN,LOW,FALSE,SCHEDULED,1.000,PLANNED
MOV_001371,SYN_TRAIN_0091,PASSENGER,SEC_010,2026-09-20 19:45:00,2026-09-20 20:15:00,DOWN,LOW,FALSE,SCHEDULED,1.000,PLANNED
MOV_001372,SYN_TRAIN_0092,FREIGHT,SEC_010,2026-09-14 19:50:00,2026-09-14 19:55:00,UP,LOW,TRUE,SCHEDULED,1.000,PLANNED
MOV_001373,SYN_TRAIN_0093,OTHER,SEC_006,2026-09-16 16:05:00,2026-09-16 16:35:00,UP,MEDIUM,FALSE,SCHEDULED,1.000,PLANNED
MOV_001374,SYN_TRAIN_0094,FREIGHT,SEC_003,2026-09-16 07:40:00,2026-09-16 07:45:00,UP,MEDIUM,TRUE,SCHEDULED,1.000,PLANNED
MOV_001375,SYN_TRAIN_0095,EXPRESS,SEC_005,2026-09-18 09:15:00,2026-09-18 09:25:00,UP,MEDIUM,FALSE,SCHEDULED,1.000,PLANNED
MOV_001376,SYN_TRAIN_0096,EXPRESS,SEC_006,2026-09-14 22:00:00,2026-09-14 22:25:00,UP,HIGH,FALSE,SCHEDULED,1.000,PLANNED
MOV_001377,SYN_TRAIN_0097,PASSENGER,SEC_007,2026-09-18 16:55:00,2026-09-18 17:15:00,UP,HIGH,FALSE,SCHEDULED,1.000,PLANNED
MOV_001378,SYN_TRAIN_0098,EXPRESS,SEC_004,2026-09-15 05:40:00,2026-09-15 05:50:00,DOWN,LOW,FALSE,SCHEDULED,1.000,PLANNED
MOV_001379,SYN_TRAIN_0099,EXPRESS,SEC_003,2026-09-14 15:15:00,2026-09-14 15:23:00,DOWN,HIGH,FALSE,SCHEDULED,1.000,PLANNED
MOV_001380,SYN_TRAIN_0100,PASSENGER,SEC_007,2026-09-15 14:40:00,2026-09-15 15:10:00,DOWN,MEDIUM,FALSE,SCHEDULED,1.000,PLANNED
MOV_001381,SYN_TRAIN_0101,EXPRESS,SEC_005,2026-09-18 05:50:00,2026-09-18 05:58:00,UP,MEDIUM,FALSE,SCHEDULED,1.000,PLANNED
MOV_001382,SYN_TRAIN_0102,MAINTENANCE,SEC_006,2026-09-17 16:45:00,2026-09-17 16:57:00,UP,LOW,FALSE,SCHEDULED,1.000,PLANNED
MOV_001383,SYN_TRAIN_0103,PASSENGER,SEC_009,2026-09-17 17:05:00,2026-09-17 17:35:00,UP,LOW,FALSE,SCHEDULED,1.000,PLANNED
MOV_001384,SYN_TRAIN_0104,FREIGHT,SEC_001,2026-09-15 04:00:00,2026-09-15 04:20:00,DOWN,MEDIUM,TRUE,SCHEDULED,1.000,PLANNED
MOV_001385,SYN_TRAIN_0105,EXPRESS,SEC_002,2026-09-16 01:40:00,2026-09-16 01:52:00,UP,MEDIUM,FALSE,SCHEDULED,1.000,PLANNED
MOV_001386,SYN_TRAIN_0106,PASSENGER,SEC_005,2026-09-20 13:45:00,2026-09-20 14:05:00,UP,MEDIUM,FALSE,SCHEDULED,1.000,PLANNED
MOV_001387,SYN_TRAIN_0107,EXPRESS,SEC_010,2026-09-20 19:00:00,2026-09-20 19:12:00,DOWN,LOW,FALSE,SCHEDULED,1.000,PLANNED
MOV_001388,SYN_TRAIN_0108,FREIGHT,SEC_001,2026-09-18 22:50:00,2026-09-18 22:55:00,DOWN,HIGH,TRUE,SCHEDULED,1.000,PLANNED
MOV_001389,SYN_TRAIN_0109,PASSENGER,SEC_001,2026-09-15 17:00:00,2026-09-15 17:05:00,DOWN,HIGH,FALSE,SCHEDULED,1.000,PLANNED
MOV_001390,SYN_TRAIN_0110,FREIGHT,SEC_002,2026-09-14 18:00:00,2026-09-14 18:25:00,UP,LOW,TRUE,SCHEDULED,1.000,PLANNED
MOV_001391,SYN_TRAIN_0111,PASSENGER,SEC_003,2026-09-20 18:00:00,2026-09-20 18:10:00,UP,LOW,FALSE,SCHEDULED,1.000,PLANNED
MOV_001392,SYN_TRAIN_0112,OTHER,SEC_005,2026-09-20 13:40:00,2026-09-20 13:45:00,DOWN,MEDIUM,FALSE,SCHEDULED,1.000,PLANNED
MOV_001393,SYN_TRAIN_0113,PASSENGER,SEC_002,2026-09-14 11:30:00,2026-09-14 11:42:00,UP,HIGH,FALSE,SCHEDULED,1.000,PLANNED
MOV_001394,SYN_TRAIN_0114,PASSENGER,SEC_002,2026-09-18 08:40:00,2026-09-18 08:45:00,UP,LOW,FALSE,SCHEDULED,1.000,PLANNED
MOV_001395,SYN_TRAIN_0115,FREIGHT,SEC_010,2026-09-19 05:00:00,2026-09-19 05:30:00,DOWN,MEDIUM,TRUE,SCHEDULED,1.000,PLANNED
MOV_001396,SYN_TRAIN_0116,MAINTENANCE,SEC_010,2026-09-15 21:05:00,2026-09-15 21:30:00,DOWN,MEDIUM,FALSE,SCHEDULED,1.000,PLANNED
MOV_001397,SYN_TRAIN_0117,FREIGHT,SEC_004,2026-09-18 19:20:00,2026-09-18 19:35:00,DOWN,HIGH,TRUE,SCHEDULED,1.000,PLANNED
MOV_001398,SYN_TRAIN_0118,FREIGHT,SEC_008,2026-09-20 18:35:00,2026-09-20 19:05:00,UP,MEDIUM,TRUE,SCHEDULED,1.000,PLANNED
MOV_001399,SYN_TRAIN_0119,PASSENGER,SEC_009,2026-09-17 05:10:00,2026-09-17 05:35:00,UP,LOW,FALSE,SCHEDULED,1.000,PLANNED
MOV_001400,SYN_TRAIN_0120,PASSENGER,SEC_003,2026-09-16 10:30:00,2026-09-16 10:42:00,DOWN,LOW,FALSE,SCHEDULED,1.000,PLANNED
MOV_001401,SYN_TRAIN_0121,PASSENGER,SEC_003,2026-09-15 19:45:00,2026-09-15 19:57:00,UP,LOW,FALSE,SCHEDULED,1.000,PLANNED
MOV_001402,SYN_TRAIN_0122,EXPRESS,SEC_002,2026-09-16 17:20:00,2026-09-16 17:40:00,DOWN,LOW,FALSE,SCHEDULED,1.000,PLANNED
MOV_001403,SYN_TRAIN_0123,PASSENGER,SEC_004,2026-09-20 18:45:00,2026-09-20 18:57:00,UP,HIGH,FALSE,SCHEDULED,1.000,PLANNED
MOV_001404,SYN_TRAIN_0124,FREIGHT,SEC_004,2026-09-16 17:35:00,2026-09-16 18:00:00,DOWN,LOW,TRUE,SCHEDULED,1.000,PLANNED
MOV_001405,SYN_TRAIN_0125,FREIGHT,SEC_002,2026-09-16 16:00:00,2026-09-16 16:05:00,DOWN,LOW,TRUE,SCHEDULED,1.000,PLANNED
MOV_001406,SYN_TRAIN_0126,PASSENGER,SEC_003,2026-09-19 09:45:00,2026-09-19 09:57:00,UP,MEDIUM,FALSE,SCHEDULED,1.000,PLANNED
MOV_001407,SYN_TRAIN_0127,PASSENGER,SEC_002,2026-09-17 15:25:00,2026-09-17 15:37:00,DOWN,LOW,FALSE,SCHEDULED,1.000,PLANNED
MOV_001408,SYN_TRAIN_0128,EXPRESS,SEC_003,2026-09-20 17:55:00,2026-09-20 18:07:00,DOWN,MEDIUM,FALSE,SCHEDULED,1.000,PLANNED
MOV_001409,SYN_TRAIN_0129,MAINTENANCE,SEC_003,2026-09-19 09:15:00,2026-09-19 09:23:00,DOWN,HIGH,FALSE,SCHEDULED,1.000,PLANNED
MOV_001410,SYN_TRAIN_0130,FREIGHT,SEC_003,2026-09-20 17:15:00,2026-09-20 17:20:00,UP,LOW,TRUE,SCHEDULED,1.000,PLANNED
MOV_001411,SYN_TRAIN_0131,EXPRESS,SEC_009,2026-09-17 09:00:00,2026-09-17 09:25:00,UP,HIGH,FALSE,SCHEDULED,1.000,PLANNED
MOV_001412,SYN_TRAIN_0132,OTHER,SEC_010,2026-09-16 20:10:00,2026-09-16 20:25:00,UP,MEDIUM,FALSE,SCHEDULED,1.000,PLANNED
MOV_001413,SYN_TRAIN_0133,FREIGHT,SEC_004,2026-09-14 14:00:00,2026-09-14 14:15:00,UP,HIGH,TRUE,SCHEDULED,1.000,PLANNED
MOV_001414,SYN_TRAIN_0134,PASSENGER,SEC_010,2026-09-15 05:00:00,2026-09-15 05:05:00,UP,MEDIUM,FALSE,SCHEDULED,1.000,PLANNED
MOV_001415,SYN_TRAIN_0135,EXPRESS,SEC_007,2026-09-18 18:20:00,2026-09-18 18:32:00,DOWN,HIGH,FALSE,SCHEDULED,1.000,PLANNED
MOV_001416,SYN_TRAIN_0136,OTHER,SEC_005,2026-09-15 14:35:00,2026-09-15 14:43:00,DOWN,LOW,FALSE,SCHEDULED,1.000,PLANNED
MOV_001417,SYN_TRAIN_0137,OTHER,SEC_009,2026-09-20 07:05:00,2026-09-20 07:13:00,UP,HIGH,FALSE,SCHEDULED,1.000,PLANNED
MOV_001418,SYN_TRAIN_0138,FREIGHT,SEC_010,2026-09-19 11:55:00,2026-09-19 12:00:00,DOWN,HIGH,TRUE,SCHEDULED,1.000,PLANNED
MOV_001419,SYN_TRAIN_0139,MAINTENANCE,SEC_010,2026-09-19 00:40:00,2026-09-19 01:10:00,UP,HIGH,FALSE,SCHEDULED,1.000,PLANNED
MOV_001420,SYN_TRAIN_0140,FREIGHT,SEC_002,2026-09-16 14:50:00,2026-09-16 15:05:00,DOWN,MEDIUM,TRUE,SCHEDULED,1.000,PLANNED
MOV_001421,SYN_TRAIN_0141,PASSENGER,SEC_005,2026-09-14 08:35:00,2026-09-14 08:43:00,DOWN,LOW,FALSE,SCHEDULED,1.000,PLANNED
MOV_001422,SYN_TRAIN_0142,EXPRESS,SEC_010,2026-09-17 11:40:00,2026-09-17 12:05:00,DOWN,MEDIUM,FALSE,SCHEDULED,1.000,PLANNED
MOV_001423,SYN_TRAIN_0143,OTHER,SEC_007,2026-09-19 05:40:00,2026-09-19 05:52:00,UP,MEDIUM,FALSE,SCHEDULED,1.000,PLANNED
MOV_001424,SYN_TRAIN_0144,OTHER,SEC_007,2026-09-19 01:25:00,2026-09-19 01:35:00,DOWN,HIGH,FALSE,SCHEDULED,1.000,PLANNED
MOV_001425,SYN_TRAIN_0145,MAINTENANCE,SEC_007,2026-09-18 15:30:00,2026-09-18 16:00:00,DOWN,MEDIUM,FALSE,SCHEDULED,1.000,PLANNED
MOV_001426,SYN_TRAIN_0146,EXPRESS,SEC_005,2026-09-15 11:15:00,2026-09-15 11:30:00,DOWN,LOW,FALSE,SCHEDULED,1.000,PLANNED
MOV_001427,SYN_TRAIN_0147,OTHER,SEC_005,2026-09-18 18:05:00,2026-09-18 18:17:00,UP,LOW,FALSE,SCHEDULED,1.000,PLANNED
MOV_001428,SYN_TRAIN_0148,PASSENGER,SEC_006,2026-09-14 19:20:00,2026-09-14 19:30:00,DOWN,LOW,FALSE,SCHEDULED,1.000,PLANNED
MOV_001429,SYN_TRAIN_0149,MAINTENANCE,SEC_002,2026-09-14 17:50:00,2026-09-14 18:15:00,DOWN,HIGH,FALSE,SCHEDULED,1.000,PLANNED
MOV_001430,SYN_TRAIN_0150,PASSENGER,SEC_009,2026-09-14 22:25:00,2026-09-14 22:35:00,UP,HIGH,FALSE,SCHEDULED,1.000,PLANNED
MOV_001431,SYN_TRAIN_0151,PASSENGER,SEC_001,2026-09-15 05:50:00,2026-09-15 06:10:00,DOWN,HIGH,FALSE,SCHEDULED,1.000,PLANNED
MOV_001432,SYN_TRAIN_0152,FREIGHT,SEC_007,2026-09-20 17:15:00,2026-09-20 17:27:00,DOWN,LOW,TRUE,SCHEDULED,1.000,PLANNED
MOV_001433,SYN_TRAIN_0153,PASSENGER,SEC_008,2026-09-19 07:55:00,2026-09-19 08:10:00,DOWN,LOW,FALSE,SCHEDULED,1.000,PLANNED
MOV_001434,SYN_TRAIN_0154,MAINTENANCE,SEC_007,2026-09-18 02:30:00,2026-09-18 02:35:00,DOWN,MEDIUM,FALSE,SCHEDULED,1.000,PLANNED
MOV_001435,SYN_TRAIN_0155,EXPRESS,SEC_005,2026-09-16 07:15:00,2026-09-16 07:35:00,UP,HIGH,FALSE,SCHEDULED,1.000,PLANNED
MOV_001436,SYN_TRAIN_0156,EXPRESS,SEC_007,2026-09-15 01:00:00,2026-09-15 01:10:00,DOWN,MEDIUM,FALSE,SCHEDULED,1.000,PLANNED
MOV_001437,SYN_TRAIN_0157,EXPRESS,SEC_002,2026-09-14 17:30:00,2026-09-14 17:42:00,UP,MEDIUM,FALSE,SCHEDULED,1.000,PLANNED
MOV_001438,SYN_TRAIN_0158,PASSENGER,SEC_008,2026-09-19 20:55:00,2026-09-19 21:03:00,DOWN,HIGH,FALSE,SCHEDULED,1.000,PLANNED
MOV_001439,SYN_TRAIN_0159,FREIGHT,SEC_008,2026-09-20 18:55:00,2026-09-20 19:15:00,DOWN,HIGH,TRUE,SCHEDULED,1.000,PLANNED
MOV_001440,SYN_TRAIN_0160,FREIGHT,SEC_004,2026-09-14 15:45:00,2026-09-14 15:53:00,UP,MEDIUM,TRUE,SCHEDULED,1.000,PLANNED
MOV_001441,SYN_TRAIN_0001,PASSENGER,SEC_007,2026-09-18 03:50:00,2026-09-18 04:00:00,UP,MEDIUM,FALSE,SCHEDULED,1.000,PLANNED
MOV_001442,SYN_TRAIN_0002,FREIGHT,SEC_009,2026-09-15 16:35:00,2026-09-15 17:05:00,UP,LOW,TRUE,SCHEDULED,1.000,PLANNED
MOV_001443,SYN_TRAIN_0003,FREIGHT,SEC_002,2026-09-18 21:05:00,2026-09-18 21:13:00,DOWN,MEDIUM,TRUE,SCHEDULED,1.000,PLANNED
MOV_001444,SYN_TRAIN_0004,FREIGHT,SEC_010,2026-09-19 12:20:00,2026-09-19 12:25:00,DOWN,MEDIUM,TRUE,SCHEDULED,1.000,PLANNED
MOV_001445,SYN_TRAIN_0005,PASSENGER,SEC_003,2026-09-14 20:05:00,2026-09-14 20:35:00,DOWN,MEDIUM,FALSE,SCHEDULED,1.000,PLANNED
MOV_001446,SYN_TRAIN_0006,PASSENGER,SEC_009,2026-09-17 04:20:00,2026-09-17 04:32:00,UP,MEDIUM,FALSE,SCHEDULED,1.000,PLANNED
MOV_001447,SYN_TRAIN_0007,PASSENGER,SEC_008,2026-09-20 15:10:00,2026-09-20 15:20:00,UP,HIGH,FALSE,SCHEDULED,1.000,PLANNED
MOV_001448,SYN_TRAIN_0008,FREIGHT,SEC_004,2026-09-16 11:30:00,2026-09-16 11:35:00,DOWN,LOW,TRUE,SCHEDULED,1.000,PLANNED
MOV_001449,SYN_TRAIN_0009,FREIGHT,SEC_003,2026-09-20 07:20:00,2026-09-20 07:30:00,UP,MEDIUM,TRUE,SCHEDULED,1.000,PLANNED
MOV_001450,SYN_TRAIN_0010,PASSENGER,SEC_008,2026-09-18 05:35:00,2026-09-18 05:43:00,DOWN,HIGH,FALSE,SCHEDULED,1.000,PLANNED
MOV_001451,SYN_TRAIN_0011,EXPRESS,SEC_001,2026-09-19 18:05:00,2026-09-19 18:35:00,UP,LOW,FALSE,SCHEDULED,1.000,PLANNED
MOV_001452,SYN_TRAIN_0012,FREIGHT,SEC_002,2026-09-20 19:35:00,2026-09-20 19:47:00,DOWN,LOW,TRUE,SCHEDULED,1.000,PLANNED
MOV_001453,SYN_TRAIN_0013,EXPRESS,SEC_003,2026-09-17 14:15:00,2026-09-17 14:45:00,UP,HIGH,FALSE,SCHEDULED,1.000,PLANNED
MOV_001454,SYN_TRAIN_0014,PASSENGER,SEC_005,2026-09-14 13:55:00,2026-09-14 14:03:00,UP,HIGH,FALSE,SCHEDULED,1.000,PLANNED
MOV_001455,SYN_TRAIN_0015,FREIGHT,SEC_010,2026-09-17 06:45:00,2026-09-17 06:57:00,UP,HIGH,TRUE,SCHEDULED,1.000,PLANNED
MOV_001456,SYN_TRAIN_0016,EXPRESS,SEC_006,2026-09-18 12:25:00,2026-09-18 12:33:00,UP,MEDIUM,FALSE,SCHEDULED,1.000,PLANNED
MOV_001457,SYN_TRAIN_0017,PASSENGER,SEC_004,2026-09-14 19:40:00,2026-09-14 19:52:00,DOWN,LOW,FALSE,SCHEDULED,1.000,PLANNED
MOV_001458,SYN_TRAIN_0018,PASSENGER,SEC_007,2026-09-17 16:00:00,2026-09-17 16:12:00,DOWN,HIGH,FALSE,SCHEDULED,1.000,PLANNED
MOV_001459,SYN_TRAIN_0019,OTHER,SEC_006,2026-09-18 07:35:00,2026-09-18 07:45:00,DOWN,MEDIUM,FALSE,SCHEDULED,1.000,PLANNED
MOV_001460,SYN_TRAIN_0020,OTHER,SEC_001,2026-09-16 08:30:00,2026-09-16 08:45:00,DOWN,LOW,FALSE,SCHEDULED,1.000,PLANNED
MOV_001461,SYN_TRAIN_0021,PASSENGER,SEC_010,2026-09-16 16:55:00,2026-09-16 17:05:00,DOWN,MEDIUM,FALSE,SCHEDULED,1.000,PLANNED
MOV_001462,SYN_TRAIN_0022,PASSENGER,SEC_007,2026-09-19 08:45:00,2026-09-19 09:10:00,UP,MEDIUM,FALSE,SCHEDULED,1.000,PLANNED
MOV_001463,SYN_TRAIN_0023,PASSENGER,SEC_008,2026-09-18 03:35:00,2026-09-18 03:45:00,UP,LOW,FALSE,SCHEDULED,1.000,PLANNED
MOV_001464,SYN_TRAIN_0024,EXPRESS,SEC_002,2026-09-14 20:40:00,2026-09-14 20:48:00,DOWN,MEDIUM,FALSE,SCHEDULED,1.000,PLANNED
MOV_001465,SYN_TRAIN_0025,PASSENGER,SEC_001,2026-09-17 17:25:00,2026-09-17 17:40:00,UP,MEDIUM,FALSE,SCHEDULED,1.000,PLANNED
MOV_001466,SYN_TRAIN_0026,FREIGHT,SEC_002,2026-09-15 16:30:00,2026-09-15 16:38:00,UP,MEDIUM,TRUE,SCHEDULED,1.000,PLANNED
MOV_001467,SYN_TRAIN_0027,PASSENGER,SEC_007,2026-09-17 20:05:00,2026-09-17 20:13:00,DOWN,LOW,FALSE,SCHEDULED,1.000,PLANNED
MOV_001468,SYN_TRAIN_0028,MAINTENANCE,SEC_006,2026-09-18 04:55:00,2026-09-18 05:05:00,UP,MEDIUM,FALSE,SCHEDULED,1.000,PLANNED
MOV_001469,SYN_TRAIN_0029,PASSENGER,SEC_001,2026-09-19 06:50:00,2026-09-19 06:58:00,DOWN,LOW,FALSE,SCHEDULED,1.000,PLANNED
MOV_001470,SYN_TRAIN_0030,EXPRESS,SEC_001,2026-09-20 13:30:00,2026-09-20 13:40:00,UP,MEDIUM,FALSE,SCHEDULED,1.000,PLANNED
MOV_001471,SYN_TRAIN_0031,MAINTENANCE,SEC_001,2026-09-16 16:15:00,2026-09-16 16:27:00,UP,HIGH,FALSE,SCHEDULED,1.000,PLANNED
MOV_001472,SYN_TRAIN_0032,EXPRESS,SEC_002,2026-09-16 18:45:00,2026-09-16 18:50:00,UP,HIGH,FALSE,SCHEDULED,1.000,PLANNED
MOV_001473,SYN_TRAIN_0033,FREIGHT,SEC_002,2026-09-14 05:10:00,2026-09-14 05:25:00,UP,MEDIUM,TRUE,SCHEDULED,1.000,PLANNED
MOV_001474,SYN_TRAIN_0034,EXPRESS,SEC_003,2026-09-16 16:45:00,2026-09-16 16:53:00,DOWN,LOW,FALSE,SCHEDULED,1.000,PLANNED
MOV_001475,SYN_TRAIN_0035,PASSENGER,SEC_002,2026-09-15 01:20:00,2026-09-15 01:35:00,UP,LOW,FALSE,SCHEDULED,1.000,PLANNED
MOV_001476,SYN_TRAIN_0036,PASSENGER,SEC_003,2026-09-16 18:00:00,2026-09-16 18:15:00,UP,LOW,FALSE,SCHEDULED,1.000,PLANNED
MOV_001477,SYN_TRAIN_0037,FREIGHT,SEC_003,2026-09-15 08:45:00,2026-09-15 09:00:00,DOWN,HIGH,TRUE,SCHEDULED,1.000,PLANNED
MOV_001478,SYN_TRAIN_0038,PASSENGER,SEC_003,2026-09-18 07:25:00,2026-09-18 07:37:00,UP,HIGH,FALSE,SCHEDULED,1.000,PLANNED
MOV_001479,SYN_TRAIN_0039,EXPRESS,SEC_005,2026-09-18 16:15:00,2026-09-18 16:23:00,DOWN,LOW,FALSE,SCHEDULED,1.000,PLANNED
MOV_001480,SYN_TRAIN_0040,FREIGHT,SEC_010,2026-09-19 08:15:00,2026-09-19 08:27:00,DOWN,HIGH,TRUE,SCHEDULED,1.000,PLANNED
MOV_001481,SYN_TRAIN_0041,EXPRESS,SEC_004,2026-09-19 13:55:00,2026-09-19 14:10:00,DOWN,MEDIUM,FALSE,SCHEDULED,1.000,PLANNED
MOV_001482,SYN_TRAIN_0042,EXPRESS,SEC_007,2026-09-17 11:40:00,2026-09-17 11:48:00,UP,MEDIUM,FALSE,SCHEDULED,1.000,PLANNED
MOV_001483,SYN_TRAIN_0043,PASSENGER,SEC_001,2026-09-16 19:10:00,2026-09-16 19:20:00,DOWN,LOW,FALSE,SCHEDULED,1.000,PLANNED
MOV_001484,SYN_TRAIN_0044,MAINTENANCE,SEC_010,2026-09-16 11:50:00,2026-09-16 12:02:00,UP,LOW,FALSE,SCHEDULED,1.000,PLANNED
MOV_001485,SYN_TRAIN_0045,MAINTENANCE,SEC_007,2026-09-18 06:20:00,2026-09-18 06:50:00,UP,HIGH,FALSE,SCHEDULED,1.000,PLANNED
MOV_001486,SYN_TRAIN_0046,FREIGHT,SEC_006,2026-09-18 07:05:00,2026-09-18 07:17:00,UP,LOW,TRUE,SCHEDULED,1.000,PLANNED
MOV_001487,SYN_TRAIN_0047,EXPRESS,SEC_005,2026-09-18 09:10:00,2026-09-18 09:22:00,DOWN,MEDIUM,FALSE,SCHEDULED,1.000,PLANNED
MOV_001488,SYN_TRAIN_0048,EXPRESS,SEC_007,2026-09-16 08:25:00,2026-09-16 08:30:00,DOWN,HIGH,FALSE,SCHEDULED,1.000,PLANNED
MOV_001489,SYN_TRAIN_0049,FREIGHT,SEC_001,2026-09-18 08:40:00,2026-09-18 09:10:00,UP,HIGH,TRUE,SCHEDULED,1.000,PLANNED
MOV_001490,SYN_TRAIN_0050,EXPRESS,SEC_001,2026-09-20 18:20:00,2026-09-20 18:35:00,UP,LOW,FALSE,SCHEDULED,1.000,PLANNED
MOV_001491,SYN_TRAIN_0051,MAINTENANCE,SEC_005,2026-09-20 04:05:00,2026-09-20 04:10:00,DOWN,HIGH,FALSE,SCHEDULED,1.000,PLANNED
MOV_001492,SYN_TRAIN_0052,FREIGHT,SEC_009,2026-09-15 15:00:00,2026-09-15 15:12:00,DOWN,HIGH,TRUE,SCHEDULED,1.000,PLANNED
MOV_001493,SYN_TRAIN_0053,EXPRESS,SEC_003,2026-09-15 17:30:00,2026-09-15 17:50:00,DOWN,LOW,FALSE,SCHEDULED,1.000,PLANNED
MOV_001494,SYN_TRAIN_0054,PASSENGER,SEC_008,2026-09-15 22:55:00,2026-09-15 23:15:00,UP,HIGH,FALSE,SCHEDULED,1.000,PLANNED
MOV_001495,SYN_TRAIN_0055,PASSENGER,SEC_008,2026-09-16 06:15:00,2026-09-16 06:20:00,UP,HIGH,FALSE,SCHEDULED,1.000,PLANNED
MOV_001496,SYN_TRAIN_0056,OTHER,SEC_001,2026-09-17 05:05:00,2026-09-17 05:25:00,DOWN,HIGH,FALSE,SCHEDULED,1.000,PLANNED
MOV_001497,SYN_TRAIN_0057,EXPRESS,SEC_003,2026-09-17 19:20:00,2026-09-17 19:25:00,UP,HIGH,FALSE,SCHEDULED,1.000,PLANNED
MOV_001498,SYN_TRAIN_0058,FREIGHT,SEC_007,2026-09-16 18:00:00,2026-09-16 18:12:00,DOWN,MEDIUM,TRUE,SCHEDULED,1.000,PLANNED
MOV_001499,SYN_TRAIN_0059,FREIGHT,SEC_002,2026-09-17 23:20:00,2026-09-17 23:40:00,UP,MEDIUM,TRUE,SCHEDULED,1.000,PLANNED
MOV_001500,SYN_TRAIN_0060,PASSENGER,SEC_004,2026-09-18 18:05:00,2026-09-18 18:25:00,DOWN,HIGH,FALSE,SCHEDULED,1.000,PLANNED
MOV_001501,SYN_TRAIN_0061,FREIGHT,SEC_003,2026-09-15 10:35:00,2026-09-15 10:45:00,DOWN,LOW,TRUE,SCHEDULED,1.000,PLANNED
MOV_001502,SYN_TRAIN_0062,OTHER,SEC_008,2026-09-15 13:50:00,2026-09-15 14:20:00,DOWN,MEDIUM,FALSE,SCHEDULED,1.000,PLANNED
MOV_001503,SYN_TRAIN_0063,PASSENGER,SEC_005,2026-09-18 03:15:00,2026-09-18 03:23:00,DOWN,MEDIUM,FALSE,SCHEDULED,1.000,PLANNED
MOV_001504,SYN_TRAIN_0064,PASSENGER,SEC_002,2026-09-20 17:15:00,2026-09-20 17:23:00,UP,MEDIUM,FALSE,SCHEDULED,1.000,PLANNED
MOV_001505,SYN_TRAIN_0065,FREIGHT,SEC_003,2026-09-19 18:55:00,2026-09-19 19:20:00,UP,LOW,TRUE,SCHEDULED,1.000,PLANNED
MOV_001506,SYN_TRAIN_0066,PASSENGER,SEC_010,2026-09-16 09:05:00,2026-09-16 09:10:00,UP,MEDIUM,FALSE,SCHEDULED,1.000,PLANNED
MOV_001507,SYN_TRAIN_0067,MAINTENANCE,SEC_008,2026-09-20 20:20:00,2026-09-20 20:25:00,UP,MEDIUM,FALSE,SCHEDULED,1.000,PLANNED
MOV_001508,SYN_TRAIN_0068,EXPRESS,SEC_008,2026-09-15 17:20:00,2026-09-15 17:32:00,UP,HIGH,FALSE,SCHEDULED,1.000,PLANNED
MOV_001509,SYN_TRAIN_0069,PASSENGER,SEC_001,2026-09-14 18:10:00,2026-09-14 18:40:00,DOWN,HIGH,FALSE,SCHEDULED,1.000,PLANNED
MOV_001510,SYN_TRAIN_0070,PASSENGER,SEC_007,2026-09-17 23:20:00,2026-09-17 23:28:00,UP,LOW,FALSE,SCHEDULED,1.000,PLANNED
MOV_001511,SYN_TRAIN_0071,PASSENGER,SEC_002,2026-09-20 01:25:00,2026-09-20 01:37:00,UP,MEDIUM,FALSE,SCHEDULED,1.000,PLANNED
MOV_001512,SYN_TRAIN_0072,FREIGHT,SEC_006,2026-09-19 18:25:00,2026-09-19 18:30:00,DOWN,HIGH,TRUE,SCHEDULED,1.000,PLANNED
MOV_001513,SYN_TRAIN_0073,PASSENGER,SEC_002,2026-09-15 05:55:00,2026-09-15 06:25:00,UP,MEDIUM,FALSE,SCHEDULED,1.000,PLANNED
MOV_001514,SYN_TRAIN_0074,PASSENGER,SEC_009,2026-09-20 17:25:00,2026-09-20 17:55:00,DOWN,MEDIUM,FALSE,SCHEDULED,1.000,PLANNED
MOV_001515,SYN_TRAIN_0075,PASSENGER,SEC_006,2026-09-15 07:20:00,2026-09-15 07:40:00,DOWN,HIGH,FALSE,SCHEDULED,1.000,PLANNED
MOV_001516,SYN_TRAIN_0076,FREIGHT,SEC_004,2026-09-18 14:15:00,2026-09-18 14:20:00,DOWN,LOW,TRUE,SCHEDULED,1.000,PLANNED
MOV_001517,SYN_TRAIN_0077,EXPRESS,SEC_004,2026-09-17 01:15:00,2026-09-17 01:35:00,DOWN,HIGH,FALSE,SCHEDULED,1.000,PLANNED
MOV_001518,SYN_TRAIN_0078,PASSENGER,SEC_003,2026-09-16 17:30:00,2026-09-16 18:00:00,UP,MEDIUM,FALSE,SCHEDULED,1.000,PLANNED
MOV_001519,SYN_TRAIN_0079,PASSENGER,SEC_008,2026-09-18 21:40:00,2026-09-18 21:50:00,UP,MEDIUM,FALSE,SCHEDULED,1.000,PLANNED
MOV_001520,SYN_TRAIN_0080,PASSENGER,SEC_008,2026-09-19 08:35:00,2026-09-19 09:00:00,DOWN,HIGH,FALSE,SCHEDULED,1.000,PLANNED
MOV_001521,SYN_TRAIN_0081,FREIGHT,SEC_004,2026-09-17 05:00:00,2026-09-17 05:30:00,DOWN,LOW,TRUE,SCHEDULED,1.000,PLANNED
MOV_001522,SYN_TRAIN_0082,OTHER,SEC_008,2026-09-15 17:15:00,2026-09-15 17:20:00,DOWN,LOW,FALSE,SCHEDULED,1.000,PLANNED
MOV_001523,SYN_TRAIN_0083,FREIGHT,SEC_005,2026-09-18 07:10:00,2026-09-18 07:20:00,DOWN,MEDIUM,TRUE,SCHEDULED,1.000,PLANNED
MOV_001524,SYN_TRAIN_0084,FREIGHT,SEC_008,2026-09-19 18:10:00,2026-09-19 18:15:00,DOWN,HIGH,TRUE,SCHEDULED,1.000,PLANNED
MOV_001525,SYN_TRAIN_0085,FREIGHT,SEC_002,2026-09-15 12:15:00,2026-09-15 12:25:00,UP,MEDIUM,TRUE,SCHEDULED,1.000,PLANNED
MOV_001526,SYN_TRAIN_0086,FREIGHT,SEC_006,2026-09-16 17:45:00,2026-09-16 17:53:00,UP,HIGH,TRUE,SCHEDULED,1.000,PLANNED
MOV_001527,SYN_TRAIN_0087,OTHER,SEC_004,2026-09-18 08:10:00,2026-09-18 08:15:00,UP,LOW,FALSE,SCHEDULED,1.000,PLANNED
MOV_001528,SYN_TRAIN_0088,PASSENGER,SEC_010,2026-09-15 07:20:00,2026-09-15 07:50:00,DOWN,MEDIUM,FALSE,SCHEDULED,1.000,PLANNED
MOV_001529,SYN_TRAIN_0089,EXPRESS,SEC_004,2026-09-14 17:30:00,2026-09-14 17:40:00,UP,LOW,FALSE,SCHEDULED,1.000,PLANNED
MOV_001530,SYN_TRAIN_0090,PASSENGER,SEC_002,2026-09-19 06:15:00,2026-09-19 06:35:00,DOWN,HIGH,FALSE,SCHEDULED,1.000,PLANNED
MOV_001531,SYN_TRAIN_0091,FREIGHT,SEC_005,2026-09-14 20:20:00,2026-09-14 20:40:00,DOWN,HIGH,TRUE,SCHEDULED,1.000,PLANNED
MOV_001532,SYN_TRAIN_0092,PASSENGER,SEC_008,2026-09-14 20:20:00,2026-09-14 20:32:00,UP,MEDIUM,FALSE,SCHEDULED,1.000,PLANNED
MOV_001533,SYN_TRAIN_0093,FREIGHT,SEC_009,2026-09-20 06:20:00,2026-09-20 06:30:00,DOWN,HIGH,TRUE,SCHEDULED,1.000,PLANNED
MOV_001534,SYN_TRAIN_0094,OTHER,SEC_002,2026-09-17 00:40:00,2026-09-17 00:52:00,UP,LOW,FALSE,SCHEDULED,1.000,PLANNED
MOV_001535,SYN_TRAIN_0095,EXPRESS,SEC_007,2026-09-17 10:15:00,2026-09-17 10:25:00,UP,LOW,FALSE,SCHEDULED,1.000,PLANNED
MOV_001536,SYN_TRAIN_0096,MAINTENANCE,SEC_003,2026-09-19 00:50:00,2026-09-19 01:00:00,UP,HIGH,FALSE,SCHEDULED,1.000,PLANNED
MOV_001537,SYN_TRAIN_0097,FREIGHT,SEC_002,2026-09-15 18:15:00,2026-09-15 18:27:00,DOWN,LOW,TRUE,SCHEDULED,1.000,PLANNED
MOV_001538,SYN_TRAIN_0098,FREIGHT,SEC_004,2026-09-15 13:30:00,2026-09-15 13:45:00,UP,MEDIUM,TRUE,SCHEDULED,1.000,PLANNED
MOV_001539,SYN_TRAIN_0099,PASSENGER,SEC_007,2026-09-19 17:05:00,2026-09-19 17:17:00,UP,LOW,FALSE,SCHEDULED,1.000,PLANNED
MOV_001540,SYN_TRAIN_0100,PASSENGER,SEC_008,2026-09-17 21:40:00,2026-09-17 21:50:00,UP,LOW,FALSE,SCHEDULED,1.000,PLANNED
MOV_001541,SYN_TRAIN_0101,PASSENGER,SEC_010,2026-09-18 01:05:00,2026-09-18 01:20:00,DOWN,MEDIUM,FALSE,SCHEDULED,1.000,PLANNED
MOV_001542,SYN_TRAIN_0102,PASSENGER,SEC_004,2026-09-20 22:30:00,2026-09-20 22:38:00,UP,HIGH,FALSE,SCHEDULED,1.000,PLANNED
MOV_001543,SYN_TRAIN_0103,PASSENGER,SEC_001,2026-09-18 06:45:00,2026-09-18 06:53:00,UP,LOW,FALSE,SCHEDULED,1.000,PLANNED
MOV_001544,SYN_TRAIN_0104,PASSENGER,SEC_005,2026-09-20 04:00:00,2026-09-20 04:30:00,UP,HIGH,FALSE,SCHEDULED,1.000,PLANNED
MOV_001545,SYN_TRAIN_0105,PASSENGER,SEC_008,2026-09-18 07:35:00,2026-09-18 07:47:00,DOWN,HIGH,FALSE,SCHEDULED,1.000,PLANNED
MOV_001546,SYN_TRAIN_0106,PASSENGER,SEC_003,2026-09-19 12:30:00,2026-09-19 13:00:00,DOWN,LOW,FALSE,SCHEDULED,1.000,PLANNED
MOV_001547,SYN_TRAIN_0107,FREIGHT,SEC_005,2026-09-14 07:00:00,2026-09-14 07:20:00,UP,MEDIUM,TRUE,SCHEDULED,1.000,PLANNED
MOV_001548,SYN_TRAIN_0108,PASSENGER,SEC_010,2026-09-20 05:25:00,2026-09-20 05:55:00,UP,LOW,FALSE,SCHEDULED,1.000,PLANNED
MOV_001549,SYN_TRAIN_0109,EXPRESS,SEC_005,2026-09-18 06:40:00,2026-09-18 07:05:00,UP,LOW,FALSE,SCHEDULED,1.000,PLANNED
MOV_001550,SYN_TRAIN_0110,MAINTENANCE,SEC_005,2026-09-16 07:15:00,2026-09-16 07:25:00,DOWN,HIGH,FALSE,SCHEDULED,1.000,PLANNED
MOV_001551,SYN_TRAIN_0111,PASSENGER,SEC_005,2026-09-20 08:05:00,2026-09-20 08:10:00,UP,LOW,FALSE,SCHEDULED,1.000,PLANNED
MOV_001552,SYN_TRAIN_0112,PASSENGER,SEC_010,2026-09-17 02:10:00,2026-09-17 02:30:00,DOWN,HIGH,FALSE,SCHEDULED,1.000,PLANNED
MOV_001553,SYN_TRAIN_0113,EXPRESS,SEC_007,2026-09-20 17:00:00,2026-09-20 17:08:00,DOWN,MEDIUM,FALSE,SCHEDULED,1.000,PLANNED
MOV_001554,SYN_TRAIN_0114,FREIGHT,SEC_009,2026-09-14 15:30:00,2026-09-14 15:42:00,DOWN,HIGH,TRUE,SCHEDULED,1.000,PLANNED
MOV_001555,SYN_TRAIN_0115,PASSENGER,SEC_001,2026-09-16 12:55:00,2026-09-16 13:00:00,DOWN,MEDIUM,FALSE,SCHEDULED,1.000,PLANNED
MOV_001556,SYN_TRAIN_0116,PASSENGER,SEC_001,2026-09-18 08:30:00,2026-09-18 08:35:00,DOWN,MEDIUM,FALSE,SCHEDULED,1.000,PLANNED
MOV_001557,SYN_TRAIN_0117,PASSENGER,SEC_005,2026-09-18 20:55:00,2026-09-18 21:05:00,UP,HIGH,FALSE,SCHEDULED,1.000,PLANNED
MOV_001558,SYN_TRAIN_0118,OTHER,SEC_009,2026-09-15 14:40:00,2026-09-15 14:50:00,UP,LOW,FALSE,SCHEDULED,1.000,PLANNED
MOV_001559,SYN_TRAIN_0119,PASSENGER,SEC_001,2026-09-18 19:25:00,2026-09-18 19:55:00,UP,HIGH,FALSE,SCHEDULED,1.000,PLANNED
MOV_001560,SYN_TRAIN_0120,EXPRESS,SEC_001,2026-09-20 11:45:00,2026-09-20 11:55:00,DOWN,MEDIUM,FALSE,SCHEDULED,1.000,PLANNED
MOV_001561,SYN_TRAIN_0121,PASSENGER,SEC_007,2026-09-17 18:55:00,2026-09-17 19:03:00,UP,MEDIUM,FALSE,SCHEDULED,1.000,PLANNED
MOV_001562,SYN_TRAIN_0122,PASSENGER,SEC_009,2026-09-14 07:15:00,2026-09-14 07:35:00,DOWN,LOW,FALSE,SCHEDULED,1.000,PLANNED
MOV_001563,SYN_TRAIN_0123,EXPRESS,SEC_002,2026-09-18 07:15:00,2026-09-18 07:20:00,DOWN,LOW,FALSE,SCHEDULED,1.000,PLANNED
MOV_001564,SYN_TRAIN_0124,EXPRESS,SEC_009,2026-09-19 13:05:00,2026-09-19 13:15:00,UP,LOW,FALSE,SCHEDULED,1.000,PLANNED
MOV_001565,SYN_TRAIN_0125,MAINTENANCE,SEC_008,2026-09-16 15:35:00,2026-09-16 15:47:00,DOWN,MEDIUM,FALSE,SCHEDULED,1.000,PLANNED
MOV_001566,SYN_TRAIN_0126,MAINTENANCE,SEC_010,2026-09-15 03:15:00,2026-09-15 03:30:00,DOWN,MEDIUM,FALSE,SCHEDULED,1.000,PLANNED
MOV_001567,SYN_TRAIN_0127,EXPRESS,SEC_008,2026-09-18 08:20:00,2026-09-18 08:25:00,DOWN,LOW,FALSE,SCHEDULED,1.000,PLANNED
MOV_001568,SYN_TRAIN_0128,PASSENGER,SEC_001,2026-09-14 06:10:00,2026-09-14 06:25:00,UP,HIGH,FALSE,SCHEDULED,1.000,PLANNED
MOV_001569,SYN_TRAIN_0129,PASSENGER,SEC_003,2026-09-15 14:25:00,2026-09-15 14:45:00,DOWN,MEDIUM,FALSE,SCHEDULED,1.000,PLANNED
MOV_001570,SYN_TRAIN_0130,PASSENGER,SEC_010,2026-09-17 17:05:00,2026-09-17 17:20:00,UP,HIGH,FALSE,SCHEDULED,1.000,PLANNED
MOV_001571,SYN_TRAIN_0131,EXPRESS,SEC_006,2026-09-17 08:35:00,2026-09-17 08:43:00,DOWN,MEDIUM,FALSE,SCHEDULED,1.000,PLANNED
MOV_001572,SYN_TRAIN_0132,FREIGHT,SEC_010,2026-09-19 11:15:00,2026-09-19 11:23:00,UP,MEDIUM,TRUE,SCHEDULED,1.000,PLANNED
MOV_001573,SYN_TRAIN_0133,PASSENGER,SEC_002,2026-09-20 07:05:00,2026-09-20 07:13:00,UP,LOW,FALSE,SCHEDULED,1.000,PLANNED
MOV_001574,SYN_TRAIN_0134,PASSENGER,SEC_003,2026-09-16 20:30:00,2026-09-16 21:00:00,DOWN,MEDIUM,FALSE,SCHEDULED,1.000,PLANNED
MOV_001575,SYN_TRAIN_0135,PASSENGER,SEC_010,2026-09-16 04:35:00,2026-09-16 05:05:00,DOWN,MEDIUM,FALSE,SCHEDULED,1.000,PLANNED
MOV_001576,SYN_TRAIN_0136,OTHER,SEC_003,2026-09-14 22:10:00,2026-09-14 22:22:00,DOWN,MEDIUM,FALSE,SCHEDULED,1.000,PLANNED
MOV_001577,SYN_TRAIN_0137,PASSENGER,SEC_005,2026-09-16 14:30:00,2026-09-16 14:55:00,DOWN,LOW,FALSE,SCHEDULED,1.000,PLANNED
MOV_001578,SYN_TRAIN_0138,PASSENGER,SEC_009,2026-09-15 18:15:00,2026-09-15 18:20:00,UP,LOW,FALSE,SCHEDULED,1.000,PLANNED
MOV_001579,SYN_TRAIN_0139,PASSENGER,SEC_010,2026-09-14 15:10:00,2026-09-14 15:20:00,UP,MEDIUM,FALSE,SCHEDULED,1.000,PLANNED
MOV_001580,SYN_TRAIN_0140,EXPRESS,SEC_008,2026-09-15 03:00:00,2026-09-15 03:12:00,DOWN,LOW,FALSE,SCHEDULED,1.000,PLANNED
MOV_001581,SYN_TRAIN_0141,FREIGHT,SEC_001,2026-09-15 21:05:00,2026-09-15 21:25:00,UP,MEDIUM,TRUE,SCHEDULED,1.000,PLANNED
MOV_001582,SYN_TRAIN_0142,EXPRESS,SEC_007,2026-09-19 19:45:00,2026-09-19 20:05:00,UP,MEDIUM,FALSE,SCHEDULED,1.000,PLANNED
MOV_001583,SYN_TRAIN_0143,PASSENGER,SEC_010,2026-09-14 12:20:00,2026-09-14 12:40:00,DOWN,LOW,FALSE,SCHEDULED,1.000,PLANNED
MOV_001584,SYN_TRAIN_0144,EXPRESS,SEC_004,2026-09-16 00:10:00,2026-09-16 00:25:00,UP,MEDIUM,FALSE,SCHEDULED,1.000,PLANNED
MOV_001585,SYN_TRAIN_0145,EXPRESS,SEC_006,2026-09-19 10:20:00,2026-09-19 10:35:00,UP,LOW,FALSE,SCHEDULED,1.000,PLANNED
MOV_001586,SYN_TRAIN_0146,OTHER,SEC_010,2026-09-17 22:40:00,2026-09-17 22:50:00,DOWN,HIGH,FALSE,SCHEDULED,1.000,PLANNED
MOV_001587,SYN_TRAIN_0147,FREIGHT,SEC_006,2026-09-18 16:05:00,2026-09-18 16:17:00,UP,HIGH,TRUE,SCHEDULED,1.000,PLANNED
MOV_001588,SYN_TRAIN_0148,EXPRESS,SEC_001,2026-09-19 20:30:00,2026-09-19 20:35:00,UP,HIGH,FALSE,SCHEDULED,1.000,PLANNED
MOV_001589,SYN_TRAIN_0149,PASSENGER,SEC_002,2026-09-15 17:15:00,2026-09-15 17:23:00,DOWN,MEDIUM,FALSE,SCHEDULED,1.000,PLANNED
MOV_001590,SYN_TRAIN_0150,EXPRESS,SEC_001,2026-09-16 06:40:00,2026-09-16 07:10:00,DOWN,HIGH,FALSE,SCHEDULED,1.000,PLANNED
MOV_001591,SYN_TRAIN_0151,EXPRESS,SEC_009,2026-09-17 02:50:00,2026-09-17 03:10:00,DOWN,MEDIUM,FALSE,SCHEDULED,1.000,PLANNED
MOV_001592,SYN_TRAIN_0152,EXPRESS,SEC_010,2026-09-18 10:45:00,2026-09-18 10:55:00,DOWN,HIGH,FALSE,SCHEDULED,1.000,PLANNED
MOV_001593,SYN_TRAIN_0153,FREIGHT,SEC_009,2026-09-19 03:10:00,2026-09-19 03:35:00,DOWN,HIGH,TRUE,SCHEDULED,1.000,PLANNED
MOV_001594,SYN_TRAIN_0154,FREIGHT,SEC_003,2026-09-16 20:25:00,2026-09-16 20:45:00,DOWN,HIGH,TRUE,SCHEDULED,1.000,PLANNED
MOV_001595,SYN_TRAIN_0155,MAINTENANCE,SEC_010,2026-09-19 19:45:00,2026-09-19 20:05:00,DOWN,LOW,FALSE,SCHEDULED,1.000,PLANNED
MOV_001596,SYN_TRAIN_0156,FREIGHT,SEC_010,2026-09-15 12:20:00,2026-09-15 12:30:00,UP,HIGH,TRUE,SCHEDULED,1.000,PLANNED
MOV_001597,SYN_TRAIN_0157,FREIGHT,SEC_006,2026-09-18 00:30:00,2026-09-18 00:55:00,DOWN,LOW,TRUE,SCHEDULED,1.000,PLANNED
MOV_001598,SYN_TRAIN_0158,FREIGHT,SEC_006,2026-09-19 18:40:00,2026-09-19 19:10:00,DOWN,MEDIUM,TRUE,SCHEDULED,1.000,PLANNED
MOV_001599,SYN_TRAIN_0159,EXPRESS,SEC_008,2026-09-15 22:55:00,2026-09-15 23:15:00,UP,HIGH,FALSE,SCHEDULED,1.000,PLANNED
MOV_001600,SYN_TRAIN_0160,FREIGHT,SEC_002,2026-09-17 14:40:00,2026-09-17 14:50:00,DOWN,HIGH,TRUE,SCHEDULED,1.000,PLANNED
MOV_001601,SYN_TRAIN_0001,EXPRESS,SEC_005,2026-09-17 18:50:00,2026-09-17 19:15:00,DOWN,HIGH,FALSE,SCHEDULED,1.000,PLANNED
MOV_001602,SYN_TRAIN_0002,EXPRESS,SEC_009,2026-09-19 10:30:00,2026-09-19 10:42:00,DOWN,LOW,FALSE,SCHEDULED,1.000,PLANNED
MOV_001603,SYN_TRAIN_0003,FREIGHT,SEC_005,2026-09-20 02:00:00,2026-09-20 02:05:00,UP,HIGH,TRUE,SCHEDULED,1.000,PLANNED
MOV_001604,SYN_TRAIN_0004,PASSENGER,SEC_004,2026-09-19 18:35:00,2026-09-19 19:00:00,UP,LOW,FALSE,SCHEDULED,1.000,PLANNED
MOV_001605,SYN_TRAIN_0005,PASSENGER,SEC_002,2026-09-20 02:50:00,2026-09-20 03:00:00,UP,HIGH,FALSE,SCHEDULED,1.000,PLANNED
MOV_001606,SYN_TRAIN_0006,PASSENGER,SEC_002,2026-09-16 07:35:00,2026-09-16 07:40:00,UP,LOW,FALSE,SCHEDULED,1.000,PLANNED
MOV_001607,SYN_TRAIN_0007,FREIGHT,SEC_010,2026-09-19 02:55:00,2026-09-19 03:25:00,DOWN,LOW,TRUE,SCHEDULED,1.000,PLANNED
MOV_001608,SYN_TRAIN_0008,PASSENGER,SEC_003,2026-09-20 17:40:00,2026-09-20 18:10:00,DOWN,HIGH,FALSE,SCHEDULED,1.000,PLANNED
MOV_001609,SYN_TRAIN_0009,MAINTENANCE,SEC_003,2026-09-18 05:45:00,2026-09-18 05:55:00,DOWN,LOW,FALSE,SCHEDULED,1.000,PLANNED
MOV_001610,SYN_TRAIN_0010,PASSENGER,SEC_003,2026-09-18 16:35:00,2026-09-18 16:40:00,DOWN,MEDIUM,FALSE,SCHEDULED,1.000,PLANNED
MOV_001611,SYN_TRAIN_0011,PASSENGER,SEC_004,2026-09-14 04:55:00,2026-09-14 05:05:00,DOWN,HIGH,FALSE,SCHEDULED,1.000,PLANNED
MOV_001612,SYN_TRAIN_0012,FREIGHT,SEC_002,2026-09-19 20:30:00,2026-09-19 20:40:00,UP,MEDIUM,TRUE,SCHEDULED,1.000,PLANNED
MOV_001613,SYN_TRAIN_0013,EXPRESS,SEC_006,2026-09-14 20:05:00,2026-09-14 20:17:00,DOWN,MEDIUM,FALSE,SCHEDULED,1.000,PLANNED
MOV_001614,SYN_TRAIN_0014,EXPRESS,SEC_007,2026-09-20 07:20:00,2026-09-20 07:35:00,DOWN,LOW,FALSE,SCHEDULED,1.000,PLANNED
MOV_001615,SYN_TRAIN_0015,PASSENGER,SEC_007,2026-09-14 13:35:00,2026-09-14 13:45:00,UP,LOW,FALSE,SCHEDULED,1.000,PLANNED
MOV_001616,SYN_TRAIN_0016,EXPRESS,SEC_004,2026-09-20 16:20:00,2026-09-20 16:30:00,DOWN,MEDIUM,FALSE,SCHEDULED,1.000,PLANNED
MOV_001617,SYN_TRAIN_0017,EXPRESS,SEC_001,2026-09-18 11:00:00,2026-09-18 11:08:00,UP,LOW,FALSE,SCHEDULED,1.000,PLANNED
MOV_001618,SYN_TRAIN_0018,PASSENGER,SEC_006,2026-09-19 13:05:00,2026-09-19 13:15:00,UP,MEDIUM,FALSE,SCHEDULED,1.000,PLANNED
MOV_001619,SYN_TRAIN_0019,PASSENGER,SEC_001,2026-09-14 16:30:00,2026-09-14 16:35:00,DOWN,MEDIUM,FALSE,SCHEDULED,1.000,PLANNED
MOV_001620,SYN_TRAIN_0020,PASSENGER,SEC_006,2026-09-16 14:25:00,2026-09-16 14:37:00,DOWN,HIGH,FALSE,SCHEDULED,1.000,PLANNED
MOV_001621,SYN_TRAIN_0021,EXPRESS,SEC_002,2026-09-19 17:15:00,2026-09-19 17:45:00,UP,MEDIUM,FALSE,SCHEDULED,1.000,PLANNED
MOV_001622,SYN_TRAIN_0022,EXPRESS,SEC_006,2026-09-18 17:05:00,2026-09-18 17:20:00,UP,MEDIUM,FALSE,SCHEDULED,1.000,PLANNED
MOV_001623,SYN_TRAIN_0023,PASSENGER,SEC_001,2026-09-16 21:30:00,2026-09-16 21:50:00,DOWN,MEDIUM,FALSE,SCHEDULED,1.000,PLANNED
MOV_001624,SYN_TRAIN_0024,PASSENGER,SEC_001,2026-09-18 04:20:00,2026-09-18 04:40:00,UP,MEDIUM,FALSE,SCHEDULED,1.000,PLANNED
MOV_001625,SYN_TRAIN_0025,PASSENGER,SEC_008,2026-09-16 11:10:00,2026-09-16 11:30:00,DOWN,HIGH,FALSE,SCHEDULED,1.000,PLANNED
MOV_001626,SYN_TRAIN_0026,EXPRESS,SEC_002,2026-09-16 14:05:00,2026-09-16 14:30:00,UP,MEDIUM,FALSE,SCHEDULED,1.000,PLANNED
MOV_001627,SYN_TRAIN_0027,MAINTENANCE,SEC_003,2026-09-15 19:40:00,2026-09-15 19:52:00,DOWN,LOW,FALSE,SCHEDULED,1.000,PLANNED
MOV_001628,SYN_TRAIN_0028,FREIGHT,SEC_007,2026-09-18 21:25:00,2026-09-18 21:37:00,DOWN,LOW,TRUE,SCHEDULED,1.000,PLANNED
MOV_001629,SYN_TRAIN_0029,FREIGHT,SEC_004,2026-09-14 18:20:00,2026-09-14 18:45:00,UP,LOW,TRUE,SCHEDULED,1.000,PLANNED
MOV_001630,SYN_TRAIN_0030,PASSENGER,SEC_008,2026-09-19 07:45:00,2026-09-19 07:55:00,UP,MEDIUM,FALSE,SCHEDULED,1.000,PLANNED
MOV_001631,SYN_TRAIN_0031,PASSENGER,SEC_003,2026-09-16 19:30:00,2026-09-16 19:40:00,UP,HIGH,FALSE,SCHEDULED,1.000,PLANNED
MOV_001632,SYN_TRAIN_0032,EXPRESS,SEC_009,2026-09-15 18:20:00,2026-09-15 18:30:00,UP,MEDIUM,FALSE,SCHEDULED,1.000,PLANNED
MOV_001633,SYN_TRAIN_0033,FREIGHT,SEC_010,2026-09-16 22:00:00,2026-09-16 22:12:00,UP,HIGH,TRUE,SCHEDULED,1.000,PLANNED
MOV_001634,SYN_TRAIN_0034,PASSENGER,SEC_004,2026-09-16 16:30:00,2026-09-16 16:42:00,DOWN,MEDIUM,FALSE,SCHEDULED,1.000,PLANNED
MOV_001635,SYN_TRAIN_0035,PASSENGER,SEC_006,2026-09-19 02:25:00,2026-09-19 02:45:00,UP,LOW,FALSE,SCHEDULED,1.000,PLANNED
MOV_001636,SYN_TRAIN_0036,MAINTENANCE,SEC_009,2026-09-18 19:30:00,2026-09-18 19:35:00,UP,MEDIUM,FALSE,SCHEDULED,1.000,PLANNED
MOV_001637,SYN_TRAIN_0037,EXPRESS,SEC_007,2026-09-15 07:40:00,2026-09-15 08:10:00,UP,LOW,FALSE,SCHEDULED,1.000,PLANNED
MOV_001638,SYN_TRAIN_0038,FREIGHT,SEC_006,2026-09-17 06:50:00,2026-09-17 07:15:00,DOWN,LOW,TRUE,SCHEDULED,1.000,PLANNED
MOV_001639,SYN_TRAIN_0039,PASSENGER,SEC_010,2026-09-15 08:35:00,2026-09-15 08:50:00,UP,LOW,FALSE,SCHEDULED,1.000,PLANNED
MOV_001640,SYN_TRAIN_0040,EXPRESS,SEC_005,2026-09-14 07:20:00,2026-09-14 07:25:00,DOWN,HIGH,FALSE,SCHEDULED,1.000,PLANNED
MOV_001641,SYN_TRAIN_0041,EXPRESS,SEC_007,2026-09-14 18:25:00,2026-09-14 18:50:00,DOWN,LOW,FALSE,SCHEDULED,1.000,PLANNED
MOV_001642,SYN_TRAIN_0042,PASSENGER,SEC_003,2026-09-19 06:00:00,2026-09-19 06:30:00,DOWN,LOW,FALSE,SCHEDULED,1.000,PLANNED
MOV_001643,SYN_TRAIN_0043,EXPRESS,SEC_005,2026-09-20 18:50:00,2026-09-20 19:00:00,UP,HIGH,FALSE,SCHEDULED,1.000,PLANNED
MOV_001644,SYN_TRAIN_0044,FREIGHT,SEC_007,2026-09-18 09:00:00,2026-09-18 09:12:00,DOWN,HIGH,TRUE,SCHEDULED,1.000,PLANNED
MOV_001645,SYN_TRAIN_0045,PASSENGER,SEC_005,2026-09-15 06:00:00,2026-09-15 06:08:00,UP,LOW,FALSE,SCHEDULED,1.000,PLANNED
MOV_001646,SYN_TRAIN_0046,EXPRESS,SEC_007,2026-09-20 18:30:00,2026-09-20 18:50:00,DOWN,LOW,FALSE,SCHEDULED,1.000,PLANNED
MOV_001647,SYN_TRAIN_0047,PASSENGER,SEC_010,2026-09-14 00:55:00,2026-09-14 01:03:00,UP,LOW,FALSE,SCHEDULED,1.000,PLANNED
MOV_001648,SYN_TRAIN_0048,OTHER,SEC_003,2026-09-20 09:05:00,2026-09-20 09:20:00,UP,HIGH,FALSE,SCHEDULED,1.000,PLANNED
MOV_001649,SYN_TRAIN_0049,PASSENGER,SEC_007,2026-09-19 10:05:00,2026-09-19 10:30:00,UP,MEDIUM,FALSE,SCHEDULED,1.000,PLANNED
MOV_001650,SYN_TRAIN_0050,EXPRESS,SEC_002,2026-09-18 18:05:00,2026-09-18 18:30:00,UP,HIGH,FALSE,SCHEDULED,1.000,PLANNED
MOV_001651,SYN_TRAIN_0051,PASSENGER,SEC_001,2026-09-20 08:50:00,2026-09-20 09:02:00,UP,MEDIUM,FALSE,SCHEDULED,1.000,PLANNED
MOV_001652,SYN_TRAIN_0052,EXPRESS,SEC_009,2026-09-17 17:55:00,2026-09-17 18:07:00,UP,HIGH,FALSE,SCHEDULED,1.000,PLANNED
MOV_001653,SYN_TRAIN_0053,FREIGHT,SEC_010,2026-09-17 18:00:00,2026-09-17 18:12:00,UP,MEDIUM,TRUE,SCHEDULED,1.000,PLANNED
MOV_001654,SYN_TRAIN_0054,PASSENGER,SEC_007,2026-09-15 16:55:00,2026-09-15 17:15:00,UP,LOW,FALSE,SCHEDULED,1.000,PLANNED
MOV_001655,SYN_TRAIN_0055,FREIGHT,SEC_010,2026-09-19 06:30:00,2026-09-19 06:55:00,UP,LOW,TRUE,SCHEDULED,1.000,PLANNED
MOV_001656,SYN_TRAIN_0056,PASSENGER,SEC_010,2026-09-15 03:55:00,2026-09-15 04:05:00,UP,LOW,FALSE,SCHEDULED,1.000,PLANNED
MOV_001657,SYN_TRAIN_0057,EXPRESS,SEC_008,2026-09-15 07:45:00,2026-09-15 08:05:00,DOWN,HIGH,FALSE,SCHEDULED,1.000,PLANNED
MOV_001658,SYN_TRAIN_0058,PASSENGER,SEC_009,2026-09-17 16:30:00,2026-09-17 16:35:00,UP,LOW,FALSE,SCHEDULED,1.000,PLANNED
MOV_001659,SYN_TRAIN_0059,PASSENGER,SEC_006,2026-09-18 10:45:00,2026-09-18 10:55:00,UP,LOW,FALSE,SCHEDULED,1.000,PLANNED
MOV_001660,SYN_TRAIN_0060,PASSENGER,SEC_007,2026-09-16 06:10:00,2026-09-16 06:25:00,UP,LOW,FALSE,SCHEDULED,1.000,PLANNED
MOV_001661,SYN_TRAIN_0061,PASSENGER,SEC_010,2026-09-14 17:45:00,2026-09-14 17:55:00,UP,HIGH,FALSE,SCHEDULED,1.000,PLANNED
MOV_001662,SYN_TRAIN_0062,EXPRESS,SEC_001,2026-09-18 03:40:00,2026-09-18 03:52:00,DOWN,MEDIUM,FALSE,SCHEDULED,1.000,PLANNED
MOV_001663,SYN_TRAIN_0063,PASSENGER,SEC_004,2026-09-16 09:25:00,2026-09-16 09:40:00,UP,LOW,FALSE,SCHEDULED,1.000,PLANNED
MOV_001664,SYN_TRAIN_0064,PASSENGER,SEC_004,2026-09-15 18:40:00,2026-09-15 18:55:00,UP,HIGH,FALSE,SCHEDULED,1.000,PLANNED
MOV_001665,SYN_TRAIN_0065,PASSENGER,SEC_003,2026-09-20 17:35:00,2026-09-20 17:47:00,DOWN,MEDIUM,FALSE,SCHEDULED,1.000,PLANNED
MOV_001666,SYN_TRAIN_0066,PASSENGER,SEC_008,2026-09-15 21:50:00,2026-09-15 22:20:00,DOWN,LOW,FALSE,SCHEDULED,1.000,PLANNED
MOV_001667,SYN_TRAIN_0067,MAINTENANCE,SEC_001,2026-09-18 18:40:00,2026-09-18 19:10:00,UP,LOW,FALSE,SCHEDULED,1.000,PLANNED
MOV_001668,SYN_TRAIN_0068,PASSENGER,SEC_003,2026-09-19 07:25:00,2026-09-19 07:37:00,DOWN,HIGH,FALSE,SCHEDULED,1.000,PLANNED
MOV_001669,SYN_TRAIN_0069,EXPRESS,SEC_009,2026-09-16 18:55:00,2026-09-16 19:10:00,DOWN,MEDIUM,FALSE,SCHEDULED,1.000,PLANNED
MOV_001670,SYN_TRAIN_0070,EXPRESS,SEC_005,2026-09-20 15:15:00,2026-09-20 15:30:00,UP,HIGH,FALSE,SCHEDULED,1.000,PLANNED
MOV_001671,SYN_TRAIN_0071,FREIGHT,SEC_010,2026-09-16 11:15:00,2026-09-16 11:20:00,DOWN,LOW,TRUE,SCHEDULED,1.000,PLANNED
MOV_001672,SYN_TRAIN_0072,MAINTENANCE,SEC_006,2026-09-15 05:50:00,2026-09-15 06:00:00,UP,HIGH,FALSE,SCHEDULED,1.000,PLANNED
MOV_001673,SYN_TRAIN_0073,MAINTENANCE,SEC_003,2026-09-14 09:50:00,2026-09-14 10:00:00,DOWN,HIGH,FALSE,SCHEDULED,1.000,PLANNED
MOV_001674,SYN_TRAIN_0074,PASSENGER,SEC_004,2026-09-16 20:05:00,2026-09-16 20:17:00,UP,MEDIUM,FALSE,SCHEDULED,1.000,PLANNED
MOV_001675,SYN_TRAIN_0075,EXPRESS,SEC_005,2026-09-16 04:30:00,2026-09-16 04:35:00,UP,LOW,FALSE,SCHEDULED,1.000,PLANNED
MOV_001676,SYN_TRAIN_0076,PASSENGER,SEC_005,2026-09-17 17:10:00,2026-09-17 17:25:00,UP,LOW,FALSE,SCHEDULED,1.000,PLANNED
MOV_001677,SYN_TRAIN_0077,FREIGHT,SEC_007,2026-09-20 05:40:00,2026-09-20 05:48:00,UP,LOW,TRUE,SCHEDULED,1.000,PLANNED
MOV_001678,SYN_TRAIN_0078,OTHER,SEC_005,2026-09-17 20:45:00,2026-09-17 21:15:00,DOWN,LOW,FALSE,SCHEDULED,1.000,PLANNED
MOV_001679,SYN_TRAIN_0079,PASSENGER,SEC_001,2026-09-18 05:05:00,2026-09-18 05:25:00,DOWN,MEDIUM,FALSE,SCHEDULED,1.000,PLANNED
MOV_001680,SYN_TRAIN_0080,EXPRESS,SEC_006,2026-09-20 16:15:00,2026-09-20 16:30:00,DOWN,MEDIUM,FALSE,SCHEDULED,1.000,PLANNED
MOV_001681,SYN_TRAIN_0081,OTHER,SEC_010,2026-09-18 13:45:00,2026-09-18 14:05:00,DOWN,LOW,FALSE,SCHEDULED,1.000,PLANNED
MOV_001682,SYN_TRAIN_0082,FREIGHT,SEC_005,2026-09-18 19:05:00,2026-09-18 19:15:00,DOWN,HIGH,TRUE,SCHEDULED,1.000,PLANNED
MOV_001683,SYN_TRAIN_0083,MAINTENANCE,SEC_006,2026-09-18 22:40:00,2026-09-18 22:55:00,DOWN,MEDIUM,FALSE,SCHEDULED,1.000,PLANNED
MOV_001684,SYN_TRAIN_0084,PASSENGER,SEC_008,2026-09-17 08:30:00,2026-09-17 08:42:00,DOWN,MEDIUM,FALSE,SCHEDULED,1.000,PLANNED
MOV_001685,SYN_TRAIN_0085,PASSENGER,SEC_010,2026-09-19 20:50:00,2026-09-19 21:20:00,UP,MEDIUM,FALSE,SCHEDULED,1.000,PLANNED
MOV_001686,SYN_TRAIN_0086,EXPRESS,SEC_007,2026-09-19 18:30:00,2026-09-19 18:55:00,DOWN,HIGH,FALSE,SCHEDULED,1.000,PLANNED
MOV_001687,SYN_TRAIN_0087,PASSENGER,SEC_004,2026-09-18 20:15:00,2026-09-18 20:25:00,DOWN,MEDIUM,FALSE,SCHEDULED,1.000,PLANNED
MOV_001688,SYN_TRAIN_0088,FREIGHT,SEC_004,2026-09-17 13:10:00,2026-09-17 13:18:00,DOWN,MEDIUM,TRUE,SCHEDULED,1.000,PLANNED
MOV_001689,SYN_TRAIN_0089,MAINTENANCE,SEC_008,2026-09-17 16:00:00,2026-09-17 16:15:00,UP,LOW,FALSE,SCHEDULED,1.000,PLANNED
MOV_001690,SYN_TRAIN_0090,PASSENGER,SEC_003,2026-09-14 05:10:00,2026-09-14 05:25:00,UP,LOW,FALSE,SCHEDULED,1.000,PLANNED
MOV_001691,SYN_TRAIN_0091,FREIGHT,SEC_007,2026-09-17 13:40:00,2026-09-17 13:55:00,UP,HIGH,TRUE,SCHEDULED,1.000,PLANNED
MOV_001692,SYN_TRAIN_0092,PASSENGER,SEC_010,2026-09-20 19:40:00,2026-09-20 19:48:00,DOWN,HIGH,FALSE,SCHEDULED,1.000,PLANNED
MOV_001693,SYN_TRAIN_0093,PASSENGER,SEC_006,2026-09-19 12:45:00,2026-09-19 12:55:00,UP,HIGH,FALSE,SCHEDULED,1.000,PLANNED
MOV_001694,SYN_TRAIN_0094,MAINTENANCE,SEC_007,2026-09-16 23:15:00,2026-09-16 23:35:00,UP,LOW,FALSE,SCHEDULED,1.000,PLANNED
MOV_001695,SYN_TRAIN_0095,PASSENGER,SEC_010,2026-09-15 02:25:00,2026-09-15 02:35:00,DOWN,HIGH,FALSE,SCHEDULED,1.000,PLANNED
MOV_001696,SYN_TRAIN_0096,MAINTENANCE,SEC_006,2026-09-19 05:05:00,2026-09-19 05:17:00,UP,MEDIUM,FALSE,SCHEDULED,1.000,PLANNED
MOV_001697,SYN_TRAIN_0097,PASSENGER,SEC_006,2026-09-19 16:55:00,2026-09-19 17:10:00,DOWN,HIGH,FALSE,SCHEDULED,1.000,PLANNED
MOV_001698,SYN_TRAIN_0098,OTHER,SEC_005,2026-09-20 17:25:00,2026-09-20 17:50:00,UP,LOW,FALSE,SCHEDULED,1.000,PLANNED
MOV_001699,SYN_TRAIN_0099,FREIGHT,SEC_005,2026-09-17 21:40:00,2026-09-17 21:48:00,DOWN,LOW,TRUE,SCHEDULED,1.000,PLANNED
MOV_001700,SYN_TRAIN_0100,PASSENGER,SEC_004,2026-09-14 20:20:00,2026-09-14 20:32:00,DOWN,MEDIUM,FALSE,SCHEDULED,1.000,PLANNED
MOV_001701,SYN_TRAIN_0101,EXPRESS,SEC_006,2026-09-19 13:20:00,2026-09-19 13:30:00,DOWN,LOW,FALSE,SCHEDULED,1.000,PLANNED
MOV_001702,SYN_TRAIN_0102,PASSENGER,SEC_005,2026-09-19 18:00:00,2026-09-19 18:10:00,UP,LOW,FALSE,SCHEDULED,1.000,PLANNED
MOV_001703,SYN_TRAIN_0103,PASSENGER,SEC_001,2026-09-14 20:40:00,2026-09-14 21:00:00,DOWN,LOW,FALSE,SCHEDULED,1.000,PLANNED
MOV_001704,SYN_TRAIN_0104,PASSENGER,SEC_010,2026-09-14 03:35:00,2026-09-14 03:47:00,DOWN,MEDIUM,FALSE,SCHEDULED,1.000,PLANNED
MOV_001705,SYN_TRAIN_0105,MAINTENANCE,SEC_002,2026-09-16 19:55:00,2026-09-16 20:20:00,DOWN,MEDIUM,FALSE,SCHEDULED,1.000,PLANNED
MOV_001706,SYN_TRAIN_0106,EXPRESS,SEC_010,2026-09-19 01:40:00,2026-09-19 02:05:00,UP,MEDIUM,FALSE,SCHEDULED,1.000,PLANNED
MOV_001707,SYN_TRAIN_0107,EXPRESS,SEC_001,2026-09-14 07:15:00,2026-09-14 07:20:00,UP,HIGH,FALSE,SCHEDULED,1.000,PLANNED
MOV_001708,SYN_TRAIN_0108,PASSENGER,SEC_008,2026-09-18 10:20:00,2026-09-18 10:40:00,UP,MEDIUM,FALSE,SCHEDULED,1.000,PLANNED
MOV_001709,SYN_TRAIN_0109,PASSENGER,SEC_003,2026-09-19 07:10:00,2026-09-19 07:30:00,UP,MEDIUM,FALSE,SCHEDULED,1.000,PLANNED
MOV_001710,SYN_TRAIN_0110,PASSENGER,SEC_010,2026-09-17 08:10:00,2026-09-17 08:40:00,UP,HIGH,FALSE,SCHEDULED,1.000,PLANNED
MOV_001711,SYN_TRAIN_0111,PASSENGER,SEC_007,2026-09-19 19:25:00,2026-09-19 19:33:00,DOWN,LOW,FALSE,SCHEDULED,1.000,PLANNED
MOV_001712,SYN_TRAIN_0112,PASSENGER,SEC_002,2026-09-14 06:30:00,2026-09-14 06:40:00,DOWN,HIGH,FALSE,SCHEDULED,1.000,PLANNED
MOV_001713,SYN_TRAIN_0113,EXPRESS,SEC_002,2026-09-14 05:55:00,2026-09-14 06:00:00,UP,MEDIUM,FALSE,SCHEDULED,1.000,PLANNED
MOV_001714,SYN_TRAIN_0114,MAINTENANCE,SEC_005,2026-09-15 04:00:00,2026-09-15 04:20:00,DOWN,LOW,FALSE,SCHEDULED,1.000,PLANNED
MOV_001715,SYN_TRAIN_0115,EXPRESS,SEC_002,2026-09-14 17:15:00,2026-09-14 17:45:00,DOWN,MEDIUM,FALSE,SCHEDULED,1.000,PLANNED
MOV_001716,SYN_TRAIN_0116,PASSENGER,SEC_004,2026-09-14 06:35:00,2026-09-14 06:47:00,UP,HIGH,FALSE,SCHEDULED,1.000,PLANNED
MOV_001717,SYN_TRAIN_0117,FREIGHT,SEC_005,2026-09-19 14:40:00,2026-09-19 14:52:00,UP,LOW,TRUE,SCHEDULED,1.000,PLANNED
MOV_001718,SYN_TRAIN_0118,EXPRESS,SEC_008,2026-09-20 12:05:00,2026-09-20 12:15:00,DOWN,MEDIUM,FALSE,SCHEDULED,1.000,PLANNED
MOV_001719,SYN_TRAIN_0119,EXPRESS,SEC_006,2026-09-16 13:55:00,2026-09-16 14:05:00,UP,MEDIUM,FALSE,SCHEDULED,1.000,PLANNED
MOV_001720,SYN_TRAIN_0120,FREIGHT,SEC_001,2026-09-14 22:15:00,2026-09-14 22:27:00,UP,HIGH,TRUE,SCHEDULED,1.000,PLANNED
MOV_001721,SYN_TRAIN_0121,PASSENGER,SEC_007,2026-09-15 16:55:00,2026-09-15 17:03:00,DOWN,LOW,FALSE,SCHEDULED,1.000,PLANNED
MOV_001722,SYN_TRAIN_0122,PASSENGER,SEC_002,2026-09-20 21:40:00,2026-09-20 22:10:00,UP,MEDIUM,FALSE,SCHEDULED,1.000,PLANNED
MOV_001723,SYN_TRAIN_0123,PASSENGER,SEC_010,2026-09-15 06:05:00,2026-09-15 06:20:00,DOWN,HIGH,FALSE,SCHEDULED,1.000,PLANNED
MOV_001724,SYN_TRAIN_0124,PASSENGER,SEC_002,2026-09-15 02:50:00,2026-09-15 03:05:00,DOWN,MEDIUM,FALSE,SCHEDULED,1.000,PLANNED
MOV_001725,SYN_TRAIN_0125,OTHER,SEC_005,2026-09-20 21:20:00,2026-09-20 21:35:00,UP,LOW,FALSE,SCHEDULED,1.000,PLANNED
MOV_001726,SYN_TRAIN_0126,FREIGHT,SEC_008,2026-09-17 15:00:00,2026-09-17 15:05:00,DOWN,MEDIUM,TRUE,SCHEDULED,1.000,PLANNED
MOV_001727,SYN_TRAIN_0127,EXPRESS,SEC_002,2026-09-19 07:15:00,2026-09-19 07:30:00,UP,HIGH,FALSE,SCHEDULED,1.000,PLANNED
MOV_001728,SYN_TRAIN_0128,PASSENGER,SEC_003,2026-09-19 12:40:00,2026-09-19 12:48:00,UP,LOW,FALSE,SCHEDULED,1.000,PLANNED
MOV_001729,SYN_TRAIN_0129,FREIGHT,SEC_008,2026-09-17 10:05:00,2026-09-17 10:25:00,DOWN,LOW,TRUE,SCHEDULED,1.000,PLANNED
MOV_001730,SYN_TRAIN_0130,PASSENGER,SEC_004,2026-09-14 18:45:00,2026-09-14 18:53:00,DOWN,MEDIUM,FALSE,SCHEDULED,1.000,PLANNED
MOV_001731,SYN_TRAIN_0131,PASSENGER,SEC_004,2026-09-20 19:40:00,2026-09-20 20:05:00,DOWN,MEDIUM,FALSE,SCHEDULED,1.000,PLANNED
MOV_001732,SYN_TRAIN_0132,EXPRESS,SEC_009,2026-09-18 09:30:00,2026-09-18 09:50:00,UP,LOW,FALSE,SCHEDULED,1.000,PLANNED
MOV_001733,SYN_TRAIN_0133,MAINTENANCE,SEC_009,2026-09-19 22:25:00,2026-09-19 22:30:00,UP,HIGH,FALSE,SCHEDULED,1.000,PLANNED
MOV_001734,SYN_TRAIN_0134,PASSENGER,SEC_001,2026-09-14 13:25:00,2026-09-14 13:35:00,UP,MEDIUM,FALSE,SCHEDULED,1.000,PLANNED
MOV_001735,SYN_TRAIN_0135,FREIGHT,SEC_010,2026-09-16 20:55:00,2026-09-16 21:10:00,UP,MEDIUM,TRUE,SCHEDULED,1.000,PLANNED
MOV_001736,SYN_TRAIN_0136,OTHER,SEC_009,2026-09-16 07:25:00,2026-09-16 07:55:00,UP,MEDIUM,FALSE,SCHEDULED,1.000,PLANNED
MOV_001737,SYN_TRAIN_0137,EXPRESS,SEC_008,2026-09-16 19:50:00,2026-09-16 20:20:00,UP,MEDIUM,FALSE,SCHEDULED,1.000,PLANNED
MOV_001738,SYN_TRAIN_0138,EXPRESS,SEC_008,2026-09-18 02:15:00,2026-09-18 02:27:00,UP,HIGH,FALSE,SCHEDULED,1.000,PLANNED
MOV_001739,SYN_TRAIN_0139,PASSENGER,SEC_001,2026-09-20 21:15:00,2026-09-20 21:45:00,UP,MEDIUM,FALSE,SCHEDULED,1.000,PLANNED
MOV_001740,SYN_TRAIN_0140,PASSENGER,SEC_007,2026-09-19 18:50:00,2026-09-19 19:20:00,DOWN,LOW,FALSE,SCHEDULED,1.000,PLANNED
MOV_001741,SYN_TRAIN_0141,FREIGHT,SEC_006,2026-09-17 19:20:00,2026-09-17 19:30:00,UP,LOW,TRUE,SCHEDULED,1.000,PLANNED
MOV_001742,SYN_TRAIN_0142,FREIGHT,SEC_005,2026-09-18 19:20:00,2026-09-18 19:35:00,DOWN,MEDIUM,TRUE,SCHEDULED,1.000,PLANNED
MOV_001743,SYN_TRAIN_0143,EXPRESS,SEC_010,2026-09-14 17:00:00,2026-09-14 17:12:00,UP,MEDIUM,FALSE,SCHEDULED,1.000,PLANNED
MOV_001744,SYN_TRAIN_0144,PASSENGER,SEC_010,2026-09-17 06:00:00,2026-09-17 06:05:00,UP,HIGH,FALSE,SCHEDULED,1.000,PLANNED
MOV_001745,SYN_TRAIN_0145,EXPRESS,SEC_008,2026-09-15 18:30:00,2026-09-15 19:00:00,UP,LOW,FALSE,SCHEDULED,1.000,PLANNED
MOV_001746,SYN_TRAIN_0146,FREIGHT,SEC_003,2026-09-14 17:10:00,2026-09-14 17:40:00,DOWN,HIGH,TRUE,SCHEDULED,1.000,PLANNED
MOV_001747,SYN_TRAIN_0147,EXPRESS,SEC_007,2026-09-15 17:10:00,2026-09-15 17:20:00,UP,MEDIUM,FALSE,SCHEDULED,1.000,PLANNED
MOV_001748,SYN_TRAIN_0148,PASSENGER,SEC_005,2026-09-18 22:40:00,2026-09-18 22:48:00,DOWN,HIGH,FALSE,SCHEDULED,1.000,PLANNED
MOV_001749,SYN_TRAIN_0149,EXPRESS,SEC_007,2026-09-18 19:40:00,2026-09-18 19:50:00,UP,MEDIUM,FALSE,SCHEDULED,1.000,PLANNED
MOV_001750,SYN_TRAIN_0150,EXPRESS,SEC_010,2026-09-17 18:15:00,2026-09-17 18:20:00,UP,MEDIUM,FALSE,SCHEDULED,1.000,PLANNED
MOV_001751,SYN_TRAIN_0151,PASSENGER,SEC_003,2026-09-19 05:40:00,2026-09-19 05:50:00,UP,LOW,FALSE,SCHEDULED,1.000,PLANNED
MOV_001752,SYN_TRAIN_0152,FREIGHT,SEC_006,2026-09-20 18:35:00,2026-09-20 18:40:00,DOWN,MEDIUM,TRUE,SCHEDULED,1.000,PLANNED
MOV_001753,SYN_TRAIN_0153,FREIGHT,SEC_008,2026-09-15 08:05:00,2026-09-15 08:13:00,UP,HIGH,TRUE,SCHEDULED,1.000,PLANNED
MOV_001754,SYN_TRAIN_0154,PASSENGER,SEC_008,2026-09-16 20:45:00,2026-09-16 21:00:00,UP,HIGH,FALSE,SCHEDULED,1.000,PLANNED
MOV_001755,SYN_TRAIN_0155,MAINTENANCE,SEC_006,2026-09-19 04:25:00,2026-09-19 04:50:00,UP,HIGH,FALSE,SCHEDULED,1.000,PLANNED
MOV_001756,SYN_TRAIN_0156,EXPRESS,SEC_010,2026-09-15 21:30:00,2026-09-15 21:40:00,DOWN,HIGH,FALSE,SCHEDULED,1.000,PLANNED
MOV_001757,SYN_TRAIN_0157,EXPRESS,SEC_002,2026-09-18 04:10:00,2026-09-18 04:15:00,UP,HIGH,FALSE,SCHEDULED,1.000,PLANNED
MOV_001758,SYN_TRAIN_0158,PASSENGER,SEC_001,2026-09-20 03:10:00,2026-09-20 03:15:00,UP,HIGH,FALSE,SCHEDULED,1.000,PLANNED
MOV_001759,SYN_TRAIN_0159,MAINTENANCE,SEC_001,2026-09-18 17:45:00,2026-09-18 17:55:00,UP,MEDIUM,FALSE,SCHEDULED,1.000,PLANNED
MOV_001760,SYN_TRAIN_0160,EXPRESS,SEC_002,2026-09-20 09:40:00,2026-09-20 09:50:00,DOWN,MEDIUM,FALSE,SCHEDULED,1.000,PLANNED
MOV_001761,SYN_TRAIN_0001,OTHER,SEC_001,2026-09-18 19:10:00,2026-09-18 19:22:00,UP,HIGH,FALSE,SCHEDULED,1.000,PLANNED
MOV_001762,SYN_TRAIN_0002,MAINTENANCE,SEC_002,2026-09-18 20:25:00,2026-09-18 20:55:00,UP,LOW,FALSE,SCHEDULED,1.000,PLANNED
MOV_001763,SYN_TRAIN_0003,PASSENGER,SEC_008,2026-09-15 19:35:00,2026-09-15 19:47:00,UP,MEDIUM,FALSE,SCHEDULED,1.000,PLANNED
MOV_001764,SYN_TRAIN_0004,PASSENGER,SEC_009,2026-09-15 11:55:00,2026-09-15 12:05:00,DOWN,MEDIUM,FALSE,SCHEDULED,1.000,PLANNED
MOV_001765,SYN_TRAIN_0005,FREIGHT,SEC_004,2026-09-14 01:55:00,2026-09-14 02:15:00,DOWN,HIGH,TRUE,SCHEDULED,1.000,PLANNED
MOV_001766,SYN_TRAIN_0006,PASSENGER,SEC_006,2026-09-17 11:00:00,2026-09-17 11:10:00,DOWN,MEDIUM,FALSE,SCHEDULED,1.000,PLANNED
MOV_001767,SYN_TRAIN_0007,EXPRESS,SEC_008,2026-09-17 18:00:00,2026-09-17 18:15:00,UP,HIGH,FALSE,SCHEDULED,1.000,PLANNED
MOV_001768,SYN_TRAIN_0008,PASSENGER,SEC_008,2026-09-17 13:00:00,2026-09-17 13:15:00,DOWN,MEDIUM,FALSE,SCHEDULED,1.000,PLANNED
MOV_001769,SYN_TRAIN_0009,MAINTENANCE,SEC_009,2026-09-17 02:20:00,2026-09-17 02:30:00,DOWN,LOW,FALSE,SCHEDULED,1.000,PLANNED
MOV_001770,SYN_TRAIN_0010,EXPRESS,SEC_008,2026-09-20 17:35:00,2026-09-20 17:43:00,DOWN,HIGH,FALSE,SCHEDULED,1.000,PLANNED
MOV_001771,SYN_TRAIN_0011,OTHER,SEC_008,2026-09-14 13:05:00,2026-09-14 13:15:00,UP,HIGH,FALSE,SCHEDULED,1.000,PLANNED
MOV_001772,SYN_TRAIN_0012,PASSENGER,SEC_009,2026-09-17 15:45:00,2026-09-17 16:05:00,UP,HIGH,FALSE,SCHEDULED,1.000,PLANNED
MOV_001773,SYN_TRAIN_0013,FREIGHT,SEC_010,2026-09-20 21:05:00,2026-09-20 21:15:00,UP,LOW,TRUE,SCHEDULED,1.000,PLANNED
MOV_001774,SYN_TRAIN_0014,MAINTENANCE,SEC_010,2026-09-18 08:50:00,2026-09-18 09:00:00,UP,LOW,FALSE,SCHEDULED,1.000,PLANNED
MOV_001775,SYN_TRAIN_0015,OTHER,SEC_006,2026-09-20 04:00:00,2026-09-20 04:05:00,UP,MEDIUM,FALSE,SCHEDULED,1.000,PLANNED
MOV_001776,SYN_TRAIN_0016,MAINTENANCE,SEC_001,2026-09-19 16:55:00,2026-09-19 17:15:00,UP,HIGH,FALSE,SCHEDULED,1.000,PLANNED
MOV_001777,SYN_TRAIN_0017,FREIGHT,SEC_001,2026-09-16 00:10:00,2026-09-16 00:30:00,UP,MEDIUM,TRUE,SCHEDULED,1.000,PLANNED
MOV_001778,SYN_TRAIN_0018,PASSENGER,SEC_008,2026-09-20 08:30:00,2026-09-20 08:38:00,UP,LOW,FALSE,SCHEDULED,1.000,PLANNED
MOV_001779,SYN_TRAIN_0019,FREIGHT,SEC_007,2026-09-20 13:15:00,2026-09-20 13:35:00,UP,MEDIUM,TRUE,SCHEDULED,1.000,PLANNED
MOV_001780,SYN_TRAIN_0020,MAINTENANCE,SEC_010,2026-09-18 20:05:00,2026-09-18 20:25:00,DOWN,HIGH,FALSE,SCHEDULED,1.000,PLANNED
MOV_001781,SYN_TRAIN_0021,FREIGHT,SEC_009,2026-09-14 13:15:00,2026-09-14 13:35:00,UP,LOW,TRUE,SCHEDULED,1.000,PLANNED
MOV_001782,SYN_TRAIN_0022,EXPRESS,SEC_007,2026-09-15 08:30:00,2026-09-15 09:00:00,UP,HIGH,FALSE,SCHEDULED,1.000,PLANNED
MOV_001783,SYN_TRAIN_0023,MAINTENANCE,SEC_001,2026-09-15 07:15:00,2026-09-15 07:20:00,UP,HIGH,FALSE,SCHEDULED,1.000,PLANNED
MOV_001784,SYN_TRAIN_0024,FREIGHT,SEC_004,2026-09-14 18:20:00,2026-09-14 18:25:00,DOWN,MEDIUM,TRUE,SCHEDULED,1.000,PLANNED
MOV_001785,SYN_TRAIN_0025,EXPRESS,SEC_010,2026-09-19 07:55:00,2026-09-19 08:03:00,UP,MEDIUM,FALSE,SCHEDULED,1.000,PLANNED
MOV_001786,SYN_TRAIN_0026,PASSENGER,SEC_002,2026-09-18 19:40:00,2026-09-18 19:52:00,DOWN,MEDIUM,FALSE,SCHEDULED,1.000,PLANNED
MOV_001787,SYN_TRAIN_0027,PASSENGER,SEC_004,2026-09-20 07:05:00,2026-09-20 07:20:00,DOWN,HIGH,FALSE,SCHEDULED,1.000,PLANNED
MOV_001788,SYN_TRAIN_0028,PASSENGER,SEC_004,2026-09-15 04:35:00,2026-09-15 04:50:00,DOWN,MEDIUM,FALSE,SCHEDULED,1.000,PLANNED
MOV_001789,SYN_TRAIN_0029,PASSENGER,SEC_010,2026-09-18 18:45:00,2026-09-18 18:57:00,UP,LOW,FALSE,SCHEDULED,1.000,PLANNED
MOV_001790,SYN_TRAIN_0030,EXPRESS,SEC_003,2026-09-19 15:30:00,2026-09-19 15:38:00,DOWN,HIGH,FALSE,SCHEDULED,1.000,PLANNED
MOV_001791,SYN_TRAIN_0031,EXPRESS,SEC_008,2026-09-16 06:30:00,2026-09-16 06:35:00,DOWN,LOW,FALSE,SCHEDULED,1.000,PLANNED
MOV_001792,SYN_TRAIN_0032,EXPRESS,SEC_004,2026-09-20 04:45:00,2026-09-20 04:57:00,UP,LOW,FALSE,SCHEDULED,1.000,PLANNED
MOV_001793,SYN_TRAIN_0033,PASSENGER,SEC_005,2026-09-15 01:20:00,2026-09-15 01:35:00,DOWN,MEDIUM,FALSE,SCHEDULED,1.000,PLANNED
MOV_001794,SYN_TRAIN_0034,PASSENGER,SEC_005,2026-09-20 23:35:00,2026-09-20 23:40:00,DOWN,HIGH,FALSE,SCHEDULED,1.000,PLANNED
MOV_001795,SYN_TRAIN_0035,EXPRESS,SEC_004,2026-09-14 20:15:00,2026-09-14 20:40:00,DOWN,LOW,FALSE,SCHEDULED,1.000,PLANNED
MOV_001796,SYN_TRAIN_0036,FREIGHT,SEC_004,2026-09-20 19:10:00,2026-09-20 19:18:00,UP,LOW,TRUE,SCHEDULED,1.000,PLANNED
MOV_001797,SYN_TRAIN_0037,OTHER,SEC_005,2026-09-17 23:30:00,2026-09-17 23:45:00,UP,MEDIUM,FALSE,SCHEDULED,1.000,PLANNED
MOV_001798,SYN_TRAIN_0038,PASSENGER,SEC_009,2026-09-14 15:30:00,2026-09-14 15:35:00,UP,HIGH,FALSE,SCHEDULED,1.000,PLANNED
MOV_001799,SYN_TRAIN_0039,EXPRESS,SEC_001,2026-09-17 04:30:00,2026-09-17 04:45:00,UP,LOW,FALSE,SCHEDULED,1.000,PLANNED
MOV_001800,SYN_TRAIN_0040,PASSENGER,SEC_010,2026-09-17 22:45:00,2026-09-17 23:15:00,DOWN,HIGH,FALSE,SCHEDULED,1.000,PLANNED
MOV_001801,SYN_TRAIN_0041,FREIGHT,SEC_003,2026-09-14 18:05:00,2026-09-14 18:15:00,DOWN,HIGH,TRUE,SCHEDULED,1.000,PLANNED
MOV_001802,SYN_TRAIN_0042,FREIGHT,SEC_010,2026-09-18 09:00:00,2026-09-18 09:05:00,DOWN,HIGH,TRUE,SCHEDULED,1.000,PLANNED
MOV_001803,SYN_TRAIN_0043,EXPRESS,SEC_007,2026-09-18 02:30:00,2026-09-18 02:45:00,DOWN,LOW,FALSE,SCHEDULED,1.000,PLANNED
MOV_001804,SYN_TRAIN_0044,FREIGHT,SEC_008,2026-09-20 14:35:00,2026-09-20 14:45:00,UP,LOW,TRUE,SCHEDULED,1.000,PLANNED
MOV_001805,SYN_TRAIN_0045,PASSENGER,SEC_009,2026-09-16 08:00:00,2026-09-16 08:12:00,DOWN,HIGH,FALSE,SCHEDULED,1.000,PLANNED
MOV_001806,SYN_TRAIN_0046,PASSENGER,SEC_002,2026-09-18 16:20:00,2026-09-18 16:40:00,UP,MEDIUM,FALSE,SCHEDULED,1.000,PLANNED
MOV_001807,SYN_TRAIN_0047,PASSENGER,SEC_002,2026-09-19 22:55:00,2026-09-19 23:03:00,UP,LOW,FALSE,SCHEDULED,1.000,PLANNED
MOV_001808,SYN_TRAIN_0048,PASSENGER,SEC_004,2026-09-19 08:10:00,2026-09-19 08:15:00,UP,MEDIUM,FALSE,SCHEDULED,1.000,PLANNED
MOV_001809,SYN_TRAIN_0049,PASSENGER,SEC_009,2026-09-17 19:10:00,2026-09-17 19:25:00,UP,MEDIUM,FALSE,SCHEDULED,1.000,PLANNED
MOV_001810,SYN_TRAIN_0050,PASSENGER,SEC_006,2026-09-15 16:55:00,2026-09-15 17:10:00,DOWN,LOW,FALSE,SCHEDULED,1.000,PLANNED
MOV_001811,SYN_TRAIN_0051,MAINTENANCE,SEC_010,2026-09-16 16:30:00,2026-09-16 16:35:00,UP,MEDIUM,FALSE,SCHEDULED,1.000,PLANNED
MOV_001812,SYN_TRAIN_0052,MAINTENANCE,SEC_006,2026-09-14 09:55:00,2026-09-14 10:05:00,DOWN,HIGH,FALSE,SCHEDULED,1.000,PLANNED
MOV_001813,SYN_TRAIN_0053,PASSENGER,SEC_007,2026-09-17 05:30:00,2026-09-17 06:00:00,UP,HIGH,FALSE,SCHEDULED,1.000,PLANNED
MOV_001814,SYN_TRAIN_0054,EXPRESS,SEC_004,2026-09-19 04:00:00,2026-09-19 04:08:00,DOWN,HIGH,FALSE,SCHEDULED,1.000,PLANNED
MOV_001815,SYN_TRAIN_0055,PASSENGER,SEC_004,2026-09-16 12:00:00,2026-09-16 12:25:00,DOWN,HIGH,FALSE,SCHEDULED,1.000,PLANNED
MOV_001816,SYN_TRAIN_0056,EXPRESS,SEC_002,2026-09-18 15:35:00,2026-09-18 15:43:00,UP,LOW,FALSE,SCHEDULED,1.000,PLANNED
MOV_001817,SYN_TRAIN_0057,EXPRESS,SEC_004,2026-09-17 15:05:00,2026-09-17 15:17:00,DOWN,LOW,FALSE,SCHEDULED,1.000,PLANNED
MOV_001818,SYN_TRAIN_0058,PASSENGER,SEC_007,2026-09-20 12:50:00,2026-09-20 12:58:00,DOWN,HIGH,FALSE,SCHEDULED,1.000,PLANNED
MOV_001819,SYN_TRAIN_0059,FREIGHT,SEC_006,2026-09-18 15:15:00,2026-09-18 15:27:00,UP,MEDIUM,TRUE,SCHEDULED,1.000,PLANNED
MOV_001820,SYN_TRAIN_0060,PASSENGER,SEC_003,2026-09-16 18:00:00,2026-09-16 18:10:00,DOWN,HIGH,FALSE,SCHEDULED,1.000,PLANNED
MOV_001821,SYN_TRAIN_0061,EXPRESS,SEC_010,2026-09-19 20:15:00,2026-09-19 20:20:00,DOWN,HIGH,FALSE,SCHEDULED,1.000,PLANNED
MOV_001822,SYN_TRAIN_0062,FREIGHT,SEC_007,2026-09-16 13:35:00,2026-09-16 13:55:00,DOWN,LOW,TRUE,SCHEDULED,1.000,PLANNED
MOV_001823,SYN_TRAIN_0063,FREIGHT,SEC_002,2026-09-15 11:45:00,2026-09-15 11:53:00,DOWN,MEDIUM,TRUE,SCHEDULED,1.000,PLANNED
MOV_001824,SYN_TRAIN_0064,OTHER,SEC_005,2026-09-19 11:50:00,2026-09-19 11:55:00,UP,MEDIUM,FALSE,SCHEDULED,1.000,PLANNED
MOV_001825,SYN_TRAIN_0065,PASSENGER,SEC_002,2026-09-19 19:05:00,2026-09-19 19:20:00,DOWN,HIGH,FALSE,SCHEDULED,1.000,PLANNED
MOV_001826,SYN_TRAIN_0066,PASSENGER,SEC_008,2026-09-19 14:50:00,2026-09-19 15:20:00,UP,HIGH,FALSE,SCHEDULED,1.000,PLANNED
MOV_001827,SYN_TRAIN_0067,PASSENGER,SEC_005,2026-09-18 15:20:00,2026-09-18 15:30:00,UP,MEDIUM,FALSE,SCHEDULED,1.000,PLANNED
MOV_001828,SYN_TRAIN_0068,OTHER,SEC_004,2026-09-16 18:15:00,2026-09-16 18:25:00,DOWN,MEDIUM,FALSE,SCHEDULED,1.000,PLANNED
MOV_001829,SYN_TRAIN_0069,PASSENGER,SEC_006,2026-09-17 06:00:00,2026-09-17 06:25:00,UP,MEDIUM,FALSE,SCHEDULED,1.000,PLANNED
MOV_001830,SYN_TRAIN_0070,FREIGHT,SEC_001,2026-09-20 10:50:00,2026-09-20 11:10:00,UP,LOW,TRUE,SCHEDULED,1.000,PLANNED
MOV_001831,SYN_TRAIN_0071,PASSENGER,SEC_001,2026-09-19 16:45:00,2026-09-19 16:53:00,UP,HIGH,FALSE,SCHEDULED,1.000,PLANNED
MOV_001832,SYN_TRAIN_0072,PASSENGER,SEC_005,2026-09-17 22:30:00,2026-09-17 22:35:00,DOWN,HIGH,FALSE,SCHEDULED,1.000,PLANNED
MOV_001833,SYN_TRAIN_0073,PASSENGER,SEC_007,2026-09-15 12:55:00,2026-09-15 13:20:00,UP,HIGH,FALSE,SCHEDULED,1.000,PLANNED
MOV_001834,SYN_TRAIN_0074,PASSENGER,SEC_002,2026-09-17 11:25:00,2026-09-17 11:30:00,DOWN,MEDIUM,FALSE,SCHEDULED,1.000,PLANNED
MOV_001835,SYN_TRAIN_0075,PASSENGER,SEC_003,2026-09-17 13:40:00,2026-09-17 13:48:00,UP,LOW,FALSE,SCHEDULED,1.000,PLANNED
MOV_001836,SYN_TRAIN_0076,EXPRESS,SEC_007,2026-09-14 20:00:00,2026-09-14 20:25:00,DOWN,LOW,FALSE,SCHEDULED,1.000,PLANNED
MOV_001837,SYN_TRAIN_0077,OTHER,SEC_005,2026-09-16 03:55:00,2026-09-16 04:20:00,DOWN,HIGH,FALSE,SCHEDULED,1.000,PLANNED
MOV_001838,SYN_TRAIN_0078,EXPRESS,SEC_006,2026-09-16 13:30:00,2026-09-16 13:50:00,UP,MEDIUM,FALSE,SCHEDULED,1.000,PLANNED
MOV_001839,SYN_TRAIN_0079,PASSENGER,SEC_002,2026-09-14 04:30:00,2026-09-14 04:35:00,UP,LOW,FALSE,SCHEDULED,1.000,PLANNED
MOV_001840,SYN_TRAIN_0080,PASSENGER,SEC_002,2026-09-14 04:35:00,2026-09-14 04:45:00,UP,MEDIUM,FALSE,SCHEDULED,1.000,PLANNED
MOV_001841,SYN_TRAIN_0081,OTHER,SEC_003,2026-09-20 18:30:00,2026-09-20 18:38:00,DOWN,MEDIUM,FALSE,SCHEDULED,1.000,PLANNED
MOV_001842,SYN_TRAIN_0082,FREIGHT,SEC_008,2026-09-20 11:00:00,2026-09-20 11:12:00,DOWN,LOW,TRUE,SCHEDULED,1.000,PLANNED
MOV_001843,SYN_TRAIN_0083,PASSENGER,SEC_010,2026-09-15 01:20:00,2026-09-15 01:45:00,DOWN,HIGH,FALSE,SCHEDULED,1.000,PLANNED
MOV_001844,SYN_TRAIN_0084,PASSENGER,SEC_008,2026-09-16 11:25:00,2026-09-16 11:37:00,DOWN,LOW,FALSE,SCHEDULED,1.000,PLANNED
MOV_001845,SYN_TRAIN_0085,MAINTENANCE,SEC_002,2026-09-18 15:15:00,2026-09-18 15:40:00,DOWN,HIGH,FALSE,SCHEDULED,1.000,PLANNED
MOV_001846,SYN_TRAIN_0086,PASSENGER,SEC_008,2026-09-15 05:55:00,2026-09-15 06:10:00,UP,HIGH,FALSE,SCHEDULED,1.000,PLANNED
MOV_001847,SYN_TRAIN_0087,FREIGHT,SEC_008,2026-09-20 01:35:00,2026-09-20 01:50:00,UP,HIGH,TRUE,SCHEDULED,1.000,PLANNED
MOV_001848,SYN_TRAIN_0088,EXPRESS,SEC_008,2026-09-18 08:15:00,2026-09-18 08:20:00,DOWN,MEDIUM,FALSE,SCHEDULED,1.000,PLANNED
MOV_001849,SYN_TRAIN_0089,PASSENGER,SEC_006,2026-09-17 13:10:00,2026-09-17 13:35:00,UP,LOW,FALSE,SCHEDULED,1.000,PLANNED
MOV_001850,SYN_TRAIN_0090,MAINTENANCE,SEC_001,2026-09-20 16:00:00,2026-09-20 16:15:00,DOWN,LOW,FALSE,SCHEDULED,1.000,PLANNED
MOV_001851,SYN_TRAIN_0091,FREIGHT,SEC_006,2026-09-18 14:10:00,2026-09-18 14:18:00,DOWN,LOW,TRUE,SCHEDULED,1.000,PLANNED
MOV_001852,SYN_TRAIN_0092,EXPRESS,SEC_003,2026-09-18 07:20:00,2026-09-18 07:28:00,UP,LOW,FALSE,SCHEDULED,1.000,PLANNED
MOV_001853,SYN_TRAIN_0093,OTHER,SEC_007,2026-09-20 09:45:00,2026-09-20 09:55:00,UP,HIGH,FALSE,SCHEDULED,1.000,PLANNED
MOV_001854,SYN_TRAIN_0094,FREIGHT,SEC_007,2026-09-19 13:10:00,2026-09-19 13:30:00,DOWN,LOW,TRUE,SCHEDULED,1.000,PLANNED
MOV_001855,SYN_TRAIN_0095,EXPRESS,SEC_009,2026-09-20 23:50:00,2026-09-21 00:00:00,DOWN,MEDIUM,FALSE,SCHEDULED,1.000,PLANNED
MOV_001856,SYN_TRAIN_0096,FREIGHT,SEC_002,2026-09-16 20:55:00,2026-09-16 21:07:00,DOWN,MEDIUM,TRUE,SCHEDULED,1.000,PLANNED
MOV_001857,SYN_TRAIN_0097,OTHER,SEC_008,2026-09-17 09:30:00,2026-09-17 09:40:00,UP,MEDIUM,FALSE,SCHEDULED,1.000,PLANNED
MOV_001858,SYN_TRAIN_0098,EXPRESS,SEC_002,2026-09-20 14:25:00,2026-09-20 14:30:00,UP,LOW,FALSE,SCHEDULED,1.000,PLANNED
MOV_001859,SYN_TRAIN_0099,PASSENGER,SEC_010,2026-09-18 21:30:00,2026-09-18 21:35:00,DOWN,MEDIUM,FALSE,SCHEDULED,1.000,PLANNED
MOV_001860,SYN_TRAIN_0100,PASSENGER,SEC_002,2026-09-20 21:10:00,2026-09-20 21:20:00,DOWN,MEDIUM,FALSE,SCHEDULED,1.000,PLANNED
MOV_001861,SYN_TRAIN_0101,PASSENGER,SEC_010,2026-09-17 11:10:00,2026-09-17 11:15:00,UP,LOW,FALSE,SCHEDULED,1.000,PLANNED
MOV_001862,SYN_TRAIN_0102,EXPRESS,SEC_005,2026-09-16 20:55:00,2026-09-16 21:15:00,DOWN,HIGH,FALSE,SCHEDULED,1.000,PLANNED
MOV_001863,SYN_TRAIN_0103,OTHER,SEC_007,2026-09-14 21:10:00,2026-09-14 21:35:00,DOWN,LOW,FALSE,SCHEDULED,1.000,PLANNED
MOV_001864,SYN_TRAIN_0104,OTHER,SEC_002,2026-09-18 09:20:00,2026-09-18 09:40:00,DOWN,LOW,FALSE,SCHEDULED,1.000,PLANNED
MOV_001865,SYN_TRAIN_0105,FREIGHT,SEC_004,2026-09-16 04:15:00,2026-09-16 04:27:00,DOWN,LOW,TRUE,SCHEDULED,1.000,PLANNED
MOV_001866,SYN_TRAIN_0106,PASSENGER,SEC_002,2026-09-19 01:20:00,2026-09-19 01:35:00,DOWN,MEDIUM,FALSE,SCHEDULED,1.000,PLANNED
MOV_001867,SYN_TRAIN_0107,PASSENGER,SEC_008,2026-09-20 21:05:00,2026-09-20 21:10:00,DOWN,LOW,FALSE,SCHEDULED,1.000,PLANNED
MOV_001868,SYN_TRAIN_0108,EXPRESS,SEC_007,2026-09-20 21:25:00,2026-09-20 21:50:00,DOWN,LOW,FALSE,SCHEDULED,1.000,PLANNED
MOV_001869,SYN_TRAIN_0109,EXPRESS,SEC_005,2026-09-15 07:30:00,2026-09-15 08:00:00,UP,HIGH,FALSE,SCHEDULED,1.000,PLANNED
MOV_001870,SYN_TRAIN_0110,EXPRESS,SEC_004,2026-09-14 18:45:00,2026-09-14 19:05:00,UP,HIGH,FALSE,SCHEDULED,1.000,PLANNED
MOV_001871,SYN_TRAIN_0111,PASSENGER,SEC_001,2026-09-15 20:05:00,2026-09-15 20:10:00,UP,LOW,FALSE,SCHEDULED,1.000,PLANNED
MOV_001872,SYN_TRAIN_0112,PASSENGER,SEC_008,2026-09-15 05:50:00,2026-09-15 06:02:00,UP,LOW,FALSE,SCHEDULED,1.000,PLANNED
MOV_001873,SYN_TRAIN_0113,PASSENGER,SEC_009,2026-09-18 18:10:00,2026-09-18 18:15:00,UP,LOW,FALSE,SCHEDULED,1.000,PLANNED
MOV_001874,SYN_TRAIN_0114,FREIGHT,SEC_004,2026-09-15 16:55:00,2026-09-15 17:00:00,DOWN,HIGH,TRUE,SCHEDULED,1.000,PLANNED
MOV_001875,SYN_TRAIN_0115,FREIGHT,SEC_001,2026-09-15 15:40:00,2026-09-15 16:00:00,DOWN,LOW,TRUE,SCHEDULED,1.000,PLANNED
MOV_001876,SYN_TRAIN_0116,PASSENGER,SEC_003,2026-09-18 00:20:00,2026-09-18 00:25:00,DOWN,HIGH,FALSE,SCHEDULED,1.000,PLANNED
MOV_001877,SYN_TRAIN_0117,PASSENGER,SEC_006,2026-09-17 19:40:00,2026-09-17 19:50:00,DOWN,MEDIUM,FALSE,SCHEDULED,1.000,PLANNED
MOV_001878,SYN_TRAIN_0118,PASSENGER,SEC_002,2026-09-15 18:05:00,2026-09-15 18:17:00,UP,LOW,FALSE,SCHEDULED,1.000,PLANNED
MOV_001879,SYN_TRAIN_0119,PASSENGER,SEC_007,2026-09-17 18:30:00,2026-09-17 18:35:00,DOWN,MEDIUM,FALSE,SCHEDULED,1.000,PLANNED
MOV_001880,SYN_TRAIN_0120,EXPRESS,SEC_006,2026-09-17 18:05:00,2026-09-17 18:30:00,UP,LOW,FALSE,SCHEDULED,1.000,PLANNED
MOV_001881,SYN_TRAIN_0121,FREIGHT,SEC_004,2026-09-18 18:10:00,2026-09-18 18:20:00,UP,LOW,TRUE,SCHEDULED,1.000,PLANNED
MOV_001882,SYN_TRAIN_0122,FREIGHT,SEC_009,2026-09-15 19:55:00,2026-09-15 20:10:00,DOWN,LOW,TRUE,SCHEDULED,1.000,PLANNED
MOV_001883,SYN_TRAIN_0123,EXPRESS,SEC_009,2026-09-16 16:25:00,2026-09-16 16:37:00,DOWN,HIGH,FALSE,SCHEDULED,1.000,PLANNED
MOV_001884,SYN_TRAIN_0124,MAINTENANCE,SEC_004,2026-09-16 19:50:00,2026-09-16 20:10:00,DOWN,HIGH,FALSE,SCHEDULED,1.000,PLANNED
MOV_001885,SYN_TRAIN_0125,FREIGHT,SEC_007,2026-09-18 07:35:00,2026-09-18 07:55:00,DOWN,MEDIUM,TRUE,SCHEDULED,1.000,PLANNED
MOV_001886,SYN_TRAIN_0126,PASSENGER,SEC_003,2026-09-20 03:45:00,2026-09-20 04:10:00,DOWN,HIGH,FALSE,SCHEDULED,1.000,PLANNED
MOV_001887,SYN_TRAIN_0127,FREIGHT,SEC_010,2026-09-18 10:40:00,2026-09-18 10:45:00,UP,HIGH,TRUE,SCHEDULED,1.000,PLANNED
MOV_001888,SYN_TRAIN_0128,EXPRESS,SEC_005,2026-09-20 01:40:00,2026-09-20 01:48:00,DOWN,MEDIUM,FALSE,SCHEDULED,1.000,PLANNED
MOV_001889,SYN_TRAIN_0129,MAINTENANCE,SEC_008,2026-09-14 16:15:00,2026-09-14 16:30:00,UP,MEDIUM,FALSE,SCHEDULED,1.000,PLANNED
MOV_001890,SYN_TRAIN_0130,EXPRESS,SEC_007,2026-09-14 14:30:00,2026-09-14 14:40:00,DOWN,LOW,FALSE,SCHEDULED,1.000,PLANNED
MOV_001891,SYN_TRAIN_0131,EXPRESS,SEC_004,2026-09-14 19:35:00,2026-09-14 19:43:00,DOWN,MEDIUM,FALSE,SCHEDULED,1.000,PLANNED
MOV_001892,SYN_TRAIN_0132,EXPRESS,SEC_003,2026-09-19 21:55:00,2026-09-19 22:15:00,UP,LOW,FALSE,SCHEDULED,1.000,PLANNED
MOV_001893,SYN_TRAIN_0133,PASSENGER,SEC_002,2026-09-15 20:05:00,2026-09-15 20:15:00,UP,LOW,FALSE,SCHEDULED,1.000,PLANNED
MOV_001894,SYN_TRAIN_0134,PASSENGER,SEC_005,2026-09-19 16:15:00,2026-09-19 16:35:00,UP,HIGH,FALSE,SCHEDULED,1.000,PLANNED
MOV_001895,SYN_TRAIN_0135,EXPRESS,SEC_003,2026-09-18 12:35:00,2026-09-18 12:55:00,DOWN,HIGH,FALSE,SCHEDULED,1.000,PLANNED
MOV_001896,SYN_TRAIN_0136,PASSENGER,SEC_008,2026-09-18 20:20:00,2026-09-18 20:28:00,UP,HIGH,FALSE,SCHEDULED,1.000,PLANNED
MOV_001897,SYN_TRAIN_0137,EXPRESS,SEC_003,2026-09-20 19:55:00,2026-09-20 20:00:00,UP,LOW,FALSE,SCHEDULED,1.000,PLANNED
MOV_001898,SYN_TRAIN_0138,PASSENGER,SEC_008,2026-09-20 14:15:00,2026-09-20 14:23:00,DOWN,LOW,FALSE,SCHEDULED,1.000,PLANNED
MOV_001899,SYN_TRAIN_0139,EXPRESS,SEC_008,2026-09-20 09:20:00,2026-09-20 09:25:00,DOWN,LOW,FALSE,SCHEDULED,1.000,PLANNED
MOV_001900,SYN_TRAIN_0140,FREIGHT,SEC_007,2026-09-19 12:00:00,2026-09-19 12:15:00,UP,LOW,TRUE,SCHEDULED,1.000,PLANNED
MOV_001901,SYN_TRAIN_0141,PASSENGER,SEC_003,2026-09-16 18:45:00,2026-09-16 18:50:00,UP,HIGH,FALSE,SCHEDULED,1.000,PLANNED
MOV_001902,SYN_TRAIN_0142,FREIGHT,SEC_004,2026-09-18 14:10:00,2026-09-18 14:15:00,DOWN,LOW,TRUE,SCHEDULED,1.000,PLANNED
MOV_001903,SYN_TRAIN_0143,PASSENGER,SEC_006,2026-09-16 11:15:00,2026-09-16 11:45:00,UP,LOW,FALSE,SCHEDULED,1.000,PLANNED
MOV_001904,SYN_TRAIN_0144,PASSENGER,SEC_007,2026-09-15 10:20:00,2026-09-15 10:28:00,DOWN,MEDIUM,FALSE,SCHEDULED,1.000,PLANNED
MOV_001905,SYN_TRAIN_0145,MAINTENANCE,SEC_005,2026-09-14 18:00:00,2026-09-14 18:30:00,UP,MEDIUM,FALSE,SCHEDULED,1.000,PLANNED
MOV_001906,SYN_TRAIN_0146,PASSENGER,SEC_008,2026-09-18 00:40:00,2026-09-18 01:05:00,DOWN,MEDIUM,FALSE,SCHEDULED,1.000,PLANNED
MOV_001907,SYN_TRAIN_0147,PASSENGER,SEC_007,2026-09-17 17:30:00,2026-09-17 17:50:00,UP,HIGH,FALSE,SCHEDULED,1.000,PLANNED
MOV_001908,SYN_TRAIN_0148,PASSENGER,SEC_005,2026-09-16 07:55:00,2026-09-16 08:05:00,DOWN,LOW,FALSE,SCHEDULED,1.000,PLANNED
MOV_001909,SYN_TRAIN_0149,PASSENGER,SEC_008,2026-09-20 18:30:00,2026-09-20 18:45:00,DOWN,HIGH,FALSE,SCHEDULED,1.000,PLANNED
MOV_001910,SYN_TRAIN_0150,FREIGHT,SEC_007,2026-09-15 18:25:00,2026-09-15 18:40:00,UP,LOW,TRUE,SCHEDULED,1.000,PLANNED
MOV_001911,SYN_TRAIN_0151,PASSENGER,SEC_007,2026-09-14 06:20:00,2026-09-14 06:32:00,DOWN,MEDIUM,FALSE,SCHEDULED,1.000,PLANNED
MOV_001912,SYN_TRAIN_0152,PASSENGER,SEC_008,2026-09-16 15:45:00,2026-09-16 16:15:00,DOWN,MEDIUM,FALSE,SCHEDULED,1.000,PLANNED
MOV_001913,SYN_TRAIN_0153,PASSENGER,SEC_009,2026-09-15 01:55:00,2026-09-15 02:15:00,UP,LOW,FALSE,SCHEDULED,1.000,PLANNED
MOV_001914,SYN_TRAIN_0154,EXPRESS,SEC_001,2026-09-19 09:15:00,2026-09-19 09:23:00,UP,HIGH,FALSE,SCHEDULED,1.000,PLANNED
MOV_001915,SYN_TRAIN_0155,PASSENGER,SEC_004,2026-09-14 08:00:00,2026-09-14 08:20:00,DOWN,MEDIUM,FALSE,SCHEDULED,1.000,PLANNED
MOV_001916,SYN_TRAIN_0156,FREIGHT,SEC_002,2026-09-16 04:55:00,2026-09-16 05:25:00,DOWN,HIGH,TRUE,SCHEDULED,1.000,PLANNED
MOV_001917,SYN_TRAIN_0157,PASSENGER,SEC_006,2026-09-20 08:00:00,2026-09-20 08:08:00,UP,MEDIUM,FALSE,SCHEDULED,1.000,PLANNED
MOV_001918,SYN_TRAIN_0158,FREIGHT,SEC_008,2026-09-18 09:05:00,2026-09-18 09:30:00,DOWN,HIGH,TRUE,SCHEDULED,1.000,PLANNED
MOV_001919,SYN_TRAIN_0159,FREIGHT,SEC_005,2026-09-18 06:10:00,2026-09-18 06:15:00,DOWN,LOW,TRUE,SCHEDULED,1.000,PLANNED
MOV_001920,SYN_TRAIN_0160,EXPRESS,SEC_005,2026-09-19 05:15:00,2026-09-19 05:45:00,UP,LOW,FALSE,SCHEDULED,1.000,PLANNED
MOV_001921,SYN_TRAIN_0001,PASSENGER,SEC_005,2026-09-20 17:10:00,2026-09-20 17:30:00,UP,MEDIUM,FALSE,SCHEDULED,1.000,PLANNED
MOV_001922,SYN_TRAIN_0002,PASSENGER,SEC_008,2026-09-15 20:45:00,2026-09-15 21:10:00,DOWN,HIGH,FALSE,SCHEDULED,1.000,PLANNED
MOV_001923,SYN_TRAIN_0003,MAINTENANCE,SEC_003,2026-09-15 19:30:00,2026-09-15 19:35:00,UP,HIGH,FALSE,SCHEDULED,1.000,PLANNED
MOV_001924,SYN_TRAIN_0004,PASSENGER,SEC_004,2026-09-18 01:15:00,2026-09-18 01:27:00,DOWN,HIGH,FALSE,SCHEDULED,1.000,PLANNED
MOV_001925,SYN_TRAIN_0005,MAINTENANCE,SEC_004,2026-09-14 10:20:00,2026-09-14 10:35:00,UP,LOW,FALSE,SCHEDULED,1.000,PLANNED
MOV_001926,SYN_TRAIN_0006,PASSENGER,SEC_005,2026-09-17 19:30:00,2026-09-17 19:55:00,DOWN,HIGH,FALSE,SCHEDULED,1.000,PLANNED
MOV_001927,SYN_TRAIN_0007,PASSENGER,SEC_006,2026-09-20 09:25:00,2026-09-20 09:40:00,UP,MEDIUM,FALSE,SCHEDULED,1.000,PLANNED
MOV_001928,SYN_TRAIN_0008,FREIGHT,SEC_005,2026-09-18 05:25:00,2026-09-18 05:55:00,DOWN,MEDIUM,TRUE,SCHEDULED,1.000,PLANNED
MOV_001929,SYN_TRAIN_0009,PASSENGER,SEC_001,2026-09-15 11:15:00,2026-09-15 11:20:00,UP,LOW,FALSE,SCHEDULED,1.000,PLANNED
MOV_001930,SYN_TRAIN_0010,PASSENGER,SEC_007,2026-09-15 01:15:00,2026-09-15 01:25:00,UP,MEDIUM,FALSE,SCHEDULED,1.000,PLANNED
MOV_001931,SYN_TRAIN_0011,EXPRESS,SEC_007,2026-09-18 10:10:00,2026-09-18 10:25:00,UP,MEDIUM,FALSE,SCHEDULED,1.000,PLANNED
MOV_001932,SYN_TRAIN_0012,EXPRESS,SEC_003,2026-09-20 18:50:00,2026-09-20 19:05:00,UP,HIGH,FALSE,SCHEDULED,1.000,PLANNED
MOV_001933,SYN_TRAIN_0013,FREIGHT,SEC_007,2026-09-19 09:00:00,2026-09-19 09:30:00,DOWN,HIGH,TRUE,SCHEDULED,1.000,PLANNED
MOV_001934,SYN_TRAIN_0014,PASSENGER,SEC_010,2026-09-19 07:15:00,2026-09-19 07:20:00,UP,LOW,FALSE,SCHEDULED,1.000,PLANNED
MOV_001935,SYN_TRAIN_0015,PASSENGER,SEC_006,2026-09-16 22:50:00,2026-09-16 23:00:00,UP,HIGH,FALSE,SCHEDULED,1.000,PLANNED
MOV_001936,SYN_TRAIN_0016,FREIGHT,SEC_001,2026-09-16 16:40:00,2026-09-16 17:05:00,UP,MEDIUM,TRUE,SCHEDULED,1.000,PLANNED
MOV_001937,SYN_TRAIN_0017,FREIGHT,SEC_004,2026-09-16 06:00:00,2026-09-16 06:08:00,UP,HIGH,TRUE,SCHEDULED,1.000,PLANNED
MOV_001938,SYN_TRAIN_0018,EXPRESS,SEC_007,2026-09-17 11:30:00,2026-09-17 11:40:00,UP,HIGH,FALSE,SCHEDULED,1.000,PLANNED
MOV_001939,SYN_TRAIN_0019,PASSENGER,SEC_008,2026-09-17 12:50:00,2026-09-17 12:55:00,UP,LOW,FALSE,SCHEDULED,1.000,PLANNED
MOV_001940,SYN_TRAIN_0020,PASSENGER,SEC_007,2026-09-16 19:50:00,2026-09-16 19:55:00,UP,HIGH,FALSE,SCHEDULED,1.000,PLANNED
MOV_001941,SYN_TRAIN_0021,OTHER,SEC_004,2026-09-15 06:20:00,2026-09-15 06:28:00,UP,MEDIUM,FALSE,SCHEDULED,1.000,PLANNED
MOV_001942,SYN_TRAIN_0022,PASSENGER,SEC_009,2026-09-19 23:50:00,2026-09-20 00:15:00,UP,LOW,FALSE,SCHEDULED,1.000,PLANNED
MOV_001943,SYN_TRAIN_0023,OTHER,SEC_001,2026-09-16 22:35:00,2026-09-16 22:47:00,UP,LOW,FALSE,SCHEDULED,1.000,PLANNED
MOV_001944,SYN_TRAIN_0024,FREIGHT,SEC_007,2026-09-14 08:20:00,2026-09-14 08:50:00,DOWN,MEDIUM,TRUE,SCHEDULED,1.000,PLANNED
MOV_001945,SYN_TRAIN_0025,FREIGHT,SEC_005,2026-09-20 07:45:00,2026-09-20 08:10:00,DOWN,LOW,TRUE,SCHEDULED,1.000,PLANNED
MOV_001946,SYN_TRAIN_0026,PASSENGER,SEC_007,2026-09-16 11:15:00,2026-09-16 11:40:00,UP,HIGH,FALSE,SCHEDULED,1.000,PLANNED
MOV_001947,SYN_TRAIN_0027,PASSENGER,SEC_008,2026-09-20 17:45:00,2026-09-20 18:05:00,DOWN,HIGH,FALSE,SCHEDULED,1.000,PLANNED
MOV_001948,SYN_TRAIN_0028,EXPRESS,SEC_010,2026-09-18 22:05:00,2026-09-18 22:35:00,DOWN,LOW,FALSE,SCHEDULED,1.000,PLANNED
MOV_001949,SYN_TRAIN_0029,FREIGHT,SEC_003,2026-09-19 23:50:00,2026-09-20 00:10:00,UP,LOW,TRUE,SCHEDULED,1.000,PLANNED
MOV_001950,SYN_TRAIN_0030,FREIGHT,SEC_004,2026-09-17 08:05:00,2026-09-17 08:10:00,DOWN,HIGH,TRUE,SCHEDULED,1.000,PLANNED
MOV_001951,SYN_TRAIN_0031,PASSENGER,SEC_001,2026-09-15 12:50:00,2026-09-15 13:10:00,DOWN,MEDIUM,FALSE,SCHEDULED,1.000,PLANNED
MOV_001952,SYN_TRAIN_0032,EXPRESS,SEC_006,2026-09-19 20:35:00,2026-09-19 21:05:00,DOWN,HIGH,FALSE,SCHEDULED,1.000,PLANNED
MOV_001953,SYN_TRAIN_0033,PASSENGER,SEC_002,2026-09-19 03:10:00,2026-09-19 03:18:00,DOWN,HIGH,FALSE,SCHEDULED,1.000,PLANNED
MOV_001954,SYN_TRAIN_0034,FREIGHT,SEC_002,2026-09-20 22:50:00,2026-09-20 23:02:00,UP,MEDIUM,TRUE,SCHEDULED,1.000,PLANNED
MOV_001955,SYN_TRAIN_0035,PASSENGER,SEC_010,2026-09-15 02:40:00,2026-09-15 02:48:00,UP,LOW,FALSE,SCHEDULED,1.000,PLANNED
MOV_001956,SYN_TRAIN_0036,MAINTENANCE,SEC_001,2026-09-19 07:35:00,2026-09-19 08:05:00,DOWN,MEDIUM,FALSE,SCHEDULED,1.000,PLANNED
MOV_001957,SYN_TRAIN_0037,PASSENGER,SEC_008,2026-09-19 02:15:00,2026-09-19 02:35:00,UP,HIGH,FALSE,SCHEDULED,1.000,PLANNED
MOV_001958,SYN_TRAIN_0038,PASSENGER,SEC_002,2026-09-16 22:45:00,2026-09-16 22:50:00,UP,HIGH,FALSE,SCHEDULED,1.000,PLANNED
MOV_001959,SYN_TRAIN_0039,FREIGHT,SEC_007,2026-09-19 08:45:00,2026-09-19 09:10:00,DOWN,HIGH,TRUE,SCHEDULED,1.000,PLANNED
MOV_001960,SYN_TRAIN_0040,EXPRESS,SEC_002,2026-09-17 22:40:00,2026-09-17 22:55:00,UP,LOW,FALSE,SCHEDULED,1.000,PLANNED
MOV_001961,SYN_TRAIN_0041,FREIGHT,SEC_002,2026-09-17 05:10:00,2026-09-17 05:18:00,DOWN,MEDIUM,TRUE,SCHEDULED,1.000,PLANNED
MOV_001962,SYN_TRAIN_0042,FREIGHT,SEC_007,2026-09-17 09:25:00,2026-09-17 09:50:00,DOWN,MEDIUM,TRUE,SCHEDULED,1.000,PLANNED
MOV_001963,SYN_TRAIN_0043,OTHER,SEC_007,2026-09-14 15:30:00,2026-09-14 15:38:00,DOWN,MEDIUM,FALSE,SCHEDULED,1.000,PLANNED
MOV_001964,SYN_TRAIN_0044,PASSENGER,SEC_008,2026-09-15 22:35:00,2026-09-15 22:47:00,DOWN,HIGH,FALSE,SCHEDULED,1.000,PLANNED
MOV_001965,SYN_TRAIN_0045,PASSENGER,SEC_004,2026-09-20 15:40:00,2026-09-20 15:52:00,UP,MEDIUM,FALSE,SCHEDULED,1.000,PLANNED
MOV_001966,SYN_TRAIN_0046,PASSENGER,SEC_003,2026-09-18 06:10:00,2026-09-18 06:18:00,UP,LOW,FALSE,SCHEDULED,1.000,PLANNED
MOV_001967,SYN_TRAIN_0047,FREIGHT,SEC_001,2026-09-17 07:15:00,2026-09-17 07:20:00,UP,MEDIUM,TRUE,SCHEDULED,1.000,PLANNED
MOV_001968,SYN_TRAIN_0048,FREIGHT,SEC_006,2026-09-14 13:00:00,2026-09-14 13:05:00,DOWN,LOW,TRUE,SCHEDULED,1.000,PLANNED
MOV_001969,SYN_TRAIN_0049,PASSENGER,SEC_006,2026-09-14 06:00:00,2026-09-14 06:10:00,UP,MEDIUM,FALSE,SCHEDULED,1.000,PLANNED
MOV_001970,SYN_TRAIN_0050,PASSENGER,SEC_006,2026-09-17 05:20:00,2026-09-17 05:40:00,UP,LOW,FALSE,SCHEDULED,1.000,PLANNED
MOV_001971,SYN_TRAIN_0051,PASSENGER,SEC_010,2026-09-19 05:15:00,2026-09-19 05:23:00,DOWN,MEDIUM,FALSE,SCHEDULED,1.000,PLANNED
MOV_001972,SYN_TRAIN_0052,OTHER,SEC_008,2026-09-16 20:15:00,2026-09-16 20:23:00,DOWN,LOW,FALSE,SCHEDULED,1.000,PLANNED
MOV_001973,SYN_TRAIN_0053,OTHER,SEC_010,2026-09-18 18:20:00,2026-09-18 18:40:00,DOWN,LOW,FALSE,SCHEDULED,1.000,PLANNED
MOV_001974,SYN_TRAIN_0054,PASSENGER,SEC_003,2026-09-15 18:05:00,2026-09-15 18:25:00,DOWN,LOW,FALSE,SCHEDULED,1.000,PLANNED
MOV_001975,SYN_TRAIN_0055,PASSENGER,SEC_008,2026-09-17 16:55:00,2026-09-17 17:15:00,UP,HIGH,FALSE,SCHEDULED,1.000,PLANNED
MOV_001976,SYN_TRAIN_0056,FREIGHT,SEC_007,2026-09-17 09:00:00,2026-09-17 09:05:00,UP,LOW,TRUE,SCHEDULED,1.000,PLANNED
MOV_001977,SYN_TRAIN_0057,FREIGHT,SEC_008,2026-09-14 17:10:00,2026-09-14 17:15:00,DOWN,MEDIUM,TRUE,SCHEDULED,1.000,PLANNED
MOV_001978,SYN_TRAIN_0058,EXPRESS,SEC_010,2026-09-16 13:10:00,2026-09-16 13:30:00,DOWN,MEDIUM,FALSE,SCHEDULED,1.000,PLANNED
MOV_001979,SYN_TRAIN_0059,MAINTENANCE,SEC_006,2026-09-20 04:15:00,2026-09-20 04:20:00,UP,HIGH,FALSE,SCHEDULED,1.000,PLANNED
MOV_001980,SYN_TRAIN_0060,PASSENGER,SEC_003,2026-09-19 12:55:00,2026-09-19 13:07:00,UP,MEDIUM,FALSE,SCHEDULED,1.000,PLANNED
MOV_001981,SYN_TRAIN_0061,FREIGHT,SEC_003,2026-09-18 16:00:00,2026-09-18 16:05:00,DOWN,HIGH,TRUE,SCHEDULED,1.000,PLANNED
MOV_001982,SYN_TRAIN_0062,FREIGHT,SEC_005,2026-09-20 12:20:00,2026-09-20 12:40:00,DOWN,MEDIUM,TRUE,SCHEDULED,1.000,PLANNED
MOV_001983,SYN_TRAIN_0063,PASSENGER,SEC_008,2026-09-18 06:50:00,2026-09-18 07:00:00,DOWN,MEDIUM,FALSE,SCHEDULED,1.000,PLANNED
MOV_001984,SYN_TRAIN_0064,FREIGHT,SEC_007,2026-09-14 08:30:00,2026-09-14 08:38:00,DOWN,HIGH,TRUE,SCHEDULED,1.000,PLANNED
MOV_001985,SYN_TRAIN_0065,FREIGHT,SEC_008,2026-09-18 17:10:00,2026-09-18 17:25:00,UP,MEDIUM,TRUE,SCHEDULED,1.000,PLANNED
MOV_001986,SYN_TRAIN_0066,PASSENGER,SEC_006,2026-09-19 16:00:00,2026-09-19 16:10:00,UP,LOW,FALSE,SCHEDULED,1.000,PLANNED
MOV_001987,SYN_TRAIN_0067,EXPRESS,SEC_008,2026-09-17 18:00:00,2026-09-17 18:08:00,UP,HIGH,FALSE,SCHEDULED,1.000,PLANNED
MOV_001988,SYN_TRAIN_0068,PASSENGER,SEC_008,2026-09-16 18:20:00,2026-09-16 18:30:00,UP,LOW,FALSE,SCHEDULED,1.000,PLANNED
MOV_001989,SYN_TRAIN_0069,EXPRESS,SEC_003,2026-09-14 06:55:00,2026-09-14 07:05:00,UP,MEDIUM,FALSE,SCHEDULED,1.000,PLANNED
MOV_001990,SYN_TRAIN_0070,PASSENGER,SEC_008,2026-09-14 14:40:00,2026-09-14 14:55:00,DOWN,HIGH,FALSE,SCHEDULED,1.000,PLANNED
MOV_001991,SYN_TRAIN_0071,PASSENGER,SEC_009,2026-09-19 00:00:00,2026-09-19 00:12:00,DOWN,LOW,FALSE,SCHEDULED,1.000,PLANNED
MOV_001992,SYN_TRAIN_0072,FREIGHT,SEC_010,2026-09-18 17:10:00,2026-09-18 17:25:00,DOWN,HIGH,TRUE,SCHEDULED,1.000,PLANNED
MOV_001993,SYN_TRAIN_0073,PASSENGER,SEC_003,2026-09-15 07:40:00,2026-09-15 08:00:00,DOWN,MEDIUM,FALSE,SCHEDULED,1.000,PLANNED
MOV_001994,SYN_TRAIN_0074,FREIGHT,SEC_002,2026-09-15 05:05:00,2026-09-15 05:25:00,DOWN,LOW,TRUE,SCHEDULED,1.000,PLANNED
MOV_001995,SYN_TRAIN_0075,PASSENGER,SEC_001,2026-09-14 14:40:00,2026-09-14 14:50:00,UP,LOW,FALSE,SCHEDULED,1.000,PLANNED
MOV_001996,SYN_TRAIN_0076,EXPRESS,SEC_004,2026-09-15 08:50:00,2026-09-15 09:20:00,DOWN,MEDIUM,FALSE,SCHEDULED,1.000,PLANNED
MOV_001997,SYN_TRAIN_0077,PASSENGER,SEC_006,2026-09-16 18:10:00,2026-09-16 18:22:00,DOWN,LOW,FALSE,SCHEDULED,1.000,PLANNED
MOV_001998,SYN_TRAIN_0078,FREIGHT,SEC_007,2026-09-18 22:10:00,2026-09-18 22:40:00,DOWN,LOW,TRUE,SCHEDULED,1.000,PLANNED
MOV_001999,SYN_TRAIN_0079,FREIGHT,SEC_009,2026-09-17 22:25:00,2026-09-17 22:33:00,DOWN,LOW,TRUE,SCHEDULED,1.000,PLANNED
MOV_002000,SYN_TRAIN_0080,EXPRESS,SEC_010,2026-09-17 17:25:00,2026-09-17 17:35:00,UP,HIGH,FALSE,SCHEDULED,1.000,PLANNED
