record_id,asset_id,department,task_type,criticality,urgency,operational_impact,previous_defects,maintenance_frequency,estimated_duration,actual_duration,delay_to_completion,was_overdue,repeat_defect,weather_risk,previous_failure_indicator,defect_severity,final_priority
HIST_000001,AST_000017,TRD,INSPECTION,66.6,72.3,34.2,5,2,180,155,0,FALSE,TRUE,0.752,True,LOW,58.64
HIST_000002,AST_000034,ENGINEERING,REPAIR,82.4,16.2,28.0,2,1,60,50,0,FALSE,TRUE,0.218,False,HIGH,45.62
HIST_000003,AST_000001,ENGINEERING,REPLACEMENT,50.3,0.4,27.4,3,11,180,163,0,FALSE,TRUE,0.82,False,MEDIUM,28.17
HIST_000004,AST_000018,S&T,TESTING,94.2,97.7,26.8,1,1,150,175,15,TRUE,TRUE,0.389,False,MEDIUM,65.55
HIST_000005,AST_000035,TRD,PREVENTIVE_MAINTENANCE,84.2,100.0,25.2,1,4,60,68,5,TRUE,TRUE,0.102,False,LOW,59.05
HIST_000006,AST_000002,TRD,CORRECTIVE_MAINTENANCE,63.8,100.0,40.0,4,1,60,74,8,TRUE,TRUE,0.443,False,CRITICAL,67.14
HIST_000007,AST_000019,ENGINEERING,INSPECTION,79.6,30.4,28.8,3,3,60,62,1,TRUE,TRUE,0.375,False,CRITICAL,52.24
HIST_000008,AST_000036,S&T,REPAIR,78.2,6.1,58.4,5,10,240,253,8,TRUE,TRUE,0.845,True,MEDIUM,54.16
HIST_000009,AST_000003,S&T,REPLACEMENT,55.7,89.5,64.4,5,7,45,45,0,FALSE,TRUE,0.761,False,HIGH,63.22
HIST_000010,AST_000020,TRD,TESTING,63.2,51.7,28.4,2,8,240,217,0,FALSE,TRUE,0.182,False,CRITICAL,52.56
HIST_000011,AST_000037,ENGINEERING,PREVENTIVE_MAINTENANCE,81.9,0.7,32.8,0,6,150,151,1,TRUE,FALSE,0.819,False,CRITICAL,46.3
HIST_000012,AST_000004,ENGINEERING,CORRECTIVE_MAINTENANCE,87.4,100.0,50.6,4,11,180,153,0,FALSE,TRUE,0.741,False,CRITICAL,76.34
HIST_000013,AST_000021,S&T,INSPECTION,42.9,21.7,49.7,3,2,240,196,0,FALSE,TRUE,0.703,False,CRITICAL,43.23
HIST_000014,AST_000038,TRD,REPAIR,95.1,99.4,36.0,0,4,240,270,18,TRUE,FALSE,0.299,False,HIGH,71.83
HIST_000015,AST_000005,TRD,REPLACEMENT,56.6,0.0,20.4,4,9,150,184,20,TRUE,TRUE,0.667,True,LOW,34.81
HIST_000016,AST_000022,ENGINEERING,TESTING,76.5,22.5,50.9,2,4,240,232,0,FALSE,TRUE,0.592,False,LOW,42.5
HIST_000017,AST_000039,S&T,PREVENTIVE_MAINTENANCE,91.8,50.3,38.9,5,11,180,213,20,TRUE,TRUE,0.083,False,CRITICAL,62.89
HIST_000018,AST_000006,S&T,CORRECTIVE_MAINTENANCE,94.3,39.9,13.1,0,10,150,150,0,FALSE,FALSE,0.821,False,MEDIUM,48.38
HIST_000019,AST_000023,TRD,INSPECTION,55.6,36.5,58.2,2,2,180,190,6,TRUE,TRUE,0.228,False,CRITICAL,52.45
HIST_000020,AST_000040,ENGINEERING,REPAIR,49.9,49.9,70.1,4,4,75,90,9,TRUE,TRUE,0.219,False,HIGH,52.72
HIST_000021,AST_000007,ENGINEERING,REPLACEMENT,52.8,73.1,43.5,4,10,30,24,0,FALSE,TRUE,0.147,False,CRITICAL,57.81
HIST_000022,AST_000024,S&T,TESTING,66.7,12.0,19.5,1,5,60,61,1,TRUE,TRUE,0.177,True,MEDIUM,44.41
HIST_000023,AST_000041,TRD,PREVENTIVE_MAINTENANCE,89.8,100.0,44.4,3,12,180,158,0,FALSE,TRUE,0.909,False,CRITICAL,75.82
HIST_000024,AST_000008,TRD,CORRECTIVE_MAINTENANCE,88.0,97.6,58.6,4,12,240,192,0,FALSE,TRUE,0.712,False,MEDIUM,70.02
HIST_000025,AST_000025,ENGINEERING,INSPECTION,94.7,52.4,34.9,4,2,30,26,0,FALSE,TRUE,0.552,False,LOW,52.24
HIST_000026,AST_000042,S&T,REPAIR,44.5,0.0,48.8,4,4,240,242,1,TRUE,TRUE,0.137,False,CRITICAL,38.11
HIST_000027,AST_000009,S&T,INSPECTION,89.0,47.3,64.9,0,11,30,25,0,FALSE,FALSE,0.125,False,LOW,55.26
HIST_000028,AST_000026,TRD,REPAIR,79.3,14.6,21.0,0,7,180,202,13,TRUE,FALSE,0.063,False,CRITICAL,46.64
HIST_000029,AST_000043,ENGINEERING,REPLACEMENT,70.1,82.3,52.2,1,2,30,33,2,TRUE,TRUE,0.176,True,MEDIUM,69.55
HIST_000030,AST_000010,ENGINEERING,TESTING,83.3,17.1,47.2,2,3,240,207,0,FALSE,TRUE,0.659,False,MEDIUM,46.2
HIST_000031,AST_000027,S&T,PREVENTIVE_MAINTENANCE,50.8,0.0,50.4,1,12,120,130,6,TRUE,TRUE,0.905,False,LOW,29.07
HIST_000032,AST_000044,TRD,CORRECTIVE_MAINTENANCE,56.3,100.0,41.6,3,4,60,50,0,FALSE,TRUE,0.922,False,LOW,53.96
HIST_000033,AST_000011,TRD,INSPECTION,69.6,59.0,71.2,5,8,120,150,18,TRUE,TRUE,0.177,False,LOW,53.62
HIST_000034,AST_000028,ENGINEERING,REPAIR,49.5,0.0,24.2,5,6,180,164,0,FALSE,TRUE,0.743,False,MEDIUM,27.19
HIST_000035,AST_000045,S&T,REPLACEMENT,42.3,68.1,19.7,2,7,45,51,4,TRUE,TRUE,0.571,False,CRITICAL,48.65
HIST_000036,AST_000012,S&T,TESTING,62.0,0.0,42.3,2,8,75,86,7,TRUE,TRUE,0.661,True,CRITICAL,52.06
HIST_000037,AST_000029,TRD,PREVENTIVE_MAINTENANCE,88.2,100.0,29.4,3,11,60,50,0,FALSE,TRUE,0.796,False,HIGH,68.59
HIST_000038,AST_000046,ENGINEERING,CORRECTIVE_MAINTENANCE,52.0,99.7,53.3,0,6,240,287,28,TRUE,FALSE,0.559,False,CRITICAL,66.19
HIST_000039,AST_000013,ENGINEERING,INSPECTION,54.3,42.9,53.3,5,12,120,98,0,FALSE,TRUE,0.824,False,LOW,41.42
HIST_000040,AST_000030,S&T,REPAIR,88.6,80.3,24.4,2,10,150,122,0,FALSE,TRUE,0.025,False,HIGH,62.79
HIST_000041,AST_000047,TRD,REPLACEMENT,84.5,100.0,26.0,3,12,240,251,7,TRUE,TRUE,0.157,False,CRITICAL,70.55
HIST_000042,AST_000014,TRD,TESTING,44.4,2.2,72.9,4,12,90,103,8,TRUE,TRUE,0.449,False,CRITICAL,43.45
HIST_000043,AST_000031,ENGINEERING,PREVENTIVE_MAINTENANCE,40.4,21.8,50.1,5,1,30,27,0,FALSE,TRUE,0.483,True,MEDIUM,45.09
HIST_000044,AST_000048,S&T,CORRECTIVE_MAINTENANCE,56.3,0.0,25.0,0,3,45,54,5,TRUE,FALSE,0.323,False,CRITICAL,36.89
HIST_000045,AST_000015,S&T,INSPECTION,53.9,0.0,75.9,1,8,180,173,0,FALSE,TRUE,0.642,False,MEDIUM,38.85
HIST_000046,AST_000032,TRD,REPAIR,72.1,21.9,54.3,4,4,240,247,4,TRUE,TRUE,0.333,False,HIGH,49.21
HIST_000047,AST_000049,ENGINEERING,REPLACEMENT,67.6,21.4,56.0,4,5,90,93,2,TRUE,TRUE,0.948,False,CRITICAL,51.83
HIST_000048,AST_000016,ENGINEERING,TESTING,55.3,71.7,47.2,0,2,120,121,1,TRUE,FALSE,0.691,False,LOW,47.7
HIST_000049,AST_000033,S&T,PREVENTIVE_MAINTENANCE,80.7,39.9,17.4,1,1,180,212,19,TRUE,TRUE,0.488,False,MEDIUM,45.16
HIST_000050,AST_000050,TRD,CORRECTIVE_MAINTENANCE,88.2,0.0,34.1,3,5,240,210,0,FALSE,TRUE,0.986,True,CRITICAL,58.28
HIST_000051,AST_000017,TRD,INSPECTION,66.6,0.0,40.3,3,6,240,232,0,FALSE,TRUE,0.681,False,CRITICAL,43.04
HIST_000052,AST_000034,ENGINEERING,REPAIR,82.4,41.9,28.4,1,2,180,164,0,FALSE,TRUE,0.428,False,MEDIUM,48.38
HIST_000053,AST_000001,ENGINEERING,INSPECTION,50.3,89.0,32.4,2,9,60,67,4,TRUE,TRUE,0.999,False,HIGH,55.07
HIST_000054,AST_000018,S&T,REPAIR,94.2,21.6,30.4,2,8,120,133,8,TRUE,TRUE,0.805,False,MEDIUM,47.24
HIST_000055,AST_000035,TRD,REPLACEMENT,84.2,0.0,30.6,2,11,45,39,0,FALSE,TRUE,0.957,False,MEDIUM,38.88
HIST_000056,AST_000002,TRD,TESTING,63.8,81.3,27.6,4,6,30,26,0,FALSE,TRUE,0.385,False,HIGH,56.23
HIST_000057,AST_000019,ENGINEERING,PREVENTIVE_MAINTENANCE,79.6,0.0,22.6,2,4,120,145,15,TRUE,TRUE,0.268,True,HIGH,49.65
HIST_000058,AST_000036,S&T,CORRECTIVE_MAINTENANCE,78.2,100.0,45.0,1,9,75,91,10,TRUE,TRUE,0.979,False,CRITICAL,72.46
HIST_000059,AST_000003,S&T,INSPECTION,55.7,59.7,53.8,4,10,30,34,2,TRUE,TRUE,1.0,False,CRITICAL,57.4
HIST_000060,AST_000020,TRD,REPAIR,63.2,100.0,21.4,4,7,150,186,22,TRUE,TRUE,0.223,False,MEDIUM,55.74
HIST_000061,AST_000037,ENGINEERING,REPLACEMENT,81.9,47.5,38.0,0,8,120,132,7,TRUE,FALSE,0.779,False,CRITICAL,59.05
HIST_000062,AST_000004,ENGINEERING,TESTING,87.4,0.0,53.9,3,9,90,84,0,FALSE,TRUE,0.626,False,LOW,40.75
HIST_000063,AST_000021,S&T,PREVENTIVE_MAINTENANCE,42.9,0.0,38.5,2,7,240,248,5,TRUE,TRUE,0.42,False,CRITICAL,35.57
HIST_000064,AST_000038,TRD,CORRECTIVE_MAINTENANCE,95.1,55.1,47.7,1,6,240,286,28,TRUE,TRUE,0.615,True,CRITICAL,76.84
HIST_000065,AST_000005,TRD,INSPECTION,56.6,89.5,23.2,2,5,90,90,0,FALSE,TRUE,0.471,False,LOW,47.75
HIST_000066,AST_000022,ENGINEERING,REPAIR,76.5,48.9,61.9,3,2,90,102,7,TRUE,TRUE,0.524,False,LOW,51.3
HIST_000067,AST_000039,S&T,REPLACEMENT,91.8,55.6,37.9,1,4,60,56,0,FALSE,TRUE,0.561,False,LOW,52.77
HIST_000068,AST_000006,S&T,TESTING,94.3,0.0,16.1,3,10,45,53,5,TRUE,TRUE,0.001,False,HIGH,42.76
HIST_000069,AST_000023,TRD,PREVENTIVE_MAINTENANCE,55.6,0.0,58.2,1,6,75,65,0,FALSE,TRUE,0.806,False,LOW,32.07
HIST_000070,AST_000040,ENGINEERING,CORRECTIVE_MAINTENANCE,49.9,100.0,72.2,5,1,240,262,13,TRUE,TRUE,0.051,False,MEDIUM,61.91
HIST_000071,AST_000007,ENGINEERING,INSPECTION,52.8,100.0,44.5,2,6,30,30,0,FALSE,TRUE,0.841,True,LOW,63.49
HIST_000072,AST_000024,S&T,REPAIR,66.7,23.7,22.2,3,7,120,135,9,TRUE,TRUE,0.989,False,CRITICAL,45.38
HIST_000073,AST_000041,TRD,REPLACEMENT,89.8,0.0,48.6,2,3,150,129,0,FALSE,TRUE,0.398,False,HIGH,47.91
HIST_000074,AST_000008,TRD,TESTING,88.0,29.6,68.3,4,9,90,94,2,TRUE,TRUE,0.956,False,CRITICAL,62.46
HIST_000075,AST_000025,ENGINEERING,PREVENTIVE_MAINTENANCE,94.7,20.5,34.8,3,12,30,31,1,TRUE,TRUE,0.603,False,HIGH,51.74
HIST_000076,AST_000042,S&T,CORRECTIVE_MAINTENANCE,44.5,27.9,43.2,1,7,45,38,0,FALSE,TRUE,0.802,False,CRITICAL,43.97
HIST_000077,AST_000009,S&T,INSPECTION,89.0,88.5,53.1,1,8,180,151,0,FALSE,TRUE,0.838,False,MEDIUM,66.95
HIST_000078,AST_000026,TRD,REPAIR,79.3,84.3,27.4,3,3,75,76,1,TRUE,TRUE,0.497,True,HIGH,71.59
HIST_000079,AST_000043,ENGINEERING,INSPECTION,70.1,100.0,43.2,4,3,90,83,0,FALSE,TRUE,0.506,False,HIGH,65.92
HIST_000080,AST_000010,ENGINEERING,REPAIR,83.3,0.0,43.6,1,9,180,148,0,FALSE,TRUE,0.999,False,HIGH,44.96
HIST_000081,AST_000027,S&T,REPLACEMENT,50.8,2.3,49.7,2,2,150,155,3,TRUE,TRUE,0.278,False,CRITICAL,40.75
HIST_000082,AST_000044,TRD,TESTING,56.3,6.1,53.9,1,3,90,101,7,TRUE,TRUE,0.947,False,HIGH,40.44
HIST_000083,AST_000011,TRD,PREVENTIVE_MAINTENANCE,69.6,86.6,70.2,0,11,75,62,0,FALSE,FALSE,0.427,False,CRITICAL,71.57
HIST_000084,AST_000028,ENGINEERING,CORRECTIVE_MAINTENANCE,49.5,24.0,19.7,2,8,45,44,0,FALSE,TRUE,0.221,False,CRITICAL,39.79
HIST_000085,AST_000045,S&T,INSPECTION,42.3,36.9,23.2,5,5,180,217,22,TRUE,TRUE,0.139,True,CRITICAL,51.55
HIST_000086,AST_000012,S&T,REPAIR,62.0,75.6,40.1,4,2,150,152,1,TRUE,TRUE,0.097,False,HIGH,56.77
HIST_000087,AST_000029,TRD,REPLACEMENT,88.2,15.0,23.4,0,4,75,63,0,FALSE,FALSE,0.183,False,HIGH,46.14
HIST_000088,AST_000046,ENGINEERING,TESTING,52.0,100.0,52.4,4,3,240,279,23,TRUE,TRUE,0.569,False,LOW,54.83
HIST_000089,AST_000013,ENGINEERING,PREVENTIVE_MAINTENANCE,54.3,23.3,54.7,1,7,240,230,0,FALSE,TRUE,0.884,False,MEDIUM,40.55
HIST_000090,AST_000030,S&T,CORRECTIVE_MAINTENANCE,88.6,53.8,28.6,2,6,90,77,0,FALSE,TRUE,0.451,False,HIGH,57.0
HIST_000091,AST_000047,TRD,INSPECTION,84.5,95.5,25.4,2,11,240,290,30,TRUE,TRUE,0.284,False,MEDIUM,61.8
HIST_000092,AST_000014,TRD,REPAIR,44.4,2.5,63.3,2,1,60,70,6,TRUE,TRUE,0.541,True,LOW,40.35
HIST_000093,AST_000031,ENGINEERING,REPLACEMENT,40.4,97.8,58.9,1,1,180,159,0,FALSE,TRUE,0.5,False,HIGH,59.6
HIST_000094,AST_000048,S&T,TESTING,56.3,78.7,26.5,0,7,180,163,0,FALSE,FALSE,0.965,False,CRITICAL,56.86
HIST_000095,AST_000015,S&T,PREVENTIVE_MAINTENANCE,53.9,0.0,71.6,3,1,240,222,0,FALSE,TRUE,0.635,False,CRITICAL,45.49
HIST_000096,AST_000032,TRD,CORRECTIVE_MAINTENANCE,72.1,39.7,54.3,5,7,180,201,13,TRUE,TRUE,0.959,False,HIGH,53.66
HIST_000097,AST_000049,ENGINEERING,INSPECTION,67.6,39.7,46.0,3,9,180,145,0,FALSE,TRUE,0.609,False,CRITICAL,54.41
HIST_000098,AST_000016,ENGINEERING,REPAIR,55.3,86.9,57.3,2,10,60,49,0,FALSE,TRUE,0.1,False,MEDIUM,57.27
HIST_000099,AST_000033,S&T,REPLACEMENT,80.7,37.5,25.9,2,12,180,169,0,FALSE,TRUE,0.035,True,MEDIUM,56.27
HIST_000100,AST_000050,TRD,TESTING,88.2,53.8,34.8,2,6,150,158,5,TRUE,TRUE,0.274,False,LOW,50.62
HIST_000101,AST_000017,TRD,PREVENTIVE_MAINTENANCE,66.6,0.0,43.3,5,11,180,203,14,TRUE,TRUE,0.16,False,CRITICAL,43.64
HIST_000102,AST_000034,ENGINEERING,CORRECTIVE_MAINTENANCE,82.4,98.7,19.5,1,6,240,283,26,TRUE,TRUE,0.684,False,CRITICAL,68.3
HIST_000103,AST_000001,ENGINEERING,INSPECTION,50.3,48.1,33.1,5,3,90,101,7,TRUE,TRUE,0.806,False,CRITICAL,48.73
HIST_000104,AST_000018,S&T,REPAIR,94.2,100.0,23.8,3,7,75,87,7,TRUE,TRUE,0.649,False,MEDIUM,65.52
HIST_000105,AST_000035,TRD,REPLACEMENT,84.2,14.6,18.3,2,3,90,79,0,FALSE,TRUE,0.935,False,MEDIUM,40.07
HIST_000106,AST_000002,TRD,REPAIR,63.8,3.6,29.0,5,11,120,149,17,TRUE,TRUE,0.895,True,MEDIUM,43.34
HIST_000107,AST_000019,ENGINEERING,REPLACEMENT,79.6,100.0,25.8,4,7,240,238,0,FALSE,TRUE,0.025,False,HIGH,65.29
HIST_000108,AST_000036,S&T,TESTING,78.2,19.9,57.2,4,6,45,41,0,FALSE,TRUE,0.821,False,LOW,43.62
HIST_000109,AST_000003,S&T,PREVENTIVE_MAINTENANCE,55.7,58.8,59.0,1,2,60,62,1,TRUE,TRUE,0.567,False,LOW,46.96
HIST_000110,AST_000020,TRD,CORRECTIVE_MAINTENANCE,63.2,100.0,28.4,1,2,90,88,0,FALSE,TRUE,0.904,False,CRITICAL,64.64
HIST_000111,AST_000037,ENGINEERING,INSPECTION,81.9,0.0,41.4,3,2,90,110,12,TRUE,TRUE,0.388,False,CRITICAL,47.85
HIST_000112,AST_000004,ENGINEERING,REPAIR,87.4,0.0,50.5,3,4,150,121,0,FALSE,TRUE,0.993,False,HIGH,47.57
HIST_000113,AST_000021,S&T,REPLACEMENT,42.9,42.6,48.2,3,11,150,136,0,FALSE,TRUE,0.917,True,LOW,46.91
HIST_000114,AST_000038,TRD,TESTING,95.1,14.2,45.8,3,12,120,135,9,TRUE,TRUE,0.646,False,LOW,44.99
HIST_000115,AST_000005,TRD,PREVENTIVE_MAINTENANCE,56.6,87.2,18.3,4,7,30,32,1,TRUE,TRUE,0.524,False,MEDIUM,49.94
HIST_000116,AST_000022,ENGINEERING,CORRECTIVE_MAINTENANCE,76.5,0.0,58.4,4,1,180,151,0,FALSE,TRUE,0.526,False,CRITICAL,49.63
HIST_000117,AST_000039,S&T,INSPECTION,91.8,25.8,40.5,0,5,180,194,8,TRUE,FALSE,0.257,False,HIGH,53.34
HIST_000118,AST_000006,S&T,REPAIR,94.3,84.0,22.6,4,11,90,96,4,TRUE,TRUE,0.349,False,HIGH,65.06
HIST_000119,AST_000023,TRD,REPLACEMENT,55.6,56.8,56.1,3,11,240,263,14,TRUE,TRUE,0.1,False,HIGH,53.35
HIST_000120,AST_000040,ENGINEERING,TESTING,49.9,0.0,79.9,1,1,30,28,0,FALSE,TRUE,0.428,True,HIGH,52.2
HIST_000121,AST_000007,ENGINEERING,PREVENTIVE_MAINTENANCE,52.8,11.2,40.9,0,4,150,161,7,TRUE,FALSE,0.551,False,MEDIUM,34.32
HIST_000122,AST_000024,S&T,CORRECTIVE_MAINTENANCE,66.7,77.8,22.5,2,3,120,141,13,TRUE,TRUE,0.595,False,CRITICAL,58.96
HIST_000123,AST_000041,TRD,INSPECTION,89.8,13.2,51.5,5,2,75,82,4,TRUE,TRUE,0.952,False,LOW,44.29
HIST_000124,AST_000008,TRD,REPAIR,88.0,18.5,68.3,0,3,60,72,7,TRUE,FALSE,0.547,False,LOW,48.44
HIST_000125,AST_000025,ENGINEERING,REPLACEMENT,94.7,93.9,32.3,3,11,150,165,9,TRUE,TRUE,0.335,False,HIGH,69.59
HIST_000126,AST_000042,S&T,TESTING,44.5,0.0,46.5,1,10,30,37,4,TRUE,TRUE,0.39,False,MEDIUM,30.15
HIST_000127,AST_000009,S&T,PREVENTIVE_MAINTENANCE,89.0,100.0,63.0,3,11,90,101,7,TRUE,TRUE,0.652,True,LOW,78.05
HIST_000128,AST_000026,TRD,CORRECTIVE_MAINTENANCE,79.3,56.1,25.7,0,1,45,36,0,FALSE,FALSE,0.594,False,HIGH,54.2
HIST_000129,AST_000043,ENGINEERING,INSPECTION,70.1,93.2,44.1,5,3,180,192,7,TRUE,TRUE,0.631,False,MEDIUM,60.65
HIST_000130,AST_000010,ENGINEERING,REPAIR,83.3,43.8,52.7,0,1,240,249,5,TRUE,FALSE,0.095,False,CRITICAL,61.48
HIST_000131,AST_000027,S&T,REPLACEMENT,50.8,50.5,56.4,1,2,150,144,0,FALSE,TRUE,0.293,False,HIGH,50.39
HIST_000132,AST_000044,TRD,REPAIR,56.3,92.5,52.2,4,8,300,317,10,TRUE,TRUE,0.968,False,MEDIUM,57.95
HIST_000133,AST_000011,TRD,REPLACEMENT,69.6,0.0,72.1,1,5,75,68,0,FALSE,TRUE,0.684,False,CRITICAL,50.3
HIST_000134,AST_000028,ENGINEERING,TESTING,49.5,10.1,31.0,1,3,120,115,0,FALSE,TRUE,0.793,True,MEDIUM,41.08
HIST_000135,AST_000045,S&T,PREVENTIVE_MAINTENANCE,42.3,100.0,27.0,3,9,90,108,11,TRUE,TRUE,0.73,False,HIGH,54.34
HIST_000136,AST_000012,S&T,CORRECTIVE_MAINTENANCE,62.0,100.0,43.5,0,5,150,157,4,TRUE,FALSE,0.69,False,HIGH,63.55
HIST_000137,AST_000029,TRD,INSPECTION,88.2,19.2,26.8,5,5,90,112,13,TRUE,TRUE,0.783,False,CRITICAL,51.62
HIST_000138,AST_000046,ENGINEERING,REPAIR,52.0,0.0,50.4,0,5,120,132,7,TRUE,FALSE,0.062,False,CRITICAL,40.68
HIST_000139,AST_000013,ENGINEERING,REPLACEMENT,54.3,100.0,53.2,2,2,30,30,0,FALSE,TRUE,0.239,False,MEDIUM,59.43
HIST_000140,AST_000030,S&T,TESTING,88.6,100.0,24.9,3,10,60,68,5,TRUE,TRUE,0.424,False,LOW,60.31
HIST_000141,AST_000047,TRD,PREVENTIVE_MAINTENANCE,84.5,13.9,14.9,1,11,30,28,0,FALSE,TRUE,0.694,True,CRITICAL,56.8
HIST_000142,AST_000014,TRD,CORRECTIVE_MAINTENANCE,44.4,50.2,65.8,3,8,60,62,1,TRUE,TRUE,0.24,False,MEDIUM,46.53
HIST_000143,AST_000031,ENGINEERING,INSPECTION,40.4,97.2,54.1,3,4,60,63,2,TRUE,TRUE,0.341,False,CRITICAL,62.24
HIST_000144,AST_000048,S&T,REPAIR,56.3,0.0,37.4,1,11,180,166,0,FALSE,TRUE,0.265,False,LOW,28.12
HIST_000145,AST_000015,S&T,REPLACEMENT,53.9,100.0,72.1,3,4,30,25,0,FALSE,TRUE,0.631,False,LOW,59.34
HIST_000146,AST_000032,TRD,TESTING,72.1,0.0,50.4,2,4,90,101,7,TRUE,TRUE,0.585,False,MEDIUM,39.21
HIST_000147,AST_000049,ENGINEERING,PREVENTIVE_MAINTENANCE,67.6,100.0,59.3,1,4,75,77,1,TRUE,TRUE,0.882,False,CRITICAL,72.14
HIST_000148,AST_000016,ENGINEERING,CORRECTIVE_MAINTENANCE,55.3,72.7,46.2,3,6,90,102,7,TRUE,TRUE,0.519,True,MEDIUM,61.51
HIST_000149,AST_000033,S&T,INSPECTION,80.7,51.2,25.4,3,4,60,72,7,TRUE,TRUE,0.244,False,MEDIUM,49.59
HIST_000150,AST_000050,TRD,REPAIR,88.2,100.0,39.7,2,4,150,174,14,TRUE,TRUE,0.675,False,CRITICAL,74.4
HIST_000151,AST_000017,TRD,REPLACEMENT,66.6,20.3,40.2,4,6,180,183,2,TRUE,TRUE,0.571,False,MEDIUM,40.59
HIST_000152,AST_000034,ENGINEERING,TESTING,82.4,53.7,20.5,4,10,240,218,0,FALSE,TRUE,0.524,False,HIGH,53.5
HIST_000153,AST_000001,ENGINEERING,PREVENTIVE_MAINTENANCE,50.3,59.5,27.4,5,5,240,294,32,TRUE,TRUE,0.521,False,LOW,39.19
HIST_000154,AST_000018,S&T,CORRECTIVE_MAINTENANCE,94.2,19.6,21.5,2,7,90,73,0,FALSE,TRUE,0.966,False,HIGH,48.71
HIST_000155,AST_000035,TRD,INSPECTION,84.2,32.3,31.3,2,10,240,231,0,FALSE,TRUE,0.143,True,MEDIUM,57.09
HIST_000156,AST_000002,TRD,REPAIR,63.8,24.3,32.5,2,10,90,88,0,FALSE,TRUE,0.259,False,HIGH,42.96
HIST_000157,AST_000019,ENGINEERING,REPLACEMENT,79.6,8.5,20.1,5,10,240,258,11,TRUE,TRUE,0.796,False,CRITICAL,45.02
HIST_000158,AST_000036,S&T,REPAIR,78.2,100.0,53.3,5,10,180,222,25,TRUE,TRUE,0.492,False,LOW,62.87
HIST_000159,AST_000003,S&T,REPLACEMENT,55.7,0.0,55.5,5,2,120,132,7,TRUE,TRUE,0.955,False,MEDIUM,35.31
HIST_000160,AST_000020,TRD,TESTING,63.2,0.0,25.6,1,11,90,98,5,TRUE,TRUE,0.965,False,MEDIUM,31.58
HIST_000161,AST_000037,ENGINEERING,PREVENTIVE_MAINTENANCE,81.9,78.5,35.6,2,3,120,138,11,TRUE,TRUE,0.842,False,MEDIUM,58.81
HIST_000162,AST_000004,ENGINEERING,CORRECTIVE_MAINTENANCE,87.4,100.0,48.2,5,9,75,79,2,TRUE,TRUE,0.252,True,MEDIUM,78.36
HIST_000163,AST_000021,S&T,INSPECTION,42.9,42.6,45.7,3,6,30,26,0,FALSE,TRUE,0.687,False,HIGH,43.91
HIST_000164,AST_000038,TRD,REPAIR,95.1,90.1,39.8,2,5,90,90,0,FALSE,TRUE,0.005,False,CRITICAL,74.01
HIST_000165,AST_000005,TRD,REPLACEMENT,56.6,100.0,21.1,5,4,75,84,5,TRUE,TRUE,0.332,False,LOW,49.95
HIST_000166,AST_000022,ENGINEERING,TESTING,76.5,94.8,55.1,5,5,150,149,0,FALSE,TRUE,0.615,False,HIGH,68.92
HIST_000167,AST_000039,S&T,PREVENTIVE_MAINTENANCE,91.8,11.8,42.5,3,7,90,96,4,TRUE,TRUE,0.045,False,LOW,42.74
HIST_000168,AST_000006,S&T,CORRECTIVE_MAINTENANCE,94.3,0.0,24.9,3,6,180,147,0,FALSE,TRUE,0.526,False,CRITICAL,48.27
HIST_000169,AST_000023,TRD,INSPECTION,55.6,58.2,56.0,5,4,180,212,19,TRUE,TRUE,0.699,True,LOW,56.18
HIST_000170,AST_000040,ENGINEERING,REPAIR,49.9,45.9,76.1,3,11,120,99,0,FALSE,TRUE,0.34,False,CRITICAL,56.66
HIST_000171,AST_000007,ENGINEERING,REPLACEMENT,52.8,100.0,40.5,0,11,240,237,0,FALSE,FALSE,0.919,False,LOW,52.69
HIST_000172,AST_000024,S&T,TESTING,66.7,100.0,22.4,2,4,180,213,20,TRUE,TRUE,0.78,False,CRITICAL,64.49
HIST_000173,AST_000041,TRD,PREVENTIVE_MAINTENANCE,89.8,0.0,54.0,4,3,60,52,0,FALSE,TRUE,0.756,False,LOW,41.49
HIST_000174,AST_000008,TRD,CORRECTIVE_MAINTENANCE,88.0,0.0,64.3,3,6,150,142,0,FALSE,TRUE,0.822,False,CRITICAL,54.26
HIST_000175,AST_000025,ENGINEERING,INSPECTION,94.7,0.0,43.1,0,12,240,254,8,TRUE,FALSE,0.598,False,HIGH,48.28
HIST_000176,AST_000042,S&T,REPAIR,44.5,54.4,41.9,5,4,60,56,0,FALSE,TRUE,0.972,True,MEDIUM,52.83
HIST_000177,AST_000009,S&T,REPLACEMENT,89.0,32.1,57.4,1,9,30,31,1,TRUE,TRUE,0.437,False,LOW,49.95
HIST_000178,AST_000026,TRD,TESTING,79.3,100.0,18.3,0,2,75,62,0,FALSE,FALSE,0.362,False,LOW,56.2
HIST_000179,AST_000043,ENGINEERING,PREVENTIVE_MAINTENANCE,70.1,87.4,53.1,0,11,60,71,7,TRUE,FALSE,0.705,False,HIGH,64.75
HIST_000180,AST_000010,ENGINEERING,CORRECTIVE_MAINTENANCE,83.3,56.6,53.7,1,8,120,117,0,FALSE,TRUE,0.533,False,CRITICAL,64.88
HIST_000181,AST_000027,S&T,INSPECTION,50.8,0.0,50.2,3,1,75,69,0,FALSE,TRUE,0.115,False,LOW,29.03
HIST_000182,AST_000044,TRD,REPAIR,56.3,15.4,54.0,4,9,90,83,0,FALSE,TRUE,0.896,False,LOW,35.29
HIST_000183,AST_000011,TRD,REPLACEMENT,69.6,28.6,65.4,1,6,75,89,8,TRUE,TRUE,0.573,True,LOW,54.86
HIST_000184,AST_000028,ENGINEERING,TESTING,49.5,100.0,24.9,2,10,150,184,20,TRUE,TRUE,0.201,False,LOW,48.58
HIST_000185,AST_000045,S&T,REPLACEMENT,42.3,74.4,19.6,0,10,120,138,11,TRUE,FALSE,0.188,False,LOW,38.96
HIST_000186,AST_000012,S&T,TESTING,62.0,91.4,51.3,2,5,120,115,0,FALSE,TRUE,0.168,False,CRITICAL,66.71
HIST_000187,AST_000029,TRD,PREVENTIVE_MAINTENANCE,88.2,0.0,30.1,5,9,90,105,9,TRUE,TRUE,0.401,False,HIGH,43.73
HIST_000188,AST_000046,ENGINEERING,CORRECTIVE_MAINTENANCE,52.0,36.4,49.6,4,3,45,45,0,FALSE,TRUE,0.77,False,HIGH,45.87
HIST_000189,AST_000013,ENGINEERING,INSPECTION,54.3,94.8,61.4,3,5,180,175,0,FALSE,TRUE,0.431,False,CRITICAL,67.27
HIST_000190,AST_000030,S&T,REPAIR,88.6,100.0,27.8,1,1,120,117,0,FALSE,TRUE,0.792,True,CRITICAL,82.14
HIST_000191,AST_000047,TRD,REPLACEMENT,84.5,100.0,25.3,0,5,30,37,4,TRUE,FALSE,0.839,False,MEDIUM,62.91
HIST_000192,AST_000014,TRD,TESTING,44.4,93.3,73.9,5,11,60,65,3,TRUE,TRUE,0.062,False,CRITICAL,66.42
HIST_000193,AST_000031,ENGINEERING,PREVENTIVE_MAINTENANCE,40.4,73.8,55.7,2,11,90,87,0,FALSE,TRUE,0.617,False,CRITICAL,56.71
HIST_000194,AST_000048,S&T,CORRECTIVE_MAINTENANCE,56.3,100.0,31.7,2,7,180,164,0,FALSE,TRUE,0.976,False,MEDIUM,55.73
HIST_000195,AST_000015,S&T,INSPECTION,53.9,100.0,75.2,3,3,240,254,8,TRUE,TRUE,0.492,False,HIGH,67.46
HIST_000196,AST_000032,TRD,REPAIR,72.1,15.3,59.4,4,1,90,112,13,TRUE,TRUE,0.79,False,MEDIUM,44.84
HIST_000197,AST_000049,ENGINEERING,REPLACEMENT,67.6,46.4,54.6,3,11,30,30,0,FALSE,TRUE,0.116,True,MEDIUM,60.3
HIST_000198,AST_000016,ENGINEERING,TESTING,55.3,65.7,56.1,2,7,180,164,0,FALSE,TRUE,0.359,False,MEDIUM,51.73
HIST_000199,AST_000033,S&T,PREVENTIVE_MAINTENANCE,80.7,0.0,15.5,5,11,240,210,0,FALSE,TRUE,0.773,False,LOW,31.06
HIST_000200,AST_000050,TRD,CORRECTIVE_MAINTENANCE,88.2,0.0,34.1,3,8,60,63,2,TRUE,TRUE,0.684,False,LOW,37.03
HIST_000201,AST_000017,TRD,INSPECTION,66.6,100.0,44.8,2,10,30,35,3,TRUE,TRUE,0.159,False,CRITICAL,68.94
HIST_000202,AST_000034,ENGINEERING,REPAIR,82.4,26.5,29.4,3,1,60,53,0,FALSE,TRUE,0.437,False,HIGH,48.48
HIST_000203,AST_000001,ENGINEERING,REPLACEMENT,50.3,89.6,27.7,4,12,90,98,5,TRUE,TRUE,0.255,False,CRITICAL,58.03
HIST_000204,AST_000018,S&T,TESTING,94.2,32.7,23.6,1,7,90,100,6,TRUE,TRUE,0.13,True,CRITICAL,66.16
HIST_000205,AST_000035,TRD,PREVENTIVE_MAINTENANCE,84.2,25.8,31.4,4,1,90,107,10,TRUE,TRUE,0.883,False,LOW,41.74
HIST_000206,AST_000002,TRD,CORRECTIVE_MAINTENANCE,63.8,11.3,32.8,5,2,60,67,4,TRUE,TRUE,0.449,False,LOW,32.27
HIST_000207,AST_000019,ENGINEERING,INSPECTION,79.6,73.4,28.4,4,10,150,120,0,FALSE,TRUE,0.409,False,MEDIUM,55.41
HIST_000208,AST_000036,S&T,REPAIR,78.2,7.9,57.3,5,7,150,144,0,FALSE,TRUE,0.522,False,LOW,40.65
HIST_000209,AST_000003,S&T,REPLACEMENT,55.7,71.6,63.8,3,6,30,29,0,FALSE,TRUE,0.731,False,MEDIUM,54.87
HIST_000210,AST_000020,TRD,TESTING,63.2,98.5,28.1,5,5,45,55,6,TRUE,TRUE,0.65,False,HIGH,60.45
HIST_000211,AST_000037,ENGINEERING,REPLACEMENT,81.9,97.4,34.5,1,4,300,323,14,TRUE,TRUE,0.423,True,LOW,69.57
HIST_000212,AST_000004,ENGINEERING,TESTING,87.4,100.0,55.9,0,12,240,221,0,FALSE,FALSE,0.116,False,HIGH,73.65
HIST_000213,AST_000021,S&T,PREVENTIVE_MAINTENANCE,42.9,100.0,38.5,1,8,45,43,0,FALSE,TRUE,0.434,False,MEDIUM,53.07
HIST_000214,AST_000038,TRD,CORRECTIVE_MAINTENANCE,95.1,100.0,36.6,1,9,120,107,0,FALSE,TRUE,0.529,False,HIGH,72.1
HIST_000215,AST_000005,TRD,INSPECTION,56.6,68.2,18.9,5,1,45,56,7,TRUE,TRUE,0.471,False,MEDIUM,45.31
HIST_000216,AST_000022,ENGINEERING,REPAIR,76.5,0.0,60.1,2,8,120,122,1,TRUE,TRUE,0.297,False,MEDIUM,42.47
HIST_000217,AST_000039,S&T,REPLACEMENT,91.8,97.1,34.1,4,8,90,86,0,FALSE,TRUE,0.738,False,LOW,62.38
HIST_000218,AST_000006,S&T,TESTING,94.3,27.7,21.4,3,4,90,99,5,TRUE,TRUE,0.224,True,CRITICAL,64.5
HIST_000219,AST_000023,TRD,PREVENTIVE_MAINTENANCE,55.6,55.0,50.0,1,11,90,77,0,FALSE,TRUE,0.222,False,CRITICAL,55.43
HIST_000220,AST_000040,ENGINEERING,CORRECTIVE_MAINTENANCE,49.9,81.6,81.5,5,7,75,71,0,FALSE,TRUE,0.257,False,HIGH,62.92
HIST_000221,AST_000007,ENGINEERING,INSPECTION,52.8,0.0,45.9,4,12,75,83,5,TRUE,TRUE,0.21,False,HIGH,36.27
HIST_000222,AST_000024,S&T,REPAIR,66.7,34.4,23.8,5,4,45,50,3,TRUE,TRUE,0.351,False,MEDIUM,40.87
HIST_000223,AST_000041,TRD,REPLACEMENT,89.8,100.0,43.6,4,10,180,160,0,FALSE,TRUE,0.568,False,LOW,64.41
HIST_000224,AST_000008,TRD,TESTING,88.0,62.5,64.0,1,12,120,132,7,TRUE,TRUE,0.326,False,HIGH,66.08
HIST_000225,AST_000025,ENGINEERING,PREVENTIVE_MAINTENANCE,94.7,26.1,32.3,1,7,120,115,0,FALSE,TRUE,0.771,True,CRITICAL,66.4
HIST_000226,AST_000042,S&T,CORRECTIVE_MAINTENANCE,44.5,100.0,51.3,3,4,120,121,1,TRUE,TRUE,0.377,False,HIGH,59.86
HIST_000227,AST_000009,S&T,INSPECTION,89.0,0.0,63.5,1,2,75,63,0,FALSE,TRUE,0.8,False,LOW,43.15
HIST_000228,AST_000026,TRD,REPAIR,79.3,100.0,21.5,2,10,120,106,0,FALSE,TRUE,0.483,False,HIGH,64.34
HIST_000229,AST_000043,ENGINEERING,REPLACEMENT,70.1,0.0,46.6,1,1,120,139,11,TRUE,TRUE,0.973,False,CRITICAL,45.35
HIST_000230,AST_000010,ENGINEERING,TESTING,83.3,100.0,49.0,3,3,75,61,0,FALSE,TRUE,0.209,False,HIGH,71.04
HIST_000231,AST_000027,S&T,PREVENTIVE_MAINTENANCE,50.8,100.0,56.0,4,4,240,275,21,TRUE,TRUE,0.817,False,LOW,55.19
HIST_000232,AST_000044,TRD,CORRECTIVE_MAINTENANCE,56.3,57.9,50.0,5,4,90,92,1,TRUE,TRUE,0.171,True,LOW,55.11
HIST_000233,AST_000011,TRD,INSPECTION,69.6,100.0,64.2,3,6,120,138,11,TRUE,TRUE,0.262,False,LOW,62.47
HIST_000234,AST_000028,ENGINEERING,REPAIR,49.5,38.0,24.9,5,3,180,148,0,FALSE,TRUE,0.552,False,MEDIUM,36.83
HIST_000235,AST_000045,S&T,REPLACEMENT,42.3,62.8,24.0,4,1,90,81,0,FALSE,TRUE,0.777,False,CRITICAL,48.19
HIST_000236,AST_000012,S&T,TESTING,62.0,0.0,44.2,1,6,90,76,0,FALSE,TRUE,0.829,False,CRITICAL,42.44
HIST_000237,AST_000029,TRD,REPLACEMENT,88.2,23.0,23.4,1,3,60,53,0,FALSE,TRUE,0.155,False,HIGH,48.14
HIST_000238,AST_000046,ENGINEERING,TESTING,52.0,100.0,55.7,4,1,60,69,5,TRUE,TRUE,0.711,False,CRITICAL,66.74
HIST_000239,AST_000013,ENGINEERING,PREVENTIVE_MAINTENANCE,54.3,92.8,50.4,1,12,120,99,0,FALSE,TRUE,0.339,True,HIGH,70.82
HIST_000240,AST_000030,S&T,CORRECTIVE_MAINTENANCE,88.6,0.0,18.6,2,2,30,25,0,FALSE,TRUE,0.305,False,MEDIUM,37.8
HIST_000241,AST_000047,TRD,INSPECTION,84.5,99.2,18.0,3,11,60,50,0,FALSE,TRUE,0.827,False,CRITICAL,68.75
HIST_000242,AST_000014,TRD,REPAIR,44.4,0.0,65.1,5,10,90,87,0,FALSE,TRUE,0.533,False,MEDIUM,33.84
HIST_000243,AST_000031,ENGINEERING,REPLACEMENT,40.4,0.0,59.2,3,5,240,289,29,TRUE,TRUE,0.307,False,MEDIUM,31.46
HIST_000244,AST_000048,S&T,TESTING,56.3,84.8,30.3,5,1,30,35,3,TRUE,TRUE,0.714,False,MEDIUM,51.65
HIST_000245,AST_000015,S&T,PREVENTIVE_MAINTENANCE,53.9,18.4,76.8,2,5,30,25,0,FALSE,TRUE,0.574,False,CRITICAL,51.13
HIST_000246,AST_000032,TRD,CORRECTIVE_MAINTENANCE,72.1,17.0,54.3,4,7,120,103,0,FALSE,TRUE,0.539,True,HIGH,57.99
HIST_000247,AST_000049,ENGINEERING,INSPECTION,67.6,80.7,58.7,0,2,75,68,0,FALSE,FALSE,0.171,False,LOW,55.95
HIST_000248,AST_000016,ENGINEERING,REPAIR,55.3,61.1,47.6,0,8,240,214,0,FALSE,FALSE,0.503,False,LOW,45.14
HIST_000249,AST_000033,S&T,REPLACEMENT,80.7,0.0,18.0,2,1,75,86,7,TRUE,TRUE,0.031,False,MEDIUM,35.31
HIST_000250,AST_000050,TRD,TESTING,88.2,9.1,32.7,4,8,75,93,11,TRUE,TRUE,0.619,False,LOW,39.02
HIST_000251,AST_000017,TRD,PREVENTIVE_MAINTENANCE,66.6,14.4,37.6,1,11,90,84,0,FALSE,TRUE,0.872,False,CRITICAL,46.1
HIST_000252,AST_000034,ENGINEERING,CORRECTIVE_MAINTENANCE,82.4,22.2,21.4,0,3,90,96,4,TRUE,FALSE,0.894,False,LOW,38.3
HIST_000253,AST_000001,ENGINEERING,INSPECTION,50.3,31.2,32.9,1,1,120,114,0,FALSE,TRUE,0.441,True,LOW,43.22
HIST_000254,AST_000018,S&T,REPAIR,94.2,0.0,27.9,4,7,60,73,8,TRUE,TRUE,0.056,False,LOW,37.59
HIST_000255,AST_000035,TRD,REPLACEMENT,84.2,74.8,26.3,0,6,240,264,14,TRUE,FALSE,0.119,False,HIGH,60.47
HIST_000256,AST_000002,TRD,TESTING,63.8,0.0,36.7,4,2,150,185,21,TRUE,TRUE,0.042,False,CRITICAL,41.48
HIST_000257,AST_000019,ENGINEERING,PREVENTIVE_MAINTENANCE,79.6,0.0,20.5,4,4,30,30,0,FALSE,TRUE,0.878,False,HIGH,39.23
HIST_000258,AST_000036,S&T,CORRECTIVE_MAINTENANCE,78.2,67.0,45.1,2,3,60,53,0,FALSE,TRUE,0.888,False,HIGH,60.48
HIST_000259,AST_000003,S&T,INSPECTION,55.7,64.4,52.7,1,1,60,58,0,FALSE,TRUE,0.906,False,CRITICAL,58.35
HIST_000260,AST_000020,TRD,REPAIR,63.2,0.0,26.4,4,7,90,72,0,FALSE,TRUE,0.794,True,CRITICAL,49.24
HIST_000261,AST_000037,ENGINEERING,REPLACEMENT,81.9,51.8,30.3,3,6,240,203,0,FALSE,TRUE,0.486,False,MEDIUM,51.08
HIST_000262,AST_000004,ENGINEERING,TESTING,87.4,100.0,44.5,2,8,90,106,10,TRUE,TRUE,0.474,False,CRITICAL,75.12
HIST_000263,AST_000021,S&T,PREVENTIVE_MAINTENANCE,42.9,59.6,44.6,1,2,90,87,0,FALSE,TRUE,0.048,False,CRITICAL,51.69
HIST_000264,AST_000038,TRD,TESTING,95.1,75.3,46.7,1,9,90,101,7,TRUE,TRUE,0.487,False,CRITICAL,71.69
HIST_000265,AST_000005,TRD,PREVENTIVE_MAINTENANCE,56.6,100.0,19.9,2,3,120,133,8,TRUE,TRUE,0.661,False,CRITICAL,60.96
HIST_000266,AST_000022,ENGINEERING,CORRECTIVE_MAINTENANCE,76.5,69.3,51.7,3,12,150,126,0,FALSE,TRUE,0.918,False,CRITICAL,65.62
HIST_000267,AST_000039,S&T,INSPECTION,91.8,26.2,36.3,1,3,90,84,0,FALSE,TRUE,0.049,True,MEDIUM,58.85
HIST_000268,AST_000006,S&T,REPAIR,94.3,59.8,25.7,2,4,60,55,0,FALSE,TRUE,0.101,False,LOW,52.13
HIST_000269,AST_000023,TRD,REPLACEMENT,55.6,87.2,61.1,3,5,45,39,0,FALSE,TRUE,0.337,False,HIGH,61.95
HIST_000270,AST_000040,ENGINEERING,TESTING,49.9,95.4,74.7,4,4,180,202,13,TRUE,TRUE,0.614,False,CRITICAL,68.76
HIST_000271,AST_000007,ENGINEERING,PREVENTIVE_MAINTENANCE,52.8,50.4,44.2,3,1,150,130,0,FALSE,TRUE,0.454,False,LOW,41.03
HIST_000272,AST_000024,S&T,CORRECTIVE_MAINTENANCE,66.7,58.3,21.3,0,1,120,104,0,FALSE,FALSE,0.913,False,HIGH,50.09
HIST_000273,AST_000041,TRD,INSPECTION,89.8,94.1,52.4,2,1,90,92,1,TRUE,TRUE,0.316,False,LOW,64.69
HIST_000274,AST_000008,TRD,REPAIR,88.0,88.9,68.3,3,4,150,184,20,TRUE,TRUE,0.098,True,MEDIUM,79.78
HIST_000275,AST_000025,ENGINEERING,REPLACEMENT,94.7,37.3,39.9,5,1,180,223,26,TRUE,TRUE,0.3,False,CRITICAL,60.72
HIST_000276,AST_000042,S&T,TESTING,44.5,100.0,48.6,3,8,90,76,0,FALSE,TRUE,0.167,False,LOW,51.82
HIST_000277,AST_000009,S&T,PREVENTIVE_MAINTENANCE,89.0,0.0,57.2,5,1,120,108,0,FALSE,TRUE,0.122,False,HIGH,49.39
HIST_000278,AST_000026,TRD,CORRECTIVE_MAINTENANCE,79.3,80.9,28.4,5,12,90,82,0,FALSE,TRUE,0.63,False,CRITICAL,64.69
HIST_000279,AST_000043,ENGINEERING,INSPECTION,70.1,93.6,43.2,5,7,30,37,4,TRUE,TRUE,0.94,False,HIGH,64.32
HIST_000280,AST_000010,ENGINEERING,REPAIR,83.3,91.6,45.8,2,2,120,121,1,TRUE,TRUE,0.055,False,LOW,60.8
HIST_000281,AST_000027,S&T,REPLACEMENT,50.8,24.1,60.9,4,7,240,291,31,TRUE,TRUE,0.549,True,CRITICAL,58.45
HIST_000282,AST_000044,TRD,TESTING,56.3,79.6,46.1,1,4,75,77,1,TRUE,TRUE,0.83,False,MEDIUM,53.51
HIST_000283,AST_000011,TRD,PREVENTIVE_MAINTENANCE,69.6,54.1,74.0,1,3,150,131,0,FALSE,TRUE,0.939,False,LOW,52.95
HIST_000284,AST_000028,ENGINEERING,CORRECTIVE_MAINTENANCE,49.5,65.8,21.9,3,9,75,60,0,FALSE,TRUE,0.369,False,CRITICAL,50.68
HIST_000285,AST_000045,S&T,INSPECTION,42.3,96.3,25.4,5,2,240,293,32,TRUE,TRUE,0.942,False,HIGH,53.09
HIST_000286,AST_000012,S&T,REPAIR,62.0,0.0,47.3,1,5,180,172,0,FALSE,TRUE,0.108,False,LOW,31.81
HIST_000287,AST_000029,TRD,REPLACEMENT,88.2,100.0,17.3,1,4,60,50,0,FALSE,TRUE,0.575,False,MEDIUM,62.42
HIST_000288,AST_000046,ENGINEERING,TESTING,52.0,25.5,50.0,1,3,30,28,0,FALSE,TRUE,0.689,True,LOW,45.73
HIST_000289,AST_000013,ENGINEERING,PREVENTIVE_MAINTENANCE,54.3,0.0,62.4,2,10,120,136,10,TRUE,TRUE,0.425,False,MEDIUM,36.27
HIST_000290,AST_000030,S&T,TESTING,88.6,94.9,27.9,0,4,300,299,0,FALSE,FALSE,0.297,False,HIGH,67.13
HIST_000291,AST_000047,TRD,PREVENTIVE_MAINTENANCE,84.5,0.0,15.9,4,3,150,122,0,FALSE,TRUE,0.395,False,HIGH,39.78
HIST_000292,AST_000014,TRD,CORRECTIVE_MAINTENANCE,44.4,100.0,74.4,1,6,180,148,0,FALSE,TRUE,0.25,False,MEDIUM,60.7
HIST_000293,AST_000031,ENGINEERING,INSPECTION,40.4,9.9,58.1,0,9,75,83,5,TRUE,FALSE,0.666,False,HIGH,37.47
HIST_000294,AST_000048,S&T,REPAIR,56.3,0.0,34.5,0,12,45,49,2,TRUE,FALSE,0.639,False,LOW,27.54
HIST_000295,AST_000015,S&T,REPLACEMENT,53.9,15.2,71.0,4,8,150,177,16,TRUE,TRUE,0.806,True,MEDIUM,51.67
HIST_000296,AST_000032,TRD,TESTING,72.1,54.8,55.7,1,2,60,67,4,TRUE,TRUE,0.387,False,CRITICAL,61.47
HIST_000297,AST_000049,ENGINEERING,PREVENTIVE_MAINTENANCE,67.6,68.9,59.7,2,2,45,36,0,FALSE,TRUE,0.066,False,MEDIUM,56.94
HIST_000298,AST_000016,ENGINEERING,CORRECTIVE_MAINTENANCE,55.3,100.0,54.2,2,2,120,140,12,TRUE,TRUE,0.356,False,HIGH,63.68
HIST_000299,AST_000033,S&T,INSPECTION,80.7,100.0,27.9,3,10,90,81,0,FALSE,TRUE,0.376,False,LOW,58.54
HIST_000300,AST_000050,TRD,REPAIR,88.2,100.0,35.1,0,9,75,85,6,TRUE,FALSE,0.669,False,MEDIUM,65.98
HIST_000301,AST_000017,TRD,REPLACEMENT,66.6,0.0,38.2,1,10,240,239,0,FALSE,TRUE,0.674,False,MEDIUM,35.12
HIST_000302,AST_000034,ENGINEERING,TESTING,82.4,31.1,24.6,1,8,60,66,4,TRUE,TRUE,0.014,True,MEDIUM,54.92
HIST_000303,AST_000001,ENGINEERING,PREVENTIVE_MAINTENANCE,50.3,100.0,27.6,2,11,60,58,0,FALSE,TRUE,0.059,False,MEDIUM,53.11
HIST_000304,AST_000018,S&T,CORRECTIVE_MAINTENANCE,94.2,100.0,32.2,1,8,30,25,0,FALSE,TRUE,0.143,False,HIGH,70.95
HIST_000305,AST_000035,TRD,INSPECTION,84.2,100.0,22.2,5,7,150,181,19,TRUE,TRUE,0.551,False,LOW,58.45
HIST_000306,AST_000002,TRD,REPAIR,63.8,100.0,34.8,4,7,30,30,0,FALSE,TRUE,0.486,False,MEDIUM,58.6
HIST_000307,AST_000019,ENGINEERING,REPLACEMENT,79.6,100.0,18.1,4,5,150,182,19,TRUE,TRUE,0.056,False,CRITICAL,67.5
HIST_000308,AST_000036,S&T,TESTING,78.2,94.2,48.5,5,8,30,27,0,FALSE,TRUE,0.281,False,LOW,60.46
HIST_000309,AST_000003,S&T,PREVENTIVE_MAINTENANCE,55.7,17.4,61.0,2,4,60,56,0,FALSE,TRUE,0.791,True,CRITICAL,58.26
HIST_000310,AST_000020,TRD,CORRECTIVE_MAINTENANCE,63.2,57.5,30.5,0,8,240,235,0,FALSE,FALSE,0.295,False,LOW,43.19
HIST_000311,AST_000037,ENGINEERING,INSPECTION,81.9,1.7,31.3,1,5,240,238,0,FALSE,TRUE,0.93,False,HIGH,42.51
HIST_000312,AST_000004,ENGINEERING,REPAIR,87.4,79.0,48.7,4,5,75,85,6,TRUE,TRUE,0.494,False,MEDIUM,63.21
HIST_000313,AST_000021,S&T,REPLACEMENT,42.9,45.5,44.3,0,3,240,294,32,TRUE,FALSE,0.386,False,LOW,36.85
HIST_000314,AST_000038,TRD,TESTING,95.1,100.0,40.5,2,2,60,74,8,TRUE,TRUE,0.516,False,LOW,65.38
HIST_000315,AST_000005,TRD,PREVENTIVE_MAINTENANCE,56.6,100.0,19.0,5,4,120,139,11,TRUE,TRUE,0.341,False,HIGH,57.03
HIST_000316,AST_000022,ENGINEERING,TESTING,76.5,9.3,56.3,3,8,180,171,0,FALSE,TRUE,0.901,True,MEDIUM,54.03
HIST_000317,AST_000039,S&T,PREVENTIVE_MAINTENANCE,91.8,48.5,36.2,4,9,90,106,10,TRUE,TRUE,0.389,False,HIGH,58.16
HIST_000318,AST_000006,S&T,CORRECTIVE_MAINTENANCE,94.3,6.9,16.0,4,7,150,181,19,TRUE,TRUE,0.433,False,LOW,36.97
HIST_000319,AST_000023,TRD,INSPECTION,55.6,18.6,62.0,0,9,60,71,7,TRUE,FALSE,0.345,False,HIGH,44.98
HIST_000320,AST_000040,ENGINEERING,REPAIR,49.9,25.4,70.3,2,1,90,86,0,FALSE,TRUE,0.482,False,MEDIUM,42.88
HIST_000321,AST_000007,ENGINEERING,REPLACEMENT,52.8,100.0,35.2,2,12,180,219,23,TRUE,TRUE,0.343,False,CRITICAL,62.88
HIST_000322,AST_000024,S&T,TESTING,66.7,48.1,23.6,3,9,150,152,1,TRUE,TRUE,0.929,False,CRITICAL,51.76
HIST_000323,AST_000041,TRD,PREVENTIVE_MAINTENANCE,89.8,0.7,53.9,4,2,45,44,0,FALSE,TRUE,0.214,True,LOW,51.64
HIST_000324,AST_000008,TRD,CORRECTIVE_MAINTENANCE,88.0,100.0,61.0,3,9,60,65,3,TRUE,TRUE,0.748,False,LOW,67.35
HIST_000325,AST_000025,ENGINEERING,INSPECTION,94.7,100.0,40.4,3,4,180,182,1,TRUE,TRUE,0.022,False,MEDIUM,68.99
HIST_000326,AST_000042,S&T,REPAIR,44.5,100.0,49.8,2,1,180,151,0,FALSE,TRUE,0.971,False,HIGH,59.56
HIST_000327,AST_000009,S&T,REPLACEMENT,89.0,0.0,56.3,2,1,240,280,24,TRUE,TRUE,0.565,False,MEDIUM,45.46
HIST_000328,AST_000026,TRD,TESTING,79.3,59.5,27.8,2,7,60,65,3,TRUE,TRUE,0.37,False,MEDIUM,51.73
HIST_000329,AST_000043,ENGINEERING,PREVENTIVE_MAINTENANCE,70.1,32.6,45.2,0,3,90,105,9,TRUE,FALSE,0.847,False,MEDIUM,45.72
HIST_000330,AST_000010,ENGINEERING,CORRECTIVE_MAINTENANCE,83.3,40.9,46.2,1,10,75,88,8,TRUE,TRUE,0.322,True,HIGH,65.7
HIST_000331,AST_000027,S&T,INSPECTION,50.8,47.6,60.3,0,6,240,260,12,TRUE,FALSE,0.317,False,MEDIUM,46.7
HIST_000332,AST_000044,TRD,REPAIR,56.3,5.7,47.8,0,8,75,78,2,TRUE,FALSE,0.329,False,MEDIUM,35.38
HIST_000333,AST_000011,TRD,REPLACEMENT,69.6,100.0,64.9,2,5,90,85,0,FALSE,TRUE,0.618,False,HIGH,70.11
HIST_000334,AST_000028,ENGINEERING,TESTING,49.5,0.0,27.7,0,10,30,29,0,FALSE,FALSE,0.335,False,MEDIUM,27.89
HIST_000335,AST_000045,S&T,PREVENTIVE_MAINTENANCE,42.3,43.1,29.7,4,12,75,72,0,FALSE,TRUE,0.46,False,HIGH,40.66
HIST_000336,AST_000012,S&T,CORRECTIVE_MAINTENANCE,62.0,73.4,46.4,0,3,90,91,1,TRUE,FALSE,0.281,False,HIGH,57.48
HIST_000337,AST_000029,TRD,INSPECTION,88.2,100.0,18.3,5,7,150,134,0,FALSE,TRUE,0.358,True,HIGH,76.37
HIST_000338,AST_000046,ENGINEERING,REPAIR,52.0,73.2,59.7,3,8,75,77,1,TRUE,TRUE,0.942,False,MEDIUM,53.34
HIST_000339,AST_000013,ENGINEERING,REPLACEMENT,54.3,81.8,53.8,2,3,120,150,18,TRUE,TRUE,0.321,False,CRITICAL,62.5
HIST_000340,AST_000030,S&T,TESTING,88.6,73.2,20.0,3,9,180,189,5,TRUE,TRUE,0.619,False,HIGH,60.13
HIST_000341,AST_000047,TRD,PREVENTIVE_MAINTENANCE,84.5,100.0,24.4,2,11,90,84,0,FALSE,TRUE,0.39,False,MEDIUM,62.73
HIST_000342,AST_000014,TRD,CORRECTIVE_MAINTENANCE,44.4,10.9,73.5,3,10,30,33,2,TRUE,TRUE,0.535,False,CRITICAL,45.74
HIST_000343,AST_000031,ENGINEERING,PREVENTIVE_MAINTENANCE,40.4,59.8,53.7,4,3,150,164,8,TRUE,TRUE,0.232,False,LOW,41.56
HIST_000344,AST_000048,S&T,CORRECTIVE_MAINTENANCE,56.3,74.6,37.2,1,7,120,148,17,TRUE,TRUE,0.067,True,LOW,56.73
HIST_000345,AST_000015,S&T,INSPECTION,53.9,99.7,69.6,4,11,180,157,0,FALSE,TRUE,0.896,False,LOW,58.77
HIST_000346,AST_000032,TRD,REPAIR,72.1,69.8,54.9,1,3,60,70,6,TRUE,TRUE,0.604,False,CRITICAL,65.06
HIST_000347,AST_000049,ENGINEERING,REPLACEMENT,67.6,100.0,55.3,0,8,120,103,0,FALSE,FALSE,0.403,False,HIGH,67.59
HIST_000348,AST_000016,ENGINEERING,TESTING,55.3,100.0,48.3,2,10,150,172,13,TRUE,TRUE,0.909,False,MEDIUM,58.75
HIST_000349,AST_000033,S&T,PREVENTIVE_MAINTENANCE,80.7,74.9,17.4,5,10,180,210,18,TRUE,TRUE,0.849,False,CRITICAL,61.41
HIST_000350,AST_000050,TRD,CORRECTIVE_MAINTENANCE,88.2,26.1,35.4,5,12,180,145,0,FALSE,TRUE,0.059,False,CRITICAL,55.06
HIST_000351,AST_000017,TRD,INSPECTION,66.6,7.2,43.4,4,3,90,102,7,TRUE,TRUE,0.544,True,HIGH,51.71
HIST_000352,AST_000034,ENGINEERING,REPAIR,82.4,0.0,18.3,0,12,60,68,5,TRUE,FALSE,0.139,False,CRITICAL,43.38
HIST_000353,AST_000001,ENGINEERING,REPLACEMENT,50.3,0.0,34.3,1,12,120,100,0,FALSE,TRUE,0.45,False,HIGH,33.2
HIST_000354,AST_000018,S&T,TESTING,94.2,0.0,21.5,4,7,90,73,0,FALSE,TRUE,0.693,False,MEDIUM,40.06
HIST_000355,AST_000035,TRD,PREVENTIVE_MAINTENANCE,84.2,83.3,29.5,0,9,120,134,8,TRUE,FALSE,0.012,False,HIGH,63.23
HIST_000356,AST_000002,TRD,CORRECTIVE_MAINTENANCE,63.8,0.0,34.7,1,2,90,110,12,TRUE,TRUE,0.643,False,CRITICAL,41.08
HIST_000357,AST_000019,ENGINEERING,INSPECTION,79.6,100.0,28.5,2,12,150,155,3,TRUE,TRUE,0.699,False,HIGH,65.83
HIST_000358,AST_000036,S&T,REPAIR,78.2,71.1,57.9,1,11,75,61,0,FALSE,TRUE,0.659,True,MEDIUM,70.31
HIST_000359,AST_000003,S&T,REPLACEMENT,55.7,72.3,57.3,1,4,180,186,4,TRUE,TRUE,0.24,False,HIGH,57.49
HIST_000360,AST_000020,TRD,TESTING,63.2,26.7,22.6,5,11,120,100,0,FALSE,TRUE,0.936,False,LOW,33.91
HIST_000361,AST_000037,ENGINEERING,PREVENTIVE_MAINTENANCE,81.9,62.2,34.1,3,4,150,156,4,TRUE,TRUE,0.184,False,CRITICAL,61.94
HIST_000362,AST_000004,ENGINEERING,CORRECTIVE_MAINTENANCE,87.4,0.0,50.4,1,11,150,167,10,TRUE,TRUE,0.055,False,LOW,40.05
HIST_000363,AST_000021,S&T,INSPECTION,42.9,100.0,44.5,0,1,240,245,3,TRUE,FALSE,0.535,False,MEDIUM,54.27
HIST_000364,AST_000038,TRD,REPAIR,95.1,100.0,46.7,3,8,45,50,3,TRUE,TRUE,0.415,False,MEDIUM,70.37
HIST_000365,AST_000005,TRD,REPLACEMENT,56.6,100.0,24.7,4,4,150,151,1,TRUE,TRUE,0.685,True,MEDIUM,64.42
HIST_000366,AST_000022,ENGINEERING,TESTING,76.5,16.0,50.4,1,8,180,169,0,FALSE,TRUE,0.624,False,LOW,40.78
HIST_000367,AST_000039,S&T,PREVENTIVE_MAINTENANCE,91.8,0.0,35.9,5,5,60,50,0,FALSE,TRUE,0.891,False,LOW,38.47
HIST_000368,AST_000006,S&T,CORRECTIVE_MAINTENANCE,94.3,89.2,21.7,3,7,75,79,2,TRUE,TRUE,0.187,False,LOW,58.68
HIST_000369,AST_000023,TRD,PREVENTIVE_MAINTENANCE,55.6,22.4,55.1,1,2,60,74,8,TRUE,TRUE,0.659,False,HIGH,44.55
HIST_000370,AST_000040,ENGINEERING,CORRECTIVE_MAINTENANCE,49.9,78.5,75.1,1,6,75,93,11,TRUE,TRUE,0.13,False,HIGH,60.86
HIST_000371,AST_000007,ENGINEERING,INSPECTION,52.8,62.5,39.5,0,5,180,159,0,FALSE,FALSE,0.137,False,CRITICAL,54.36
HIST_000372,AST_000024,S&T,REPAIR,66.7,0.0,29.7,1,8,75,62,0,FALSE,TRUE,0.244,True,MEDIUM,43.45
HIST_000373,AST_000041,TRD,REPLACEMENT,89.8,100.0,46.1,0,8,30,32,1,TRUE,FALSE,0.752,False,LOW,64.91
HIST_000374,AST_000008,TRD,TESTING,88.0,81.6,60.9,4,5,30,34,2,TRUE,TRUE,0.053,False,HIGH,70.23
HIST_000375,AST_000025,ENGINEERING,PREVENTIVE_MAINTENANCE,94.7,82.2,39.7,2,5,45,38,0,FALSE,TRUE,0.098,False,CRITICAL,71.9
HIST_000376,AST_000042,S&T,CORRECTIVE_MAINTENANCE,44.5,100.0,39.3,0,9,240,270,18,TRUE,FALSE,0.168,False,MEDIUM,53.71
HIST_000377,AST_000009,S&T,INSPECTION,89.0,0.0,61.0,5,3,60,71,7,TRUE,TRUE,0.888,False,LOW,42.65
HIST_000378,AST_000026,TRD,REPAIR,79.3,78.6,20.7,3,7,60,74,8,TRUE,TRUE,0.364,False,HIGH,58.83
HIST_000379,AST_000043,ENGINEERING,REPLACEMENT,70.1,70.3,51.0,5,9,60,59,0,FALSE,TRUE,0.066,True,LOW,62.55
HIST_000380,AST_000010,ENGINEERING,TESTING,83.3,96.1,52.4,5,1,180,171,0,FALSE,TRUE,0.131,False,MEDIUM,67.0
HIST_000381,AST_000027,S&T,PREVENTIVE_MAINTENANCE,50.8,60.9,48.5,4,3,120,150,18,TRUE,TRUE,0.965,False,CRITICAL,55.16
HIST_000382,AST_000044,TRD,CORRECTIVE_MAINTENANCE,56.3,0.0,47.6,1,11,180,147,0,FALSE,TRUE,0.48,False,HIGH,37.66
HIST_000383,AST_000011,TRD,INSPECTION,69.6,10.8,71.0,1,9,30,30,0,FALSE,TRUE,0.738,False,HIGH,49.03
HIST_000384,AST_000028,ENGINEERING,REPAIR,49.5,54.2,23.9,4,9,45,44,0,FALSE,TRUE,0.598,False,HIGH,44.43
HIST_000385,AST_000045,S&T,REPLACEMENT,42.3,19.2,23.2,3,8,60,57,0,FALSE,TRUE,0.959,False,HIGH,33.38
HIST_000386,AST_000012,S&T,TESTING,62.0,0.0,42.1,5,4,150,151,1,TRUE,TRUE,0.112,True,HIGH,48.27
HIST_000387,AST_000029,TRD,PREVENTIVE_MAINTENANCE,88.2,0.0,30.3,5,3,120,115,0,FALSE,TRUE,0.496,False,LOW,36.27
HIST_000388,AST_000046,ENGINEERING,CORRECTIVE_MAINTENANCE,52.0,0.0,61.4,1,4,150,178,17,TRUE,TRUE,0.47,False,LOW,31.63
HIST_000389,AST_000013,ENGINEERING,INSPECTION,54.3,88.2,61.5,3,11,30,36,4,TRUE,TRUE,0.718,False,CRITICAL,65.64
HIST_000390,AST_000030,S&T,REPAIR,88.6,100.0,27.4,4,6,60,49,0,FALSE,TRUE,0.095,False,CRITICAL,72.06
HIST_000391,AST_000047,TRD,REPLACEMENT,84.5,0.0,19.8,2,12,30,36,4,TRUE,TRUE,0.301,False,MEDIUM,36.81
HIST_000392,AST_000014,TRD,TESTING,44.4,71.8,72.4,0,1,90,74,0,FALSE,FALSE,0.965,False,CRITICAL,60.75
HIST_000393,AST_000031,ENGINEERING,PREVENTIVE_MAINTENANCE,40.4,100.0,50.0,1,7,180,177,0,FALSE,TRUE,0.558,True,HIGH,68.37
HIST_000394,AST_000048,S&T,CORRECTIVE_MAINTENANCE,56.3,39.3,37.7,4,11,75,74,0,FALSE,TRUE,0.26,False,MEDIUM,41.75
HIST_000395,AST_000015,S&T,PREVENTIVE_MAINTENANCE,53.9,69.1,69.0,1,8,180,171,0,FALSE,TRUE,0.529,False,LOW,50.99
HIST_000396,AST_000032,TRD,CORRECTIVE_MAINTENANCE,72.1,80.0,57.0,1,9,120,102,0,FALSE,TRUE,0.791,False,MEDIUM,60.53
HIST_000397,AST_000049,ENGINEERING,INSPECTION,67.6,0.0,50.5,0,4,60,69,5,TRUE,FALSE,0.073,False,CRITICAL,45.38
HIST_000398,AST_000016,ENGINEERING,REPAIR,55.3,63.7,43.4,3,9,90,79,0,FALSE,TRUE,0.657,False,HIGH,52.45
HIST_000399,AST_000033,S&T,REPLACEMENT,80.7,75.6,24.8,5,11,75,93,11,TRUE,TRUE,0.459,False,LOW,51.82
HIST_000400,AST_000050,TRD,TESTING,88.2,35.6,35.5,2,1,30,36,4,TRUE,TRUE,0.955,True,LOW,56.21
HIST_000401,AST_000017,TRD,PREVENTIVE_MAINTENANCE,66.6,100.0,43.2,4,2,30,28,0,FALSE,TRUE,0.744,False,HIGH,64.87
HIST_000402,AST_000034,ENGINEERING,CORRECTIVE_MAINTENANCE,82.4,0.0,25.1,4,7,150,174,14,TRUE,TRUE,0.117,False,LOW,33.49
HIST_000403,AST_000001,ENGINEERING,INSPECTION,50.3,19.7,27.1,0,10,75,60,0,FALSE,FALSE,0.541,False,MEDIUM,32.94
HIST_000404,AST_000018,S&T,REPAIR,94.2,40.6,26.1,1,12,240,255,9,TRUE,TRUE,0.359,False,LOW,47.38
HIST_000405,AST_000035,TRD,REPLACEMENT,84.2,100.0,23.3,5,2,60,62,1,TRUE,TRUE,0.871,False,CRITICAL,69.92
HIST_000406,AST_000002,TRD,TESTING,63.8,100.0,39.9,2,5,60,60,0,FALSE,TRUE,0.282,False,HIGH,63.37
HIST_000407,AST_000019,ENGINEERING,PREVENTIVE_MAINTENANCE,79.6,42.0,22.7,5,12,120,96,0,FALSE,TRUE,0.154,True,CRITICAL,63.92
HIST_000408,AST_000036,S&T,CORRECTIVE_MAINTENANCE,78.2,100.0,44.8,5,8,240,274,20,TRUE,TRUE,0.128,False,LOW,61.17
HIST_000409,AST_000003,S&T,INSPECTION,55.7,0.0,54.3,3,11,30,32,1,TRUE,TRUE,0.989,False,HIGH,38.82
HIST_000410,AST_000020,TRD,REPAIR,63.2,77.6,28.3,2,7,90,76,0,FALSE,TRUE,0.694,False,MEDIUM,51.52
HIST_000411,AST_000037,ENGINEERING,REPLACEMENT,81.9,74.4,29.5,5,8,180,155,0,FALSE,TRUE,0.916,False,HIGH,60.32
HIST_000412,AST_000004,ENGINEERING,TESTING,87.4,100.0,43.6,2,4,120,105,0,FALSE,TRUE,0.643,False,HIGH,71.19
HIST_000413,AST_000021,S&T,PREVENTIVE_MAINTENANCE,42.9,17.6,48.8,1,3,30,34,2,TRUE,TRUE,0.692,False,LOW,30.78
HIST_000414,AST_000038,TRD,CORRECTIVE_MAINTENANCE,95.1,86.1,40.6,5,9,180,204,14,TRUE,TRUE,0.965,True,MEDIUM,75.67
HIST_000415,AST_000005,TRD,INSPECTION,56.6,82.3,21.0,5,4,60,72,7,TRUE,TRUE,0.504,False,MEDIUM,49.26
HIST_000416,AST_000022,ENGINEERING,REPAIR,76.5,100.0,54.0,4,2,240,287,28,TRUE,TRUE,0.885,False,CRITICAL,73.75
HIST_000417,AST_000039,S&T,REPLACEMENT,91.8,100.0,44.8,1,7,60,54,0,FALSE,TRUE,0.372,False,HIGH,72.75
HIST_000418,AST_000006,S&T,TESTING,94.3,62.3,16.1,3,8,75,83,5,TRUE,TRUE,0.304,False,MEDIUM,54.58
HIST_000419,AST_000023,TRD,PREVENTIVE_MAINTENANCE,55.6,88.7,57.5,4,3,60,63,2,TRUE,TRUE,0.667,False,CRITICAL,65.36
HIST_000420,AST_000040,ENGINEERING,CORRECTIVE_MAINTENANCE,49.9,0.0,81.8,4,8,75,60,0,FALSE,TRUE,0.364,False,MEDIUM,38.83
HIST_000421,AST_000007,ENGINEERING,INSPECTION,52.8,17.5,37.0,5,5,120,149,17,TRUE,TRUE,0.484,True,LOW,41.36
HIST_000422,AST_000024,S&T,CORRECTIVE_MAINTENANCE,66.7,10.8,27.7,0,8,240,284,26,TRUE,FALSE,0.267,False,CRITICAL,43.25
HIST_000423,AST_000041,TRD,INSPECTION,89.8,100.0,51.7,4,3,90,103,8,TRUE,TRUE,0.036,False,HIGH,73.53
HIST_000424,AST_000008,TRD,REPAIR,88.0,57.6,58.6,2,7,75,66,0,FALSE,TRUE,0.857,False,HIGH,63.77
HIST_000425,AST_000025,ENGINEERING,REPLACEMENT,94.7,98.7,40.5,2,10,180,206,16,TRUE,TRUE,0.117,False,HIGH,72.44
HIST_000426,AST_000042,S&T,TESTING,44.5,100.0,51.0,0,11,180,206,16,TRUE,FALSE,0.88,False,LOW,52.3
HIST_000427,AST_000009,S&T,PREVENTIVE_MAINTENANCE,89.0,97.0,52.7,2,12,150,187,22,TRUE,TRUE,0.298,False,LOW,65.24
HIST_000428,AST_000026,TRD,CORRECTIVE_MAINTENANCE,79.3,0.0,22.1,2,3,75,92,10,TRUE,TRUE,0.357,True,CRITICAL,53.21
HIST_000429,AST_000043,ENGINEERING,INSPECTION,70.1,100.0,44.3,1,4,150,162,7,TRUE,TRUE,0.303,False,HIGH,66.14
HIST_000430,AST_000010,ENGINEERING,REPAIR,83.3,0.0,53.3,1,10,75,74,0,FALSE,TRUE,0.67,False,CRITICAL,50.65
HIST_000431,AST_000027,S&T,REPLACEMENT,50.8,3.4,52.9,1,11,30,27,0,FALSE,TRUE,0.394,False,MEDIUM,34.17
HIST_000432,AST_000044,TRD,TESTING,56.3,91.6,52.4,2,12,75,71,0,FALSE,TRUE,0.495,False,HIGH,61.52
HIST_000433,AST_000011,TRD,PREVENTIVE_MAINTENANCE,69.6,57.1,74.5,0,11,180,148,0,FALSE,FALSE,0.818,False,LOW,53.8
HIST_000434,AST_000028,ENGINEERING,CORRECTIVE_MAINTENANCE,49.5,100.0,23.3,2,2,120,125,3,TRUE,TRUE,0.835,False,HIGH,55.76
HIST_000435,AST_000045,S&T,INSPECTION,42.3,100.0,26.5,4,11,180,162,0,FALSE,TRUE,0.624,True,LOW,56.74
HIST_000436,AST_000012,S&T,REPAIR,62.0,34.5,47.7,1,12,120,100,0,FALSE,TRUE,0.854,False,LOW,40.52
HIST_000437,AST_000029,TRD,REPLACEMENT,88.2,100.0,20.6,3,4,30,29,0,FALSE,TRUE,0.964,False,MEDIUM,63.08
HIST_000438,AST_000046,ENGINEERING,TESTING,52.0,0.0,49.0,0,9,240,197,0,FALSE,FALSE,0.045,False,CRITICAL,40.4
HIST_000439,AST_000013,ENGINEERING,PREVENTIVE_MAINTENANCE,54.3,100.0,53.2,2,9,75,75,0,FALSE,TRUE,0.056,False,LOW,55.68
HIST_000440,AST_000030,S&T,CORRECTIVE_MAINTENANCE,88.6,54.3,29.8,2,11,240,212,0,FALSE,TRUE,0.135,False,HIGH,57.37
HIST_000441,AST_000047,TRD,INSPECTION,84.5,89.4,26.8,0,6,180,206,16,TRUE,FALSE,0.692,False,HIGH,64.31
HIST_000442,AST_000014,TRD,REPAIR,44.4,1.6,63.6,1,1,60,64,2,TRUE,TRUE,0.085,True,MEDIUM,43.94
HIST_000443,AST_000031,ENGINEERING,REPLACEMENT,40.4,11.6,58.3,5,6,240,226,0,FALSE,TRUE,0.912,False,LOW,30.43
HIST_000444,AST_000048,S&T,TESTING,56.3,100.0,33.3,5,3,90,94,2,TRUE,TRUE,0.454,False,HIGH,59.8
HIST_000445,AST_000015,S&T,PREVENTIVE_MAINTENANCE,53.9,29.9,68.0,0,6,60,70,6,TRUE,FALSE,0.958,False,MEDIUM,44.74
HIST_000446,AST_000032,TRD,CORRECTIVE_MAINTENANCE,72.1,0.0,54.6,2,11,240,256,10,TRUE,TRUE,0.852,False,HIGH,43.8
HIST_000447,AST_000049,ENGINEERING,INSPECTION,67.6,81.9,53.4,0,4,150,176,16,TRUE,FALSE,0.959,False,MEDIUM,58.93
HIST_000448,AST_000016,ENGINEERING,CORRECTIVE_MAINTENANCE,55.3,100.0,47.3,1,7,61,76,9,TRUE,TRUE,0.174,False,MEDIUM,58.55
HIST_000449,AST_000033,S&T,INSPECTION,80.7,96.8,17.5,1,12,240,225,0,FALSE,TRUE,0.381,True,LOW,65.66
HIST_000450,AST_000050,TRD,REPAIR,88.2,57.0,30.9,0,3,180,147,0,FALSE,FALSE,0.831,False,MEDIUM,54.39
HIST_000451,AST_000017,TRD,REPLACEMENT,66.6,100.0,44.2,3,11,60,64,2,TRUE,TRUE,0.297,False,LOW,57.57
HIST_000452,AST_000034,ENGINEERING,TESTING,82.4,99.0,26.0,4,7,75,66,0,FALSE,TRUE,0.951,False,CRITICAL,69.67
HIST_000453,AST_000001,ENGINEERING,PREVENTIVE_MAINTENANCE,50.3,100.0,28.8,0,5,60,64,2,TRUE,FALSE,0.933,False,MEDIUM,53.35
HIST_000454,AST_000018,S&T,CORRECTIVE_MAINTENANCE,94.2,71.6,28.3,4,3,150,170,12,TRUE,TRUE,0.643,False,HIGH,63.07
HIST_000455,AST_000035,TRD,INSPECTION,84.2,100.0,26.0,1,1,75,83,5,TRUE,TRUE,0.444,False,HIGH,66.71
HIST_000456,AST_000002,TRD,REPAIR,63.8,10.9,40.2,4,7,90,86,0,FALSE,TRUE,0.099,True,CRITICAL,54.91
HIST_000457,AST_000019,ENGINEERING,REPLACEMENT,79.6,71.1,21.3,2,4,75,66,0,FALSE,TRUE,0.978,False,MEDIUM,53.41
HIST_000458,AST_000036,S&T,TESTING,78.2,94.5,54.3,2,12,45,53,5,TRUE,TRUE,0.492,False,CRITICAL,72.94
HIST_000459,AST_000003,S&T,PREVENTIVE_MAINTENANCE,55.7,75.5,52.8,2,10,90,94,2,TRUE,TRUE,0.348,False,MEDIUM,53.65
HIST_000460,AST_000020,TRD,CORRECTIVE_MAINTENANCE,63.2,100.0,29.2,1,11,75,74,0,FALSE,TRUE,0.337,False,MEDIUM,57.3
HIST_000461,AST_000037,ENGINEERING,INSPECTION,81.9,54.4,41.5,3,6,75,77,1,TRUE,TRUE,0.006,False,CRITICAL,61.47
HIST_000462,AST_000004,ENGINEERING,REPAIR,87.4,100.0,43.9,2,9,75,89,8,TRUE,TRUE,0.833,False,MEDIUM,67.5
HIST_000463,AST_000021,S&T,REPLACEMENT,42.9,0.0,45.7,1,4,30,35,3,TRUE,TRUE,0.555,True,MEDIUM,39.51
HIST_000464,AST_000038,TRD,TESTING,95.1,100.0,44.3,1,7,45,50,3,TRUE,TRUE,0.658,False,HIGH,73.64
HIST_000465,AST_000005,TRD,PREVENTIVE_MAINTENANCE,56.6,66.7,11.2,5,9,120,120,0,FALSE,TRUE,0.693,False,LOW,39.65
HIST_000466,AST_000022,ENGINEERING,CORRECTIVE_MAINTENANCE,76.5,51.8,53.6,5,12,45,38,0,FALSE,TRUE,0.788,False,HIGH,57.87
HIST_000467,AST_000039,S&T,INSPECTION,91.8,15.5,41.4,1,7,180,156,0,FALSE,TRUE,0.672,False,CRITICAL,54.7
HIST_000468,AST_000006,S&T,REPAIR,94.3,0.0,14.0,2,6,75,87,7,TRUE,TRUE,0.169,False,LOW,34.84
HIST_000469,AST_000023,TRD,REPLACEMENT,55.6,24.2,62.7,0,9,30,29,0,FALSE,FALSE,0.972,False,LOW,39.02
HIST_000470,AST_000040,ENGINEERING,TESTING,49.9,75.5,71.1,1,6,75,92,10,TRUE,TRUE,0.64,True,HIGH,69.31
HIST_000471,AST_000007,ENGINEERING,PREVENTIVE_MAINTENANCE,52.8,20.3,42.5,0,10,75,64,0,FALSE,FALSE,0.142,False,MEDIUM,36.91
HIST_000472,AST_000024,S&T,CORRECTIVE_MAINTENANCE,66.7,0.0,22.4,1,4,90,73,0,FALSE,TRUE,0.753,False,HIGH,35.74
HIST_000473,AST_000041,TRD,INSPECTION,89.8,100.0,51.6,2,3,150,125,0,FALSE,TRUE,0.122,False,CRITICAL,77.26
HIST_000474,AST_000008,TRD,CORRECTIVE_MAINTENANCE,88.0,10.5,59.8,4,1,60,49,0,FALSE,TRUE,0.603,False,MEDIUM,48.48
HIST_000475,AST_000025,ENGINEERING,INSPECTION,94.7,71.1,33.7,4,4,45,52,4,TRUE,TRUE,0.786,False,CRITICAL,67.93
HIST_000476,AST_000042,S&T,REPAIR,44.5,42.4,38.7,5,8,120,109,0,FALSE,TRUE,0.453,False,MEDIUM,39.19
HIST_000477,AST_000009,S&T,REPLACEMENT,89.0,0.0,60.6,4,5,30,29,0,FALSE,TRUE,0.338,True,HIGH,60.07
HIST_000478,AST_000026,TRD,TESTING,79.3,77.7,17.8,5,11,240,217,0,FALSE,TRUE,0.505,False,MEDIUM,54.28
HIST_000479,AST_000043,ENGINEERING,PREVENTIVE_MAINTENANCE,70.1,0.0,44.0,1,10,120,137,10,TRUE,TRUE,0.518,False,HIGH,41.08
HIST_000480,AST_000010,ENGINEERING,CORRECTIVE_MAINTENANCE,83.3,100.0,42.3,1,4,180,199,11,TRUE,TRUE,0.119,False,MEDIUM,65.95
HIST_000481,AST_000027,S&T,INSPECTION,50.8,24.5,60.7,5,4,45,45,0,FALSE,TRUE,0.467,False,LOW,37.25
HIST_000482,AST_000044,TRD,REPAIR,56.3,100.0,49.2,0,6,60,50,0,FALSE,FALSE,0.579,False,CRITICAL,66.73
HIST_000483,AST_000011,TRD,REPLACEMENT,69.6,98.8,66.3,3,4,240,194,0,FALSE,TRUE,0.901,False,CRITICAL,73.84
HIST_000484,AST_000028,ENGINEERING,TESTING,49.5,96.7,31.2,4,9,90,74,0,FALSE,TRUE,0.964,True,LOW,59.02
HIST_000485,AST_000045,S&T,PREVENTIVE_MAINTENANCE,42.3,100.0,24.6,3,5,75,64,0,FALSE,TRUE,0.049,False,LOW,46.36
HIST_000486,AST_000012,S&T,CORRECTIVE_MAINTENANCE,62.0,100.0,43.8,1,4,180,188,5,TRUE,TRUE,0.271,False,HIGH,63.61
HIST_000487,AST_000029,TRD,INSPECTION,88.2,92.9,25.1,3,5,90,95,3,TRUE,TRUE,0.361,False,HIGH,65.96
HIST_000488,AST_000046,ENGINEERING,REPAIR,52.0,40.2,56.4,1,6,30,25,0,FALSE,TRUE,0.942,False,HIGH,48.18
HIST_000489,AST_000013,ENGINEERING,REPLACEMENT,54.3,33.1,58.0,1,4,60,67,4,TRUE,TRUE,0.524,False,HIGH,47.41
HIST_000490,AST_000030,S&T,TESTING,88.6,16.7,24.1,5,8,75,63,0,FALSE,TRUE,0.262,False,HIGH,46.83
HIST_000491,AST_000047,TRD,PREVENTIVE_MAINTENANCE,84.5,0.0,20.4,2,11,120,120,0,FALSE,TRUE,0.002,True,HIGH,50.68
HIST_000492,AST_000014,TRD,CORRECTIVE_MAINTENANCE,44.4,100.0,66.0,2,6,180,189,5,TRUE,TRUE,0.34,False,LOW,55.27
HIST_000493,AST_000031,ENGINEERING,INSPECTION,40.4,100.0,50.0,4,7,120,140,12,TRUE,TRUE,0.312,False,MEDIUM,54.62
HIST_000494,AST_000048,S&T,REPAIR,56.3,65.4,35.2,2,5,180,150,0,FALSE,TRUE,0.179,False,CRITICAL,55.28
HIST_000495,AST_000015,S&T,REPLACEMENT,53.9,66.0,70.1,0,1,45,56,7,TRUE,FALSE,0.394,False,CRITICAL,61.69
HIST_000496,AST_000032,TRD,TESTING,72.1,100.0,51.7,4,4,45,50,3,TRUE,TRUE,0.557,False,CRITICAL,71.97
HIST_000497,AST_000049,ENGINEERING,PREVENTIVE_MAINTENANCE,67.6,100.0,49.6,5,5,150,156,4,TRUE,TRUE,0.209,False,MEDIUM,62.7
HIST_000498,AST_000016,ENGINEERING,CORRECTIVE_MAINTENANCE,55.3,0.2,47.4,4,9,90,107,10,TRUE,TRUE,0.549,True,LOW,39.87
HIST_000499,AST_000033,S&T,INSPECTION,80.7,43.6,18.8,2,6,120,144,14,TRUE,TRUE,0.615,False,MEDIUM,46.37
HIST_000500,AST_000050,TRD,REPAIR,88.2,100.0,40.4,5,12,120,137,10,TRUE,TRUE,0.099,False,CRITICAL,74.54
HIST_000501,AST_000017,TRD,INSPECTION,66.6,72.3,34.2,4,4,180,179,0,FALSE,TRUE,0.321,False,LOW,48.64
HIST_000502,AST_000034,ENGINEERING,REPAIR,82.4,16.2,28.0,5,12,60,55,0,FALSE,TRUE,0.744,False,HIGH,45.62
HIST_000503,AST_000001,ENGINEERING,REPLACEMENT,50.3,0.4,27.4,5,10,180,182,1,TRUE,TRUE,0.327,False,LOW,24.42
HIST_000504,AST_000018,S&T,TESTING,94.2,97.7,26.8,0,5,150,127,0,FALSE,FALSE,0.401,False,MEDIUM,65.55
HIST_000505,AST_000035,TRD,PREVENTIVE_MAINTENANCE,84.2,100.0,25.2,2,6,60,71,7,TRUE,TRUE,0.054,True,HIGH,76.55
HIST_000506,AST_000002,TRD,CORRECTIVE_MAINTENANCE,63.8,100.0,40.0,0,1,60,68,5,TRUE,FALSE,0.938,False,LOW,55.89
HIST_000507,AST_000019,ENGINEERING,INSPECTION,79.6,30.4,28.8,4,12,60,72,7,TRUE,TRUE,0.826,False,HIGH,48.49
HIST_000508,AST_000036,S&T,REPAIR,78.2,6.1,58.4,5,4,240,203,0,FALSE,TRUE,0.27,False,MEDIUM,44.16
HIST_000509,AST_000003,S&T,REPLACEMENT,55.7,89.5,64.4,4,5,45,50,3,TRUE,TRUE,0.136,False,LOW,55.72
HIST_000510,AST_000020,TRD,TESTING,63.2,51.7,28.4,1,4,240,271,19,TRUE,TRUE,0.407,False,LOW,41.31
HIST_000511,AST_000037,ENGINEERING,PREVENTIVE_MAINTENANCE,81.9,0.7,32.8,2,3,150,183,20,TRUE,TRUE,0.922,False,HIGH,42.55
HIST_000512,AST_000004,ENGINEERING,CORRECTIVE_MAINTENANCE,87.4,100.0,50.6,4,9,180,209,17,TRUE,TRUE,0.379,True,CRITICAL,86.34
HIST_000513,AST_000021,S&T,INSPECTION,42.9,21.7,49.7,4,10,240,205,0,FALSE,TRUE,0.185,False,LOW,31.98
HIST_000514,AST_000038,TRD,REPAIR,95.1,99.4,36.0,4,2,240,200,0,FALSE,TRUE,0.349,False,HIGH,71.83
HIST_000515,AST_000005,TRD,REPLACEMENT,56.6,0.0,20.4,5,6,150,121,0,FALSE,TRUE,0.486,False,MEDIUM,28.56
HIST_000516,AST_000022,ENGINEERING,TESTING,76.5,22.5,50.9,4,8,240,239,0,FALSE,TRUE,0.037,False,MEDIUM,46.25
HIST_000517,AST_000039,S&T,PREVENTIVE_MAINTENANCE,91.8,50.3,38.9,3,7,180,160,0,FALSE,TRUE,0.612,False,HIGH,59.14
HIST_000518,AST_000006,S&T,CORRECTIVE_MAINTENANCE,94.3,39.9,13.1,5,4,150,152,1,TRUE,TRUE,0.459,False,CRITICAL,55.88
HIST_000519,AST_000023,TRD,INSPECTION,55.6,36.5,58.2,1,2,180,183,2,TRUE,TRUE,0.281,True,CRITICAL,62.45
HIST_000520,AST_000040,ENGINEERING,REPAIR,49.9,49.9,70.1,2,8,75,88,8,TRUE,TRUE,0.461,False,CRITICAL,56.47
HIST_000521,AST_000007,ENGINEERING,REPLACEMENT,52.8,73.1,43.5,0,10,30,35,3,TRUE,FALSE,0.188,False,LOW,46.56
HIST_000522,AST_000024,S&T,TESTING,66.7,12.0,19.5,2,7,60,69,5,TRUE,TRUE,0.39,False,HIGH,38.16
HIST_000523,AST_000041,TRD,PREVENTIVE_MAINTENANCE,89.8,100.0,44.4,2,11,180,197,10,TRUE,TRUE,0.321,False,HIGH,72.07
HIST_000524,AST_000008,TRD,CORRECTIVE_MAINTENANCE,88.0,97.6,58.6,3,8,240,269,17,TRUE,TRUE,0.352,False,LOW,66.27
HIST_000525,AST_000025,ENGINEERING,INSPECTION,94.7,52.4,34.9,0,9,30,26,0,FALSE,FALSE,0.167,False,LOW,52.24
HIST_000526,AST_000042,S&T,REPAIR,44.5,0.0,48.8,2,1,240,272,19,TRUE,TRUE,0.41,True,CRITICAL,48.11
HIST_000527,AST_000009,S&T,INSPECTION,89.0,47.3,64.9,5,12,30,31,1,TRUE,TRUE,0.185,False,CRITICAL,66.5
HIST_000528,AST_000026,TRD,REPAIR,79.3,14.6,21.0,5,6,180,164,0,FALSE,TRUE,0.828,False,CRITICAL,46.64
HIST_000529,AST_000043,ENGINEERING,REPLACEMENT,70.1,82.3,52.2,2,9,30,35,3,TRUE,TRUE,0.435,False,MEDIUM,59.55
HIST_000530,AST_000010,ENGINEERING,TESTING,83.3,17.1,47.2,5,12,240,238,0,FALSE,TRUE,0.987,False,HIGH,49.95
HIST_000531,AST_000027,S&T,PREVENTIVE_MAINTENANCE,50.8,0.0,50.4,0,3,120,129,5,TRUE,FALSE,0.484,False,MEDIUM,32.82
HIST_000532,AST_000044,TRD,CORRECTIVE_MAINTENANCE,56.3,100.0,41.6,4,11,60,74,8,TRUE,TRUE,0.298,False,LOW,53.96
HIST_000533,AST_000011,TRD,INSPECTION,69.6,59.0,71.2,4,12,120,102,0,FALSE,TRUE,0.296,True,CRITICAL,74.87
HIST_000534,AST_000028,ENGINEERING,REPAIR,49.5,0.0,24.2,3,9,180,200,12,TRUE,TRUE,0.632,False,MEDIUM,27.19
HIST_000535,AST_000045,S&T,REPLACEMENT,42.3,68.1,19.7,1,5,45,42,0,FALSE,TRUE,0.858,False,LOW,37.4
HIST_000536,AST_000012,S&T,TESTING,62.0,0.0,42.3,5,4,75,90,9,TRUE,TRUE,0.796,False,MEDIUM,34.56
HIST_000537,AST_000029,TRD,PREVENTIVE_MAINTENANCE,88.2,100.0,29.4,3,4,60,71,7,TRUE,TRUE,0.711,False,MEDIUM,64.84
HIST_000538,AST_000046,ENGINEERING,CORRECTIVE_MAINTENANCE,52.0,99.7,53.3,2,1,240,266,16,TRUE,TRUE,0.753,False,CRITICAL,66.19
HIST_000539,AST_000013,ENGINEERING,INSPECTION,54.3,42.9,53.3,1,4,120,119,0,FALSE,TRUE,0.621,False,MEDIUM,45.17
HIST_000540,AST_000030,S&T,REPAIR,88.6,80.3,24.4,1,5,150,165,9,TRUE,TRUE,0.215,True,HIGH,72.78
HIST_000541,AST_000047,TRD,REPLACEMENT,84.5,100.0,26.0,0,7,240,218,0,FALSE,FALSE,0.642,False,HIGH,66.8
HIST_000542,AST_000014,TRD,TESTING,44.4,2.2,72.9,3,2,90,93,2,TRUE,TRUE,0.728,False,MEDIUM,35.95
HIST_000543,AST_000031,ENGINEERING,PREVENTIVE_MAINTENANCE,40.4,21.8,50.1,5,11,30,31,1,TRUE,TRUE,0.418,False,LOW,31.34
HIST_000544,AST_000048,S&T,CORRECTIVE_MAINTENANCE,56.3,0.0,25.0,4,3,45,55,6,TRUE,TRUE,0.364,False,LOW,25.64
HIST_000545,AST_000015,S&T,INSPECTION,53.9,0.0,75.9,1,11,180,198,11,TRUE,TRUE,0.903,False,MEDIUM,38.85
HIST_000546,AST_000032,TRD,REPAIR,72.1,21.9,54.3,0,1,240,196,0,FALSE,FALSE,0.946,False,LOW,41.71
HIST_000547,AST_000049,ENGINEERING,REPLACEMENT,67.6,21.4,56.0,3,11,90,103,8,TRUE,TRUE,0.992,True,HIGH,58.08
HIST_000548,AST_000016,ENGINEERING,TESTING,55.3,71.7,47.2,2,4,120,126,4,TRUE,TRUE,0.814,False,HIGH,55.2
HIST_000549,AST_000033,S&T,PREVENTIVE_MAINTENANCE,80.7,39.9,17.4,0,11,180,218,23,TRUE,FALSE,0.421,False,LOW,41.41
HIST_000550,AST_000050,TRD,CORRECTIVE_MAINTENANCE,88.2,0.0,34.1,2,7,240,242,1,TRUE,TRUE,0.549,False,MEDIUM,40.78
HIST_000551,AST_000017,TRD,INSPECTION,66.6,0.0,40.3,5,6,240,261,13,TRUE,TRUE,0.737,False,CRITICAL,43.04
HIST_000552,AST_000034,ENGINEERING,REPAIR,82.4,41.9,28.4,2,11,180,185,3,TRUE,TRUE,0.403,False,LOW,44.62
HIST_000553,AST_000001,ENGINEERING,INSPECTION,50.3,89.0,32.4,3,11,60,49,0,FALSE,TRUE,0.707,False,LOW,47.57
HIST_000554,AST_000018,S&T,REPAIR,94.2,21.6,30.4,1,10,120,114,0,FALSE,TRUE,0.798,True,MEDIUM,57.24
HIST_000555,AST_000035,TRD,REPLACEMENT,84.2,0.0,30.6,2,4,45,37,0,FALSE,TRUE,0.043,False,MEDIUM,38.88
HIST_000556,AST_000002,TRD,TESTING,63.8,81.3,27.6,2,4,30,29,0,FALSE,TRUE,0.97,False,LOW,48.73
HIST_000557,AST_000019,ENGINEERING,PREVENTIVE_MAINTENANCE,79.6,0.0,22.6,1,9,120,126,4,TRUE,TRUE,0.092,False,MEDIUM,35.9
HIST_000558,AST_000036,S&T,CORRECTIVE_MAINTENANCE,78.2,100.0,45.0,3,2,75,91,10,TRUE,TRUE,0.475,False,HIGH,68.71
HIST_000559,AST_000003,S&T,INSPECTION,55.7,59.7,53.8,5,5,30,29,0,FALSE,TRUE,0.077,False,CRITICAL,57.4
HIST_000560,AST_000020,TRD,REPAIR,63.2,100.0,21.4,1,9,150,165,9,TRUE,TRUE,0.746,False,CRITICAL,63.24
HIST_000561,AST_000037,ENGINEERING,REPLACEMENT,81.9,47.5,38.0,2,2,120,126,4,TRUE,TRUE,0.486,True,HIGH,65.3
HIST_000562,AST_000004,ENGINEERING,TESTING,87.4,0.0,53.9,3,12,90,81,0,FALSE,TRUE,0.956,False,MEDIUM,44.5
HIST_000563,AST_000021,S&T,PREVENTIVE_MAINTENANCE,42.9,0.0,38.5,4,3,240,214,0,FALSE,TRUE,0.557,False,HIGH,31.82
HIST_000564,AST_000038,TRD,CORRECTIVE_MAINTENANCE,95.1,55.1,47.7,2,9,240,231,0,FALSE,TRUE,0.564,False,LOW,55.59
HIST_000565,AST_000005,TRD,INSPECTION,56.6,89.5,23.2,0,10,90,111,13,TRUE,FALSE,0.507,False,MEDIUM,51.5
HIST_000566,AST_000022,ENGINEERING,REPAIR,76.5,48.9,61.9,3,3,90,88,0,FALSE,TRUE,0.188,False,MEDIUM,55.05
HIST_000567,AST_000039,S&T,REPLACEMENT,91.8,55.6,37.9,5,7,60,72,7,TRUE,TRUE,0.923,False,HIGH,60.27
HIST_000568,AST_000006,S&T,TESTING,94.3,0.0,16.1,4,3,45,49,2,TRUE,TRUE,0.51,True,LOW,45.26
HIST_000569,AST_000023,TRD,PREVENTIVE_MAINTENANCE,55.6,0.0,58.2,3,12,75,75,0,FALSE,TRUE,0.808,False,CRITICAL,43.32
HIST_000570,AST_000040,ENGINEERING,CORRECTIVE_MAINTENANCE,49.9,100.0,72.2,2,4,240,271,19,TRUE,TRUE,0.447,False,LOW,58.16
HIST_000571,AST_000007,ENGINEERING,INSPECTION,52.8,100.0,44.5,0,2,30,29,0,FALSE,FALSE,0.083,False,MEDIUM,57.24
HIST_000572,AST_000024,S&T,REPAIR,66.7,23.7,22.2,4,8,120,126,4,TRUE,TRUE,0.816,False,MEDIUM,37.88
HIST_000573,AST_000041,TRD,REPLACEMENT,89.8,0.0,48.6,5,3,150,175,15,TRUE,TRUE,0.946,False,MEDIUM,44.16
HIST_000574,AST_000008,TRD,TESTING,88.0,29.6,68.3,0,11,90,97,4,TRUE,FALSE,0.887,False,HIGH,58.71
HIST_000575,AST_000025,ENGINEERING,PREVENTIVE_MAINTENANCE,94.7,20.5,34.8,4,5,30,33,2,TRUE,TRUE,0.443,True,CRITICAL,65.5
HIST_000576,AST_000042,S&T,CORRECTIVE_MAINTENANCE,44.5,27.9,43.2,1,1,45,45,0,FALSE,TRUE,0.332,False,MEDIUM,36.47
HIST_000577,AST_000009,S&T,INSPECTION,89.0,88.5,53.1,4,9,180,200,12,TRUE,TRUE,0.471,False,HIGH,70.7
HIST_000578,AST_000026,TRD,REPAIR,79.3,84.3,27.4,1,7,75,75,0,FALSE,TRUE,0.747,False,MEDIUM,57.84
HIST_000579,AST_000043,ENGINEERING,INSPECTION,70.1,100.0,43.2,1,2,90,100,6,TRUE,TRUE,0.967,False,CRITICAL,69.67
HIST_000580,AST_000010,ENGINEERING,REPAIR,83.3,0.0,43.6,4,2,180,203,14,TRUE,TRUE,0.113,False,CRITICAL,48.71
HIST_000581,AST_000027,S&T,REPLACEMENT,50.8,2.3,49.7,3,9,150,146,0,FALSE,TRUE,0.735,False,HIGH,37.0
HIST_000582,AST_000044,TRD,TESTING,56.3,6.1,53.9,5,1,90,104,8,TRUE,TRUE,0.812,True,HIGH,50.44
HIST_000583,AST_000011,TRD,PREVENTIVE_MAINTENANCE,69.6,86.6,70.2,1,6,75,84,5,TRUE,TRUE,0.942,False,CRITICAL,71.57
HIST_000584,AST_000028,ENGINEERING,CORRECTIVE_MAINTENANCE,49.5,24.0,19.7,2,8,45,54,5,TRUE,TRUE,0.604,False,MEDIUM,32.29
HIST_000585,AST_000045,S&T,INSPECTION,42.3,36.9,23.2,2,3,180,152,0,FALSE,TRUE,0.565,False,MEDIUM,34.05
HIST_000586,AST_000012,S&T,REPAIR,62.0,75.6,40.1,1,6,150,154,2,TRUE,TRUE,0.827,False,LOW,49.27
HIST_000587,AST_000029,TRD,REPLACEMENT,88.2,15.0,23.4,3,6,75,84,5,TRUE,TRUE,0.266,False,LOW,38.64
HIST_000588,AST_000046,ENGINEERING,TESTING,52.0,100.0,52.4,5,9,240,239,0,FALSE,TRUE,0.361,False,CRITICAL,66.08
HIST_000589,AST_000013,ENGINEERING,PREVENTIVE_MAINTENANCE,54.3,23.3,54.7,4,2,240,262,13,TRUE,TRUE,0.309,True,HIGH,54.3
HIST_000590,AST_000030,S&T,CORRECTIVE_MAINTENANCE,88.6,53.8,28.6,5,6,90,86,0,FALSE,TRUE,0.227,False,CRITICAL,60.75
HIST_000591,AST_000047,TRD,INSPECTION,84.5,95.5,25.4,2,9,240,235,0,FALSE,TRUE,0.99,False,MEDIUM,61.8
HIST_000592,AST_000014,TRD,REPAIR,44.4,2.5,63.3,4,8,60,67,4,TRUE,TRUE,0.112,False,LOW,30.35
HIST_000593,AST_000031,ENGINEERING,REPLACEMENT,40.4,97.8,58.9,4,5,180,154,0,FALSE,TRUE,0.705,False,MEDIUM,55.85
HIST_000594,AST_000048,S&T,TESTING,56.3,78.7,26.5,5,11,180,215,21,TRUE,TRUE,0.542,False,LOW,45.61
HIST_000595,AST_000015,S&T,PREVENTIVE_MAINTENANCE,53.9,0.0,71.6,5,7,240,205,0,FALSE,TRUE,0.934,False,CRITICAL,45.49
HIST_000596,AST_000032,TRD,CORRECTIVE_MAINTENANCE,72.1,39.7,54.3,2,5,180,187,4,TRUE,TRUE,0.099,True,HIGH,63.66
HIST_000597,AST_000049,ENGINEERING,INSPECTION,67.6,39.7,46.0,5,1,180,187,4,TRUE,TRUE,0.717,False,CRITICAL,54.41
HIST_000598,AST_000016,ENGINEERING,REPAIR,55.3,86.9,57.3,1,3,60,54,0,FALSE,TRUE,0.211,False,CRITICAL,64.78
HIST_000599,AST_000033,S&T,REPLACEMENT,80.7,37.5,25.9,1,10,180,209,17,TRUE,TRUE,0.516,False,HIGH,50.02
HIST_000600,AST_000050,TRD,TESTING,88.2,53.8,34.8,4,5,150,181,19,TRUE,TRUE,0.802,False,LOW,50.62
HIST_000601,AST_000017,TRD,PREVENTIVE_MAINTENANCE,66.6,0.0,43.3,5,6,180,161,0,FALSE,TRUE,0.079,False,MEDIUM,36.14
HIST_000602,AST_000034,ENGINEERING,CORRECTIVE_MAINTENANCE,82.4,98.7,19.5,5,12,240,287,28,TRUE,TRUE,0.629,False,CRITICAL,68.3
HIST_000603,AST_000001,ENGINEERING,INSPECTION,50.3,48.1,33.1,1,2,90,82,0,FALSE,TRUE,0.121,True,LOW,47.48
HIST_000604,AST_000018,S&T,REPAIR,94.2,100.0,23.8,2,11,75,79,2,TRUE,TRUE,0.162,False,HIGH,69.27
HIST_000605,AST_000035,TRD,REPLACEMENT,84.2,14.6,18.3,4,5,90,102,7,TRUE,TRUE,0.896,False,MEDIUM,40.07
HIST_000606,AST_000002,TRD,REPAIR,63.8,3.6,29.0,4,9,120,108,0,FALSE,TRUE,0.877,False,LOW,29.59
HIST_000607,AST_000019,ENGINEERING,REPLACEMENT,79.6,100.0,25.8,1,4,240,210,0,FALSE,TRUE,0.361,False,LOW,57.79
HIST_000608,AST_000036,S&T,TESTING,78.2,19.9,57.2,0,11,45,47,1,TRUE,FALSE,0.126,False,HIGH,51.12
HIST_000609,AST_000003,S&T,PREVENTIVE_MAINTENANCE,55.7,58.8,59.0,1,6,60,63,2,TRUE,TRUE,0.209,False,MEDIUM,50.71
HIST_000610,AST_000020,TRD,CORRECTIVE_MAINTENANCE,63.2,100.0,28.4,1,7,90,112,13,TRUE,TRUE,0.549,True,MEDIUM,67.14
HIST_000611,AST_000037,ENGINEERING,INSPECTION,81.9,0.0,41.4,4,4,90,88,0,FALSE,TRUE,0.326,False,CRITICAL,47.85
HIST_000612,AST_000004,ENGINEERING,REPAIR,87.4,0.0,50.5,3,7,150,129,0,FALSE,TRUE,0.065,False,MEDIUM,43.82
HIST_000613,AST_000021,S&T,REPLACEMENT,42.9,42.6,48.2,0,2,150,123,0,FALSE,FALSE,0.301,False,HIGH,44.41
HIST_000614,AST_000038,TRD,TESTING,95.1,14.2,45.8,3,3,120,143,14,TRUE,TRUE,0.105,False,CRITICAL,56.24
HIST_000615,AST_000005,TRD,PREVENTIVE_MAINTENANCE,56.6,87.2,18.3,1,10,30,31,1,TRUE,TRUE,0.141,False,LOW,46.19
HIST_000616,AST_000022,ENGINEERING,CORRECTIVE_MAINTENANCE,76.5,0.0,58.4,5,8,180,203,14,TRUE,TRUE,0.767,False,MEDIUM,42.13
HIST_000617,AST_000039,S&T,INSPECTION,91.8,25.8,40.5,1,1,180,199,11,TRUE,TRUE,0.302,True,CRITICAL,67.09
HIST_000618,AST_000006,S&T,REPAIR,94.3,84.0,22.6,1,6,90,96,4,TRUE,TRUE,0.48,False,CRITICAL,68.81
HIST_000619,AST_000023,TRD,REPLACEMENT,55.6,56.8,56.1,2,7,240,207,0,FALSE,TRUE,0.945,False,HIGH,53.35
HIST_000620,AST_000040,ENGINEERING,TESTING,49.9,0.0,79.9,4,6,30,30,0,FALSE,TRUE,0.861,False,LOW,34.7
HIST_000621,AST_000007,ENGINEERING,PREVENTIVE_MAINTENANCE,52.8,11.2,40.9,0,10,150,163,8,TRUE,FALSE,0.561,False,LOW,30.57
HIST_000622,AST_000024,S&T,CORRECTIVE_MAINTENANCE,66.7,77.8,22.5,1,2,120,121,1,TRUE,TRUE,0.339,False,CRITICAL,58.96
HIST_000623,AST_000041,TRD,INSPECTION,89.8,13.2,51.5,0,3,75,83,5,TRUE,FALSE,0.778,False,MEDIUM,48.04
HIST_000624,AST_000008,TRD,REPAIR,88.0,18.5,68.3,1,5,60,59,0,FALSE,TRUE,0.762,True,MEDIUM,62.19
HIST_000625,AST_000025,ENGINEERING,REPLACEMENT,94.7,93.9,32.3,0,7,150,174,14,TRUE,FALSE,0.478,False,CRITICAL,73.34
HIST_000626,AST_000042,S&T,TESTING,44.5,0.0,46.5,3,12,30,36,4,TRUE,TRUE,0.038,False,CRITICAL,37.65
HIST_000627,AST_000009,S&T,PREVENTIVE_MAINTENANCE,89.0,100.0,63.0,3,9,90,85,0,FALSE,TRUE,0.796,False,CRITICAL,79.3
HIST_000628,AST_000026,TRD,CORRECTIVE_MAINTENANCE,79.3,56.1,25.7,2,4,45,48,2,TRUE,TRUE,0.877,False,CRITICAL,57.95
HIST_000629,AST_000043,ENGINEERING,INSPECTION,70.1,93.2,44.1,5,5,180,182,1,TRUE,TRUE,0.455,False,MEDIUM,60.65
HIST_000630,AST_000010,ENGINEERING,REPAIR,83.3,43.8,52.7,2,3,240,291,31,TRUE,TRUE,0.158,False,MEDIUM,53.98
HIST_000631,AST_000027,S&T,REPLACEMENT,50.8,50.5,56.4,1,7,150,159,5,TRUE,TRUE,0.85,True,HIGH,60.39
HIST_000632,AST_000044,TRD,REPAIR,56.3,92.5,52.2,0,7,300,342,25,TRUE,FALSE,0.606,False,CRITICAL,65.45
HIST_000633,AST_000011,TRD,REPLACEMENT,69.6,0.0,72.1,0,9,75,72,0,FALSE,FALSE,0.924,False,CRITICAL,50.3
HIST_000634,AST_000028,ENGINEERING,TESTING,49.5,10.1,31.0,1,5,120,135,9,TRUE,TRUE,0.043,False,CRITICAL,38.58
HIST_000635,AST_000045,S&T,PREVENTIVE_MAINTENANCE,42.3,100.0,27.0,0,5,90,98,5,TRUE,FALSE,0.454,False,CRITICAL,58.09
HIST_000636,AST_000012,S&T,CORRECTIVE_MAINTENANCE,62.0,100.0,43.5,2,7,150,136,0,FALSE,TRUE,0.611,False,CRITICAL,67.3
HIST_000637,AST_000029,TRD,INSPECTION,88.2,19.2,26.8,4,6,90,106,10,TRUE,TRUE,0.706,False,CRITICAL,51.62
HIST_000638,AST_000046,ENGINEERING,REPAIR,52.0,0.0,50.4,2,3,120,125,3,TRUE,TRUE,0.979,True,HIGH,46.93
HIST_000639,AST_000013,ENGINEERING,REPLACEMENT,54.3,100.0,53.2,2,6,30,30,0,FALSE,TRUE,0.249,False,LOW,55.68
HIST_000640,AST_000030,S&T,TESTING,88.6,100.0,24.9,0,5,60,72,7,TRUE,FALSE,0.118,False,CRITICAL,71.56
HIST_000641,AST_000047,TRD,PREVENTIVE_MAINTENANCE,84.5,13.9,14.9,1,6,30,35,3,TRUE,TRUE,0.997,False,HIGH,43.05
HIST_000642,AST_000014,TRD,CORRECTIVE_MAINTENANCE,44.4,50.2,65.8,1,12,60,53,0,FALSE,TRUE,0.972,False,LOW,42.78
HIST_000643,AST_000031,ENGINEERING,INSPECTION,40.4,97.2,54.1,1,6,60,71,7,TRUE,TRUE,0.013,False,CRITICAL,62.24
HIST_000644,AST_000048,S&T,REPAIR,56.3,0.0,37.4,1,7,180,175,0,FALSE,TRUE,0.383,False,MEDIUM,31.87
HIST_000645,AST_000015,S&T,REPLACEMENT,53.9,100.0,72.1,1,11,30,26,0,FALSE,TRUE,0.615,True,HIGH,76.84
HIST_000646,AST_000032,TRD,TESTING,72.1,0.0,50.4,1,2,90,93,2,TRUE,TRUE,0.3,False,CRITICAL,46.71
HIST_000647,AST_000049,ENGINEERING,PREVENTIVE_MAINTENANCE,67.6,100.0,59.3,1,1,75,75,0,FALSE,TRUE,0.856,False,LOW,60.89
HIST_000648,AST_000016,ENGINEERING,CORRECTIVE_MAINTENANCE,55.3,72.7,46.2,3,5,90,107,10,TRUE,TRUE,0.324,False,LOW,47.76
HIST_000649,AST_000033,S&T,INSPECTION,80.7,51.2,25.4,3,8,60,69,5,TRUE,TRUE,0.049,False,MEDIUM,49.59
HIST_000650,AST_000050,TRD,REPAIR,88.2,100.0,39.7,3,1,150,159,5,TRUE,TRUE,0.646,False,CRITICAL,74.4
HIST_000651,AST_000017,TRD,REPLACEMENT,66.6,20.3,40.2,0,1,180,218,23,TRUE,FALSE,0.859,False,LOW,36.84
HIST_000652,AST_000034,ENGINEERING,TESTING,82.4,53.7,20.5,4,4,240,228,0,FALSE,TRUE,0.088,True,HIGH,63.5
HIST_000653,AST_000001,ENGINEERING,PREVENTIVE_MAINTENANCE,50.3,59.5,27.4,3,7,240,230,0,FALSE,TRUE,0.013,False,LOW,39.19
HIST_000654,AST_000018,S&T,CORRECTIVE_MAINTENANCE,94.2,19.6,21.5,2,1,90,109,11,TRUE,TRUE,0.556,False,MEDIUM,44.96
HIST_000655,AST_000035,TRD,INSPECTION,84.2,32.3,31.3,5,5,240,209,0,FALSE,TRUE,0.719,False,LOW,43.34
HIST_000656,AST_000002,TRD,REPAIR,63.8,24.3,32.5,4,6,90,106,10,TRUE,TRUE,0.858,False,MEDIUM,39.21
HIST_000657,AST_000019,ENGINEERING,REPLACEMENT,79.6,8.5,20.1,3,8,240,203,0,FALSE,TRUE,0.246,False,MEDIUM,37.52
HIST_000658,AST_000036,S&T,REPAIR,78.2,100.0,53.3,1,8,180,189,5,TRUE,TRUE,0.621,False,HIGH,70.37
HIST_000659,AST_000003,S&T,REPLACEMENT,55.7,0.0,55.5,2,11,120,105,0,FALSE,TRUE,0.47,True,HIGH,49.06
HIST_000660,AST_000020,TRD,TESTING,63.2,0.0,25.6,5,7,90,84,0,FALSE,TRUE,0.457,False,MEDIUM,31.58
HIST_000661,AST_000037,ENGINEERING,PREVENTIVE_MAINTENANCE,81.9,78.5,35.6,2,4,120,130,6,TRUE,TRUE,0.141,False,LOW,55.06
HIST_000662,AST_000004,ENGINEERING,CORRECTIVE_MAINTENANCE,87.4,100.0,48.2,4,10,75,75,0,FALSE,TRUE,0.885,False,CRITICAL,75.86
HIST_000663,AST_000021,S&T,INSPECTION,42.9,42.6,45.7,5,5,30,28,0,FALSE,TRUE,0.987,False,LOW,36.41
HIST_000664,AST_000038,TRD,REPAIR,95.1,90.1,39.8,4,3,90,106,10,TRUE,TRUE,0.699,False,CRITICAL,74.01
HIST_000665,AST_000005,TRD,REPLACEMENT,56.6,100.0,21.1,5,12,75,89,8,TRUE,TRUE,0.235,False,MEDIUM,53.7
HIST_000666,AST_000022,ENGINEERING,TESTING,76.5,94.8,55.1,5,12,150,158,5,TRUE,TRUE,0.004,True,MEDIUM,75.17
HIST_000667,AST_000039,S&T,PREVENTIVE_MAINTENANCE,91.8,11.8,42.5,5,9,90,106,10,TRUE,TRUE,0.754,False,MEDIUM,46.49
HIST_000668,AST_000006,S&T,CORRECTIVE_MAINTENANCE,94.3,0.0,24.9,1,1,180,220,24,TRUE,TRUE,0.631,False,CRITICAL,48.27
HIST_000669,AST_000023,TRD,INSPECTION,55.6,58.2,56.0,4,9,180,220,24,TRUE,TRUE,0.939,False,MEDIUM,49.93
HIST_000670,AST_000040,ENGINEERING,REPAIR,49.9,45.9,76.1,1,9,120,114,0,FALSE,TRUE,0.056,False,CRITICAL,56.66
HIST_000671,AST_000007,ENGINEERING,REPLACEMENT,52.8,100.0,40.5,1,7,240,213,0,FALSE,TRUE,0.064,False,LOW,52.69
HIST_000672,AST_000024,S&T,TESTING,66.7,100.0,22.4,5,2,180,162,0,FALSE,TRUE,0.647,False,MEDIUM,56.99
HIST_000673,AST_000041,TRD,PREVENTIVE_MAINTENANCE,89.8,0.0,54.0,4,10,60,71,7,TRUE,TRUE,0.868,True,LOW,51.49
HIST_000674,AST_000008,TRD,CORRECTIVE_MAINTENANCE,88.0,0.0,64.3,4,4,150,178,17,TRUE,TRUE,0.441,False,HIGH,50.51
HIST_000675,AST_000025,ENGINEERING,INSPECTION,94.7,0.0,43.1,3,11,240,230,0,FALSE,TRUE,0.667,False,CRITICAL,52.03
HIST_000676,AST_000042,S&T,REPAIR,44.5,54.4,41.9,4,7,60,60,0,FALSE,TRUE,0.171,False,HIGH,46.58
HIST_000677,AST_000009,S&T,REPLACEMENT,89.0,32.1,57.4,4,9,30,33,2,TRUE,TRUE,0.392,False,MEDIUM,53.7
HIST_000678,AST_000026,TRD,TESTING,79.3,100.0,18.3,2,6,75,65,0,FALSE,TRUE,0.429,False,CRITICAL,67.45
HIST_000679,AST_000043,ENGINEERING,PREVENTIVE_MAINTENANCE,70.1,87.4,53.1,5,8,60,71,7,TRUE,TRUE,0.495,False,CRITICAL,68.5
HIST_000680,AST_000010,ENGINEERING,CORRECTIVE_MAINTENANCE,83.3,56.6,53.7,5,5,120,140,12,TRUE,TRUE,0.134,True,LOW,63.63
HIST_000681,AST_000027,S&T,INSPECTION,50.8,0.0,50.2,2,1,75,75,0,FALSE,TRUE,0.692,False,CRITICAL,40.28
HIST_000682,AST_000044,TRD,REPAIR,56.3,15.4,54.0,4,7,90,100,6,TRUE,TRUE,0.411,False,CRITICAL,46.54
HIST_000683,AST_000011,TRD,REPLACEMENT,69.6,28.6,65.4,1,7,75,65,0,FALSE,TRUE,0.525,False,MEDIUM,48.61
HIST_000684,AST_000028,ENGINEERING,TESTING,49.5,100.0,24.9,4,11,150,149,0,FALSE,TRUE,0.921,False,CRITICAL,59.83
HIST_000685,AST_000045,S&T,REPLACEMENT,42.3,74.4,19.6,4,2,120,110,0,FALSE,TRUE,0.036,False,LOW,38.96
HIST_000686,AST_000012,S&T,TESTING,62.0,91.4,51.3,5,10,120,115,0,FALSE,TRUE,0.1,False,MEDIUM,59.21
HIST_000687,AST_000029,TRD,PREVENTIVE_MAINTENANCE,88.2,0.0,30.1,3,5,90,79,0,FALSE,TRUE,0.847,True,CRITICAL,57.48
HIST_000688,AST_000046,ENGINEERING,CORRECTIVE_MAINTENANCE,52.0,36.4,49.6,5,10,45,37,0,FALSE,TRUE,0.571,False,MEDIUM,42.12
HIST_000689,AST_000013,ENGINEERING,INSPECTION,54.3,94.8,61.4,2,11,180,205,15,TRUE,TRUE,0.128,False,MEDIUM,59.77
HIST_000690,AST_000030,S&T,REPAIR,88.6,100.0,27.8,0,9,120,121,1,TRUE,FALSE,0.413,False,LOW,60.89
HIST_000691,AST_000047,TRD,REPLACEMENT,84.5,100.0,25.3,4,7,30,32,1,TRUE,TRUE,0.968,False,LOW,59.16
HIST_000692,AST_000014,TRD,TESTING,44.4,93.3,73.9,0,6,60,72,7,TRUE,FALSE,0.098,False,HIGH,62.67
HIST_000693,AST_000031,ENGINEERING,PREVENTIVE_MAINTENANCE,40.4,73.8,55.7,1,4,90,79,0,FALSE,TRUE,0.648,False,HIGH,52.96
HIST_000694,AST_000048,S&T,CORRECTIVE_MAINTENANCE,56.3,100.0,31.7,1,1,180,189,5,TRUE,TRUE,0.988,True,LOW,61.98
HIST_000695,AST_000015,S&T,INSPECTION,53.9,100.0,75.2,5,3,240,239,0,FALSE,TRUE,0.401,False,LOW,59.96
HIST_000696,AST_000032,TRD,REPAIR,72.1,15.3,59.4,5,7,90,81,0,FALSE,TRUE,0.415,False,MEDIUM,44.84
HIST_000697,AST_000049,ENGINEERING,REPLACEMENT,67.6,46.4,54.6,4,1,30,29,0,FALSE,TRUE,0.207,False,MEDIUM,50.3
HIST_000698,AST_000016,ENGINEERING,TESTING,55.3,65.7,56.1,5,1,180,206,16,TRUE,TRUE,0.278,False,CRITICAL,59.23
HIST_000699,AST_000033,S&T,PREVENTIVE_MAINTENANCE,80.7,0.0,15.5,1,2,240,201,0,FALSE,TRUE,0.983,False,MEDIUM,34.81
HIST_000700,AST_000050,TRD,CORRECTIVE_MAINTENANCE,88.2,0.0,34.1,1,1,60,54,0,FALSE,TRUE,0.865,False,MEDIUM,40.78
HIST_000701,AST_000017,TRD,INSPECTION,66.6,100.0,44.8,3,5,30,36,4,TRUE,TRUE,0.478,True,LOW,67.69
HIST_000702,AST_000034,ENGINEERING,REPAIR,82.4,26.5,29.4,1,5,60,71,7,TRUE,TRUE,0.44,False,HIGH,48.48
HIST_000703,AST_000001,ENGINEERING,REPLACEMENT,50.3,89.6,27.7,5,9,90,75,0,FALSE,TRUE,0.99,False,HIGH,54.28
HIST_000704,AST_000018,S&T,TESTING,94.2,32.7,23.6,5,4,90,107,10,TRUE,TRUE,0.357,False,MEDIUM,48.66
HIST_000705,AST_000035,TRD,PREVENTIVE_MAINTENANCE,84.2,25.8,31.4,3,10,90,84,0,FALSE,TRUE,0.851,False,HIGH,49.24
HIST_000706,AST_000002,TRD,CORRECTIVE_MAINTENANCE,63.8,11.3,32.8,2,9,60,63,2,TRUE,TRUE,0.84,False,LOW,32.27
HIST_000707,AST_000019,ENGINEERING,INSPECTION,79.6,73.4,28.4,5,9,150,182,19,TRUE,TRUE,0.891,False,HIGH,59.16
HIST_000708,AST_000036,S&T,REPAIR,78.2,7.9,57.3,4,11,150,134,0,FALSE,TRUE,0.51,True,MEDIUM,54.4
HIST_000709,AST_000003,S&T,REPLACEMENT,55.7,71.6,63.8,0,1,30,36,4,TRUE,FALSE,0.719,False,CRITICAL,62.37
HIST_000710,AST_000020,TRD,TESTING,63.2,98.5,28.1,2,8,45,45,0,FALSE,TRUE,0.052,False,MEDIUM,56.7
HIST_000711,AST_000037,ENGINEERING,REPLACEMENT,81.9,97.4,34.5,0,1,300,330,18,TRUE,FALSE,0.129,False,HIGH,67.07
HIST_000712,AST_000004,ENGINEERING,TESTING,87.4,100.0,55.9,3,8,240,252,7,TRUE,TRUE,0.72,False,MEDIUM,69.9
HIST_000713,AST_000021,S&T,PREVENTIVE_MAINTENANCE,42.9,100.0,38.5,5,9,45,52,4,TRUE,TRUE,0.159,False,LOW,49.32
HIST_000714,AST_000038,TRD,CORRECTIVE_MAINTENANCE,95.1,100.0,36.6,4,7,120,128,5,TRUE,TRUE,0.086,False,HIGH,72.1
HIST_000715,AST_000005,TRD,INSPECTION,56.6,68.2,18.9,1,9,45,52,4,TRUE,TRUE,0.498,True,CRITICAL,62.81
HIST_000716,AST_000022,ENGINEERING,REPAIR,76.5,0.0,60.1,2,5,120,127,4,TRUE,TRUE,0.61,False,LOW,38.72
HIST_000717,AST_000039,S&T,REPLACEMENT,91.8,97.1,34.1,4,6,90,108,11,TRUE,TRUE,0.945,False,MEDIUM,66.13
HIST_000718,AST_000006,S&T,TESTING,94.3,27.7,21.4,4,4,90,76,0,FALSE,TRUE,0.981,False,CRITICAL,54.49
HIST_000719,AST_000023,TRD,PREVENTIVE_MAINTENANCE,55.6,55.0,50.0,1,2,90,92,1,TRUE,TRUE,0.409,False,HIGH,51.68
HIST_000720,AST_000040,ENGINEERING,CORRECTIVE_MAINTENANCE,49.9,81.6,81.5,0,3,75,70,0,FALSE,FALSE,0.559,False,CRITICAL,66.67
HIST_000721,AST_000007,ENGINEERING,INSPECTION,52.8,0.0,45.9,3,7,75,91,10,TRUE,TRUE,0.541,False,MEDIUM,32.52
HIST_000722,AST_000024,S&T,REPAIR,66.7,34.4,23.8,1,5,45,39,0,FALSE,TRUE,0.942,True,HIGH,54.62
HIST_000723,AST_000041,TRD,REPLACEMENT,89.8,100.0,43.6,0,3,180,186,4,TRUE,FALSE,0.886,False,CRITICAL,75.66
HIST_000724,AST_000008,TRD,TESTING,88.0,62.5,64.0,3,8,120,110,0,FALSE,TRUE,0.135,False,HIGH,66.08
HIST_000725,AST_000025,ENGINEERING,PREVENTIVE_MAINTENANCE,94.7,26.1,32.3,3,2,120,113,0,FALSE,TRUE,0.839,False,LOW,45.15
HIST_000726,AST_000042,S&T,CORRECTIVE_MAINTENANCE,44.5,100.0,51.3,1,12,120,131,7,TRUE,TRUE,0.767,False,HIGH,59.86
HIST_000727,AST_000009,S&T,INSPECTION,89.0,0.0,63.5,2,10,75,72,0,FALSE,TRUE,0.645,False,LOW,43.15
HIST_000728,AST_000026,TRD,REPAIR,79.3,100.0,21.5,4,1,120,145,15,TRUE,TRUE,0.945,False,MEDIUM,60.59
HIST_000729,AST_000043,ENGINEERING,REPLACEMENT,70.1,0.0,46.6,4,1,120,132,7,TRUE,TRUE,0.488,True,HIGH,51.6
HIST_000730,AST_000010,ENGINEERING,TESTING,83.3,100.0,49.0,4,4,75,61,0,FALSE,TRUE,0.792,False,MEDIUM,67.29
HIST_000731,AST_000027,S&T,PREVENTIVE_MAINTENANCE,50.8,100.0,56.0,2,9,240,214,0,FALSE,TRUE,0.952,False,HIGH,62.69
HIST_000732,AST_000044,TRD,CORRECTIVE_MAINTENANCE,56.3,57.9,50.0,2,10,90,89,0,FALSE,TRUE,0.223,False,MEDIUM,48.86
HIST_000733,AST_000011,TRD,INSPECTION,69.6,100.0,64.2,3,12,120,100,0,FALSE,TRUE,0.058,False,CRITICAL,73.72
HIST_000734,AST_000028,ENGINEERING,REPAIR,49.5,38.0,24.9,2,11,180,203,14,TRUE,TRUE,0.256,False,LOW,33.08
HIST_000735,AST_000045,S&T,REPLACEMENT,42.3,62.8,24.0,1,2,90,80,0,FALSE,TRUE,0.59,False,CRITICAL,48.19
HIST_000736,AST_000012,S&T,TESTING,62.0,0.0,44.2,2,12,90,88,0,FALSE,TRUE,0.767,True,LOW,41.19
HIST_000737,AST_000029,TRD,REPLACEMENT,88.2,23.0,23.4,4,8,60,49,0,FALSE,TRUE,0.586,False,CRITICAL,51.89
HIST_000738,AST_000046,ENGINEERING,TESTING,52.0,100.0,55.7,3,6,60,53,0,FALSE,TRUE,0.932,False,CRITICAL,66.74
HIST_000739,AST_000013,ENGINEERING,PREVENTIVE_MAINTENANCE,54.3,92.8,50.4,0,11,120,118,0,FALSE,FALSE,0.203,False,MEDIUM,57.07
HIST_000740,AST_000030,S&T,CORRECTIVE_MAINTENANCE,88.6,0.0,18.6,1,5,30,35,3,TRUE,TRUE,0.639,False,CRITICAL,45.3
HIST_000741,AST_000047,TRD,INSPECTION,84.5,99.2,18.0,0,8,60,49,0,FALSE,FALSE,0.563,False,HIGH,65.0
HIST_000742,AST_000014,TRD,REPAIR,44.4,0.0,65.1,0,7,90,80,0,FALSE,FALSE,0.26,False,MEDIUM,33.84
HIST_000743,AST_000031,ENGINEERING,REPLACEMENT,40.4,0.0,59.2,5,12,240,254,8,TRUE,TRUE,0.805,True,HIGH,45.21
HIST_000744,AST_000048,S&T,TESTING,56.3,84.8,30.3,3,2,30,30,0,FALSE,TRUE,0.525,False,HIGH,55.4
HIST_000745,AST_000015,S&T,PREVENTIVE_MAINTENANCE,53.9,18.4,76.8,3,6,30,28,0,FALSE,TRUE,0.848,False,LOW,39.88
HIST_000746,AST_000032,TRD,CORRECTIVE_MAINTENANCE,72.1,17.0,54.3,3,11,120,140,12,TRUE,TRUE,0.817,False,CRITICAL,51.74
HIST_000747,AST_000049,ENGINEERING,INSPECTION,67.6,80.7,58.7,0,4,75,74,0,FALSE,FALSE,0.28,False,MEDIUM,59.7
HIST_000748,AST_000016,ENGINEERING,REPAIR,55.3,61.1,47.6,5,3,240,219,0,FALSE,TRUE,0.337,False,CRITICAL,56.39
HIST_000749,AST_000033,S&T,REPLACEMENT,80.7,0.0,18.0,0,7,75,79,2,TRUE,FALSE,0.692,False,MEDIUM,35.31
HIST_000750,AST_000050,TRD,TESTING,88.2,9.1,32.7,4,10,75,67,0,FALSE,TRUE,0.956,True,HIGH,56.52
HIST_000751,AST_000017,TRD,PREVENTIVE_MAINTENANCE,66.6,14.4,37.6,1,11,90,80,0,FALSE,TRUE,0.581,False,HIGH,42.35
HIST_000752,AST_000034,ENGINEERING,CORRECTIVE_MAINTENANCE,82.4,22.2,21.4,4,6,90,89,0,FALSE,TRUE,0.379,False,HIGH,45.8
HIST_000753,AST_000001,ENGINEERING,INSPECTION,50.3,31.2,32.9,5,11,120,120,0,FALSE,TRUE,0.259,False,HIGH,40.72
HIST_000754,AST_000018,S&T,REPAIR,94.2,0.0,27.9,1,2,60,61,1,TRUE,TRUE,0.377,False,MEDIUM,41.34
HIST_000755,AST_000035,TRD,REPLACEMENT,84.2,74.8,26.3,2,10,240,237,0,FALSE,TRUE,0.847,False,HIGH,60.47
HIST_000756,AST_000002,TRD,TESTING,63.8,0.0,36.7,2,7,150,171,13,TRUE,TRUE,0.491,False,LOW,30.23
HIST_000757,AST_000019,ENGINEERING,PREVENTIVE_MAINTENANCE,79.6,0.0,20.5,5,6,30,24,0,FALSE,TRUE,0.391,True,LOW,41.73
HIST_000758,AST_000036,S&T,CORRECTIVE_MAINTENANCE,78.2,67.0,45.1,2,2,60,57,0,FALSE,TRUE,0.1,False,HIGH,60.48
HIST_000759,AST_000003,S&T,INSPECTION,55.7,64.4,52.7,0,2,60,57,0,FALSE,FALSE,0.973,False,HIGH,54.6
HIST_000760,AST_000020,TRD,REPAIR,63.2,0.0,26.4,2,8,90,110,12,TRUE,TRUE,0.604,False,MEDIUM,31.74
HIST_000761,AST_000037,ENGINEERING,REPLACEMENT,81.9,51.8,30.3,3,2,240,245,3,TRUE,TRUE,0.247,False,HIGH,54.83
HIST_000762,AST_000004,ENGINEERING,TESTING,87.4,100.0,44.5,5,12,90,82,0,FALSE,TRUE,0.992,False,HIGH,71.37
HIST_000763,AST_000021,S&T,PREVENTIVE_MAINTENANCE,42.9,59.6,44.6,3,8,90,94,2,TRUE,TRUE,0.592,False,CRITICAL,51.69
HIST_000764,AST_000038,TRD,TESTING,95.1,75.3,46.7,1,3,90,101,7,TRUE,TRUE,0.828,True,MEDIUM,74.19
HIST_000765,AST_000005,TRD,PREVENTIVE_MAINTENANCE,56.6,100.0,19.9,2,7,120,112,0,FALSE,TRUE,0.098,False,CRITICAL,60.96
HIST_000766,AST_000022,ENGINEERING,CORRECTIVE_MAINTENANCE,76.5,69.3,51.7,4,7,150,146,0,FALSE,TRUE,0.314,False,HIGH,61.87
HIST_000767,AST_000039,S&T,INSPECTION,91.8,26.2,36.3,5,3,90,96,4,TRUE,TRUE,0.163,False,MEDIUM,48.85
HIST_000768,AST_000006,S&T,REPAIR,94.3,59.8,25.7,5,3,60,66,4,TRUE,TRUE,0.086,False,CRITICAL,63.38
HIST_000769,AST_000023,TRD,REPLACEMENT,55.6,87.2,61.1,1,9,45,42,0,FALSE,TRUE,0.518,False,CRITICAL,65.7
HIST_000770,AST_000040,ENGINEERING,TESTING,49.9,95.4,74.7,4,3,180,216,22,TRUE,TRUE,0.584,False,MEDIUM,61.26
HIST_000771,AST_000007,ENGINEERING,PREVENTIVE_MAINTENANCE,52.8,50.4,44.2,2,5,150,123,0,FALSE,TRUE,0.744,True,MEDIUM,54.78
HIST_000772,AST_000024,S&T,CORRECTIVE_MAINTENANCE,66.7,58.3,21.3,3,4,120,113,0,FALSE,TRUE,0.249,False,HIGH,50.09
HIST_000773,AST_000041,TRD,INSPECTION,89.8,94.1,52.4,4,7,90,104,8,TRUE,TRUE,0.006,False,CRITICAL,75.94
HIST_000774,AST_000008,TRD,REPAIR,88.0,88.9,68.3,1,1,150,155,3,TRUE,TRUE,0.465,False,LOW,66.03
HIST_000775,AST_000025,ENGINEERING,REPLACEMENT,94.7,37.3,39.9,3,7,180,180,0,FALSE,TRUE,0.658,False,LOW,49.47
HIST_000776,AST_000042,S&T,TESTING,44.5,100.0,48.6,3,10,90,109,11,TRUE,TRUE,0.121,False,CRITICAL,63.07
HIST_000777,AST_000009,S&T,PREVENTIVE_MAINTENANCE,89.0,0.0,57.2,3,1,120,123,2,TRUE,TRUE,0.739,False,LOW,41.89
HIST_000778,AST_000026,TRD,CORRECTIVE_MAINTENANCE,79.3,80.9,28.4,2,4,90,106,10,TRUE,TRUE,0.424,True,CRITICAL,74.69
HIST_000779,AST_000043,ENGINEERING,INSPECTION,70.1,93.6,43.2,1,12,30,32,1,TRUE,TRUE,0.202,False,HIGH,64.32
HIST_000780,AST_000010,ENGINEERING,REPAIR,83.3,91.6,45.8,4,12,120,124,2,TRUE,TRUE,0.544,False,MEDIUM,64.55
HIST_000781,AST_000027,S&T,REPLACEMENT,50.8,24.1,60.9,0,7,240,251,7,TRUE,FALSE,0.219,False,LOW,37.2
HIST_000782,AST_000044,TRD,TESTING,56.3,79.6,46.1,0,9,75,64,0,FALSE,FALSE,0.853,False,HIGH,57.26
HIST_000783,AST_000011,TRD,PREVENTIVE_MAINTENANCE,69.6,54.1,74.0,0,1,150,131,0,FALSE,FALSE,0.084,False,LOW,52.95
HIST_000784,AST_000028,ENGINEERING,CORRECTIVE_MAINTENANCE,49.5,65.8,21.9,5,12,75,80,3,TRUE,TRUE,0.798,False,LOW,39.43
HIST_000785,AST_000045,S&T,INSPECTION,42.3,96.3,25.4,2,1,240,249,5,TRUE,TRUE,0.04,True,MEDIUM,59.34
HIST_000786,AST_000012,S&T,REPAIR,62.0,0.0,47.3,1,5,180,189,5,TRUE,TRUE,0.451,False,CRITICAL,43.06
HIST_000787,AST_000029,TRD,REPLACEMENT,88.2,100.0,17.3,0,3,60,67,4,TRUE,FALSE,0.798,False,LOW,58.67
HIST_000788,AST_000046,ENGINEERING,TESTING,52.0,25.5,50.0,4,2,30,33,2,TRUE,TRUE,0.738,False,CRITICAL,46.98
HIST_000789,AST_000013,ENGINEERING,PREVENTIVE_MAINTENANCE,54.3,0.0,62.4,2,10,120,112,0,FALSE,TRUE,0.675,False,HIGH,40.02
HIST_000790,AST_000030,S&T,TESTING,88.6,94.9,27.9,1,1,300,320,12,TRUE,TRUE,0.236,False,LOW,59.63
HIST_000791,AST_000047,TRD,PREVENTIVE_MAINTENANCE,84.5,0.0,15.9,3,3,150,144,0,FALSE,TRUE,0.086,False,CRITICAL,43.53
HIST_000792,AST_000014,TRD,CORRECTIVE_MAINTENANCE,44.4,100.0,74.4,1,3,180,173,0,FALSE,TRUE,0.286,True,HIGH,74.45
HIST_000793,AST_000031,ENGINEERING,INSPECTION,40.4,9.9,58.1,5,7,75,81,4,TRUE,TRUE,0.136,False,MEDIUM,33.72
HIST_000794,AST_000048,S&T,REPAIR,56.3,0.0,34.5,0,6,45,38,0,FALSE,FALSE,0.355,False,MEDIUM,31.29
HIST_000795,AST_000015,S&T,REPLACEMENT,53.9,15.2,71.0,5,11,150,187,22,TRUE,TRUE,0.024,False,CRITICAL,49.17
HIST_000796,AST_000032,TRD,TESTING,72.1,54.8,55.7,5,5,60,59,0,FALSE,TRUE,0.883,False,CRITICAL,61.47
HIST_000797,AST_000049,ENGINEERING,PREVENTIVE_MAINTENANCE,67.6,68.9,59.7,1,6,45,48,2,TRUE,TRUE,0.822,False,LOW,53.19
HIST_000798,AST_000016,ENGINEERING,CORRECTIVE_MAINTENANCE,55.3,100.0,54.2,5,8,120,120,0,FALSE,TRUE,0.798,False,HIGH,63.68
HIST_000799,AST_000033,S&T,INSPECTION,80.7,100.0,27.9,5,3,90,88,0,FALSE,TRUE,0.311,True,HIGH,76.04
HIST_000800,AST_000050,TRD,REPAIR,88.2,100.0,35.1,2,1,75,82,4,TRUE,TRUE,0.802,False,CRITICAL,73.48
HIST_000801,AST_000017,TRD,REPLACEMENT,66.6,0.0,38.2,4,4,240,281,25,TRUE,TRUE,0.336,False,LOW,31.37
HIST_000802,AST_000034,ENGINEERING,TESTING,82.4,31.1,24.6,3,1,60,61,1,TRUE,TRUE,0.598,False,CRITICAL,52.42
HIST_000803,AST_000001,ENGINEERING,PREVENTIVE_MAINTENANCE,50.3,100.0,27.6,2,11,60,49,0,FALSE,TRUE,0.49,False,HIGH,56.86
HIST_000804,AST_000018,S&T,CORRECTIVE_MAINTENANCE,94.2,100.0,32.2,5,1,30,37,4,TRUE,TRUE,0.794,False,CRITICAL,74.7
HIST_000805,AST_000035,TRD,INSPECTION,84.2,100.0,22.2,3,5,150,170,12,TRUE,TRUE,0.804,False,HIGH,65.95
HIST_000806,AST_000002,TRD,REPAIR,63.8,100.0,34.8,4,4,30,31,1,TRUE,TRUE,0.325,True,LOW,64.85
HIST_000807,AST_000019,ENGINEERING,REPLACEMENT,79.6,100.0,18.1,0,6,150,183,20,TRUE,FALSE,0.187,False,LOW,56.25
HIST_000808,AST_000036,S&T,TESTING,78.2,94.2,48.5,4,12,30,27,0,FALSE,TRUE,0.427,False,MEDIUM,64.21
HIST_000809,AST_000003,S&T,PREVENTIVE_MAINTENANCE,55.7,17.4,61.0,4,8,60,71,7,TRUE,TRUE,0.606,False,LOW,37.01
HIST_000810,AST_000020,TRD,CORRECTIVE_MAINTENANCE,63.2,57.5,30.5,5,7,240,196,0,FALSE,TRUE,0.768,False,HIGH,50.69
HIST_000811,AST_000037,ENGINEERING,INSPECTION,81.9,1.7,31.3,0,4,240,296,34,TRUE,FALSE,0.424,False,CRITICAL,46.26
HIST_000812,AST_000004,ENGINEERING,REPAIR,87.4,79.0,48.7,3,8,75,83,5,TRUE,TRUE,0.086,False,LOW,59.46
HIST_000813,AST_000021,S&T,REPLACEMENT,42.9,45.5,44.3,3,2,240,195,0,FALSE,TRUE,0.018,True,MEDIUM,50.6
HIST_000814,AST_000038,TRD,TESTING,95.1,100.0,40.5,3,2,60,50,0,FALSE,TRUE,0.468,False,HIGH,72.88
HIST_000815,AST_000005,TRD,PREVENTIVE_MAINTENANCE,56.6,100.0,19.0,1,6,120,132,7,TRUE,TRUE,0.732,False,HIGH,57.03
HIST_000816,AST_000022,ENGINEERING,TESTING,76.5,9.3,56.3,4,7,180,201,13,TRUE,TRUE,0.901,False,MEDIUM,44.03
HIST_000817,AST_000039,S&T,PREVENTIVE_MAINTENANCE,91.8,48.5,36.2,2,3,90,96,4,TRUE,TRUE,0.831,False,MEDIUM,54.41
HIST_000818,AST_000006,S&T,CORRECTIVE_MAINTENANCE,94.3,6.9,16.0,1,6,150,177,16,TRUE,TRUE,0.557,False,HIGH,44.47
HIST_000819,AST_000023,TRD,INSPECTION,55.6,18.6,62.0,0,5,60,61,1,TRUE,FALSE,0.029,False,MEDIUM,41.23
HIST_000820,AST_000040,ENGINEERING,REPAIR,49.9,25.4,70.3,5,3,90,92,1,TRUE,TRUE,0.657,True,HIGH,56.63
HIST_000821,AST_000007,ENGINEERING,REPLACEMENT,52.8,100.0,35.2,5,10,180,208,17,TRUE,TRUE,0.273,False,LOW,51.63
HIST_000822,AST_000024,S&T,TESTING,66.7,48.1,23.6,3,3,150,174,14,TRUE,TRUE,0.185,False,LOW,40.51
HIST_000823,AST_000041,TRD,PREVENTIVE_MAINTENANCE,89.8,0.7,53.9,4,1,45,50,3,TRUE,TRUE,0.444,False,LOW,41.64
HIST_000824,AST_000008,TRD,CORRECTIVE_MAINTENANCE,88.0,100.0,61.0,0,12,60,74,8,TRUE,FALSE,0.19,False,MEDIUM,71.1
HIST_000825,AST_000025,ENGINEERING,INSPECTION,94.7,100.0,40.4,0,2,180,163,0,FALSE,FALSE,0.072,False,MEDIUM,68.99
HIST_000826,AST_000042,S&T,REPAIR,44.5,100.0,49.8,4,10,180,205,15,TRUE,TRUE,0.414,False,CRITICAL,63.31
HIST_000827,AST_000009,S&T,REPLACEMENT,89.0,0.0,56.3,5,1,240,244,2,TRUE,TRUE,0.202,True,LOW,51.71
HIST_000828,AST_000026,TRD,TESTING,79.3,59.5,27.8,4,5,60,70,6,TRUE,TRUE,0.541,False,MEDIUM,51.73
HIST_000829,AST_000043,ENGINEERING,PREVENTIVE_MAINTENANCE,70.1,32.6,45.2,5,1,90,96,4,TRUE,TRUE,0.973,False,CRITICAL,53.22
HIST_000830,AST_000010,ENGINEERING,CORRECTIVE_MAINTENANCE,83.3,40.9,46.2,1,10,75,75,0,FALSE,TRUE,0.981,False,CRITICAL,59.45
HIST_000831,AST_000027,S&T,INSPECTION,50.8,47.6,60.3,2,9,240,274,20,TRUE,TRUE,0.847,False,LOW,42.95
HIST_000832,AST_000044,TRD,REPAIR,56.3,5.7,47.8,1,1,75,64,0,FALSE,TRUE,0.755,False,HIGH,39.12
HIST_000833,AST_000011,TRD,REPLACEMENT,69.6,100.0,64.9,5,10,90,89,0,FALSE,TRUE,0.074,False,MEDIUM,66.36
HIST_000834,AST_000028,ENGINEERING,TESTING,49.5,0.0,27.7,2,3,30,25,0,FALSE,TRUE,0.962,True,HIGH,41.64
HIST_000835,AST_000045,S&T,PREVENTIVE_MAINTENANCE,42.3,43.1,29.7,0,2,75,72,0,FALSE,FALSE,0.631,False,CRITICAL,44.41
HIST_000836,AST_000012,S&T,CORRECTIVE_MAINTENANCE,62.0,73.4,46.4,5,6,90,79,0,FALSE,TRUE,0.125,False,CRITICAL,61.23
HIST_000837,AST_000029,TRD,INSPECTION,88.2,100.0,18.3,3,3,150,143,0,FALSE,TRUE,0.605,False,CRITICAL,70.12
HIST_000838,AST_000046,ENGINEERING,REPAIR,52.0,73.2,59.7,3,10,75,89,8,TRUE,TRUE,0.508,False,CRITICAL,60.84
HIST_000839,AST_000013,ENGINEERING,REPLACEMENT,54.3,81.8,53.8,4,8,120,102,0,FALSE,TRUE,0.469,False,MEDIUM,55.0
HIST_000840,AST_000030,S&T,TESTING,88.6,73.2,20.0,5,6,180,187,4,TRUE,TRUE,0.606,False,LOW,52.63
HIST_000841,AST_000047,TRD,PREVENTIVE_MAINTENANCE,84.5,100.0,24.4,1,10,90,84,0,FALSE,TRUE,0.258,True,MEDIUM,72.73
HIST_000842,AST_000014,TRD,CORRECTIVE_MAINTENANCE,44.4,10.9,73.5,2,12,30,36,4,TRUE,TRUE,0.569,False,HIGH,41.99
HIST_000843,AST_000031,ENGINEERING,PREVENTIVE_MAINTENANCE,40.4,59.8,53.7,3,3,150,157,4,TRUE,TRUE,0.071,False,LOW,41.56
HIST_000844,AST_000048,S&T,CORRECTIVE_MAINTENANCE,56.3,74.6,37.2,4,6,120,105,0,FALSE,TRUE,0.386,False,LOW,46.73
HIST_000845,AST_000015,S&T,INSPECTION,53.9,99.7,69.6,1,12,180,207,16,TRUE,TRUE,0.011,False,HIGH,66.27
HIST_000846,AST_000032,TRD,REPAIR,72.1,69.8,54.9,4,6,60,60,0,FALSE,TRUE,0.756,False,LOW,53.81
HIST_000847,AST_000049,ENGINEERING,REPLACEMENT,67.6,100.0,55.3,1,1,120,122,1,TRUE,TRUE,0.33,False,MEDIUM,63.84
HIST_000848,AST_000016,ENGINEERING,TESTING,55.3,100.0,48.3,5,4,150,179,17,TRUE,TRUE,0.902,True,HIGH,72.5
HIST_000849,AST_000033,S&T,PREVENTIVE_MAINTENANCE,80.7,74.9,17.4,2,4,180,153,0,FALSE,TRUE,0.403,False,CRITICAL,61.41
HIST_000850,AST_000050,TRD,CORRECTIVE_MAINTENANCE,88.2,26.1,35.4,3,12,180,164,0,FALSE,TRUE,0.828,False,MEDIUM,47.56
HIST_000851,AST_000017,TRD,INSPECTION,66.6,7.2,43.4,4,1,90,74,0,FALSE,TRUE,0.675,False,CRITICAL,45.46
HIST_000852,AST_000034,ENGINEERING,REPAIR,82.4,0.0,18.3,0,9,60,58,0,FALSE,FALSE,0.601,False,CRITICAL,43.38
HIST_000853,AST_000001,ENGINEERING,REPLACEMENT,50.3,0.0,34.3,0,6,120,139,11,TRUE,FALSE,0.242,False,HIGH,33.2
HIST_000854,AST_000018,S&T,TESTING,94.2,0.0,21.5,4,3,90,106,10,TRUE,TRUE,0.934,False,MEDIUM,40.06
HIST_000855,AST_000035,TRD,PREVENTIVE_MAINTENANCE,84.2,83.3,29.5,3,3,120,124,2,TRUE,TRUE,0.874,True,MEDIUM,69.48
HIST_000856,AST_000002,TRD,CORRECTIVE_MAINTENANCE,63.8,0.0,34.7,4,2,90,102,7,TRUE,TRUE,0.073,False,HIGH,37.33
HIST_000857,AST_000019,ENGINEERING,INSPECTION,79.6,100.0,28.5,5,12,150,159,5,TRUE,TRUE,0.764,False,HIGH,65.83
HIST_000858,AST_000036,S&T,REPAIR,78.2,71.1,57.9,5,12,75,76,1,TRUE,TRUE,0.31,False,HIGH,64.06
HIST_000859,AST_000003,S&T,REPLACEMENT,55.7,72.3,57.3,1,12,180,161,0,FALSE,TRUE,0.367,False,CRITICAL,61.24
HIST_000860,AST_000020,TRD,TESTING,63.2,26.7,22.6,2,4,120,115,0,FALSE,TRUE,0.523,False,MEDIUM,37.66
HIST_000861,AST_000037,ENGINEERING,PREVENTIVE_MAINTENANCE,81.9,62.2,34.1,5,9,150,165,9,TRUE,TRUE,0.743,False,MEDIUM,54.44
HIST_000862,AST_000004,ENGINEERING,CORRECTIVE_MAINTENANCE,87.4,0.0,50.4,4,2,150,178,17,TRUE,TRUE,0.738,True,LOW,50.05
HIST_000863,AST_000021,S&T,INSPECTION,42.9,100.0,44.5,4,8,240,211,0,FALSE,TRUE,0.142,False,MEDIUM,54.27
HIST_000864,AST_000038,TRD,REPAIR,95.1,100.0,46.7,1,5,45,53,5,TRUE,TRUE,0.988,False,LOW,66.62
HIST_000865,AST_000005,TRD,REPLACEMENT,56.6,100.0,24.7,5,7,150,182,19,TRUE,TRUE,0.189,False,CRITICAL,61.92
HIST_000866,AST_000022,ENGINEERING,TESTING,76.5,16.0,50.4,2,7,180,165,0,FALSE,TRUE,0.286,False,MEDIUM,44.53
HIST_000867,AST_000039,S&T,PREVENTIVE_MAINTENANCE,91.8,0.0,35.9,5,4,60,72,7,TRUE,TRUE,0.58,False,HIGH,45.97
HIST_000868,AST_000006,S&T,CORRECTIVE_MAINTENANCE,94.3,89.2,21.7,0,2,75,84,5,TRUE,FALSE,0.101,False,MEDIUM,62.43
HIST_000869,AST_000023,TRD,PREVENTIVE_MAINTENANCE,55.6,22.4,55.1,1,12,60,55,0,FALSE,TRUE,0.784,True,CRITICAL,58.3
HIST_000870,AST_000040,ENGINEERING,CORRECTIVE_MAINTENANCE,49.9,78.5,75.1,3,1,75,62,0,FALSE,TRUE,0.892,False,HIGH,60.86
HIST_000871,AST_000007,ENGINEERING,INSPECTION,52.8,62.5,39.5,5,12,180,175,0,FALSE,TRUE,0.242,False,CRITICAL,54.36
HIST_000872,AST_000024,S&T,REPAIR,66.7,0.0,29.7,5,10,75,71,0,FALSE,TRUE,0.771,False,MEDIUM,33.45
HIST_000873,AST_000041,TRD,REPLACEMENT,89.8,100.0,46.1,0,8,30,26,0,FALSE,FALSE,0.181,False,CRITICAL,76.16
HIST_000874,AST_000008,TRD,TESTING,88.0,81.6,60.9,1,4,30,35,3,TRUE,TRUE,0.123,False,MEDIUM,66.48
HIST_000875,AST_000025,ENGINEERING,PREVENTIVE_MAINTENANCE,94.7,82.2,39.7,5,5,45,50,3,TRUE,TRUE,0.96,False,LOW,60.65
HIST_000876,AST_000042,S&T,CORRECTIVE_MAINTENANCE,44.5,100.0,39.3,2,11,240,200,0,FALSE,TRUE,0.578,True,HIGH,67.46
HIST_000877,AST_000009,S&T,INSPECTION,89.0,0.0,61.0,1,12,60,65,3,TRUE,TRUE,0.502,False,CRITICAL,53.9
HIST_000878,AST_000026,TRD,REPAIR,79.3,78.6,20.7,4,1,60,51,0,FALSE,TRUE,0.709,False,HIGH,58.83
HIST_000879,AST_000043,ENGINEERING,REPLACEMENT,70.1,70.3,51.0,1,10,60,58,0,FALSE,TRUE,0.665,False,LOW,52.55
HIST_000880,AST_000010,ENGINEERING,TESTING,83.3,96.1,52.4,5,7,180,221,25,TRUE,TRUE,0.258,False,HIGH,70.75
HIST_000881,AST_000027,S&T,PREVENTIVE_MAINTENANCE,50.8,60.9,48.5,3,8,120,139,11,TRUE,TRUE,0.26,False,CRITICAL,55.16
HIST_000882,AST_000044,TRD,CORRECTIVE_MAINTENANCE,56.3,0.0,47.6,3,2,180,208,17,TRUE,TRUE,0.621,False,HIGH,37.66
HIST_000883,AST_000011,TRD,INSPECTION,69.6,10.8,71.0,4,2,30,37,4,TRUE,TRUE,0.35,True,LOW,51.53
HIST_000884,AST_000028,ENGINEERING,REPAIR,49.5,54.2,23.9,5,9,45,56,7,TRUE,TRUE,0.395,False,HIGH,44.43
HIST_000885,AST_000045,S&T,REPLACEMENT,42.3,19.2,23.2,3,4,60,61,1,TRUE,TRUE,0.8,False,MEDIUM,29.63
HIST_000886,AST_000012,S&T,TESTING,62.0,0.0,42.1,1,10,150,121,0,FALSE,TRUE,0.518,False,CRITICAL,42.02
HIST_000887,AST_000029,TRD,PREVENTIVE_MAINTENANCE,88.2,0.0,30.3,2,7,120,102,0,FALSE,TRUE,0.719,False,LOW,36.27
HIST_000888,AST_000046,ENGINEERING,CORRECTIVE_MAINTENANCE,52.0,0.0,61.4,5,12,150,183,20,TRUE,TRUE,0.784,False,HIGH,39.13
HIST_000889,AST_000013,ENGINEERING,INSPECTION,54.3,88.2,61.5,2,6,30,36,4,TRUE,TRUE,0.944,False,HIGH,61.89
HIST_000890,AST_000030,S&T,REPAIR,88.6,100.0,27.4,5,7,60,59,0,FALSE,TRUE,0.53,True,HIGH,78.31
HIST_000891,AST_000047,TRD,REPLACEMENT,84.5,0.0,19.8,5,11,30,29,0,FALSE,TRUE,0.474,False,HIGH,40.56
HIST_000892,AST_000014,TRD,TESTING,44.4,71.8,72.4,0,5,90,78,0,FALSE,FALSE,0.77,False,HIGH,57.0
HIST_000893,AST_000031,ENGINEERING,PREVENTIVE_MAINTENANCE,40.4,100.0,50.0,1,10,180,193,8,TRUE,TRUE,0.279,False,LOW,50.87
HIST_000894,AST_000048,S&T,CORRECTIVE_MAINTENANCE,56.3,39.3,37.7,5,4,75,72,0,FALSE,TRUE,0.922,False,MEDIUM,41.75
HIST_000895,AST_000015,S&T,PREVENTIVE_MAINTENANCE,53.9,69.1,69.0,5,10,180,216,22,TRUE,TRUE,0.247,False,MEDIUM,54.74
HIST_000896,AST_000032,TRD,CORRECTIVE_MAINTENANCE,72.1,80.0,57.0,2,3,120,126,4,TRUE,TRUE,0.659,False,LOW,56.78
HIST_000897,AST_000049,ENGINEERING,INSPECTION,67.6,0.0,50.5,1,10,60,75,9,TRUE,TRUE,0.807,True,LOW,44.13
HIST_000898,AST_000016,ENGINEERING,REPAIR,55.3,63.7,43.4,2,7,90,97,4,TRUE,TRUE,0.658,False,CRITICAL,56.2
HIST_000899,AST_000033,S&T,REPLACEMENT,80.7,75.6,24.8,5,6,75,77,1,TRUE,TRUE,0.634,False,MEDIUM,55.57
HIST_000900,AST_000050,TRD,TESTING,88.2,35.6,35.5,5,12,30,37,4,TRUE,TRUE,0.587,False,MEDIUM,49.96
HIST_000901,AST_000017,TRD,PREVENTIVE_MAINTENANCE,66.6,100.0,43.2,0,6,30,29,0,FALSE,FALSE,0.156,False,LOW,57.37
HIST_000902,AST_000034,ENGINEERING,CORRECTIVE_MAINTENANCE,82.4,0.0,25.1,5,7,150,160,6,TRUE,TRUE,0.938,False,HIGH,40.99
HIST_000903,AST_000001,ENGINEERING,INSPECTION,50.3,19.7,27.1,5,1,75,70,0,FALSE,TRUE,0.531,False,CRITICAL,40.44
HIST_000904,AST_000018,S&T,REPAIR,94.2,40.6,26.1,2,1,240,195,0,FALSE,TRUE,0.839,True,CRITICAL,68.63
HIST_000905,AST_000035,TRD,REPLACEMENT,84.2,100.0,23.3,0,12,60,67,4,TRUE,FALSE,0.41,False,CRITICAL,69.92
HIST_000906,AST_000002,TRD,TESTING,63.8,100.0,39.9,0,11,60,69,5,TRUE,FALSE,0.15,False,HIGH,63.37
HIST_000907,AST_000019,ENGINEERING,PREVENTIVE_MAINTENANCE,79.6,42.0,22.7,2,11,120,101,0,FALSE,TRUE,0.531,False,HIGH,50.17
HIST_000908,AST_000036,S&T,CORRECTIVE_MAINTENANCE,78.2,100.0,44.8,2,1,240,245,3,TRUE,TRUE,0.135,False,LOW,61.17
HIST_000909,AST_000003,S&T,INSPECTION,55.7,0.0,54.3,3,10,30,28,0,FALSE,TRUE,0.47,False,LOW,31.32
HIST_000910,AST_000020,TRD,REPAIR,63.2,77.6,28.3,5,1,90,105,9,TRUE,TRUE,0.33,False,HIGH,55.27
HIST_000911,AST_000037,ENGINEERING,REPLACEMENT,81.9,74.4,29.5,2,5,180,164,0,FALSE,TRUE,0.458,True,LOW,62.82
HIST_000912,AST_000004,ENGINEERING,TESTING,87.4,100.0,43.6,2,2,120,114,0,FALSE,TRUE,0.744,False,CRITICAL,74.94
HIST_000913,AST_000021,S&T,PREVENTIVE_MAINTENANCE,42.9,17.6,48.8,5,2,30,29,0,FALSE,TRUE,0.502,False,MEDIUM,34.53
HIST_000914,AST_000038,TRD,CORRECTIVE_MAINTENANCE,95.1,86.1,40.6,5,6,180,214,20,TRUE,TRUE,0.169,False,CRITICAL,73.17
HIST_000915,AST_000005,TRD,INSPECTION,56.6,82.3,21.0,0,5,60,53,0,FALSE,FALSE,0.551,False,HIGH,53.01
HIST_000916,AST_000022,ENGINEERING,REPAIR,76.5,100.0,54.0,4,5,240,264,14,TRUE,TRUE,0.778,False,HIGH,70.0
HIST_000917,AST_000039,S&T,REPLACEMENT,91.8,100.0,44.8,2,12,60,69,5,TRUE,TRUE,0.167,False,CRITICAL,76.5
HIST_000918,AST_000006,S&T,TESTING,94.3,62.3,16.1,5,8,75,74,0,FALSE,TRUE,0.368,True,HIGH,68.33
HIST_000919,AST_000023,TRD,PREVENTIVE_MAINTENANCE,55.6,88.7,57.5,0,1,60,64,2,TRUE,FALSE,0.061,False,CRITICAL,65.36
HIST_000920,AST_000040,ENGINEERING,CORRECTIVE_MAINTENANCE,49.9,0.0,81.8,3,8,75,70,0,FALSE,TRUE,0.573,False,CRITICAL,46.33
HIST_000921,AST_000007,ENGINEERING,INSPECTION,52.8,17.5,37.0,1,10,120,102,0,FALSE,TRUE,0.416,False,HIGH,38.86
HIST_000922,AST_000024,S&T,CORRECTIVE_MAINTENANCE,66.7,10.8,27.7,4,6,240,285,27,TRUE,TRUE,0.958,False,LOW,32.0
HIST_000923,AST_000041,TRD,INSPECTION,89.8,100.0,51.7,0,2,90,83,0,FALSE,FALSE,0.891,False,MEDIUM,69.78
HIST_000924,AST_000008,TRD,REPAIR,88.0,57.6,58.6,4,9,75,84,5,TRUE,TRUE,0.385,False,MEDIUM,60.02
HIST_000925,AST_000025,ENGINEERING,REPLACEMENT,94.7,98.7,40.5,2,7,180,198,11,TRUE,TRUE,0.468,True,MEDIUM,78.69
HIST_000926,AST_000042,S&T,TESTING,44.5,100.0,51.0,4,11,180,180,0,FALSE,TRUE,0.616,False,MEDIUM,56.05
HIST_000927,AST_000009,S&T,PREVENTIVE_MAINTENANCE,89.0,97.0,52.7,1,10,150,147,0,FALSE,TRUE,0.019,False,LOW,65.24
HIST_000928,AST_000026,TRD,CORRECTIVE_MAINTENANCE,79.3,0.0,22.1,5,1,75,66,0,FALSE,TRUE,0.115,False,CRITICAL,43.21
HIST_000929,AST_000043,ENGINEERING,INSPECTION,70.1,100.0,44.3,2,11,150,169,11,TRUE,TRUE,0.81,False,MEDIUM,62.39
HIST_000930,AST_000010,ENGINEERING,REPAIR,83.3,0.0,53.3,0,11,75,73,0,FALSE,FALSE,0.161,False,MEDIUM,43.15
HIST_000931,AST_000027,S&T,REPLACEMENT,50.8,3.4,52.9,2,4,30,28,0,FALSE,TRUE,0.796,False,CRITICAL,41.67
HIST_000932,AST_000044,TRD,TESTING,56.3,91.6,52.4,1,6,75,79,2,TRUE,TRUE,0.702,True,HIGH,71.52
HIST_000933,AST_000011,TRD,PREVENTIVE_MAINTENANCE,69.6,57.1,74.5,1,1,180,145,0,FALSE,TRUE,0.521,False,HIGH,61.3
HIST_000934,AST_000028,ENGINEERING,CORRECTIVE_MAINTENANCE,49.5,100.0,23.3,4,8,120,127,4,TRUE,TRUE,0.716,False,MEDIUM,52.01
HIST_000935,AST_000045,S&T,INSPECTION,42.3,100.0,26.5,0,4,180,188,5,TRUE,FALSE,0.672,False,HIGH,54.24
HIST_000936,AST_000012,S&T,REPAIR,62.0,34.5,47.7,2,4,120,106,0,FALSE,TRUE,0.912,False,MEDIUM,44.27
HIST_000937,AST_000029,TRD,REPLACEMENT,88.2,100.0,20.6,0,3,30,26,0,FALSE,FALSE,0.752,False,MEDIUM,63.08
HIST_000938,AST_000046,ENGINEERING,TESTING,52.0,0.0,49.0,3,3,240,257,10,TRUE,TRUE,0.628,False,LOW,29.15
HIST_000939,AST_000013,ENGINEERING,PREVENTIVE_MAINTENANCE,54.3,100.0,53.2,5,12,75,73,0,FALSE,TRUE,0.642,True,CRITICAL,76.93
HIST_000940,AST_000030,S&T,CORRECTIVE_MAINTENANCE,88.6,54.3,29.8,3,2,240,253,8,TRUE,TRUE,0.601,False,LOW,49.87
HIST_000941,AST_000047,TRD,INSPECTION,84.5,89.4,26.8,5,12,180,219,23,TRUE,TRUE,0.433,False,MEDIUM,60.56
HIST_000942,AST_000014,TRD,REPAIR,44.4,1.6,63.6,0,6,60,62,1,TRUE,FALSE,0.782,False,HIGH,37.69
HIST_000943,AST_000031,ENGINEERING,REPLACEMENT,40.4,11.6,58.3,5,5,240,236,0,FALSE,TRUE,0.235,False,MEDIUM,34.18
HIST_000944,AST_000048,S&T,TESTING,56.3,100.0,33.3,4,2,90,83,0,FALSE,TRUE,0.527,False,HIGH,59.8
HIST_000945,AST_000015,S&T,PREVENTIVE_MAINTENANCE,53.9,29.9,68.0,5,6,60,66,4,TRUE,TRUE,0.871,False,LOW,40.99
HIST_000946,AST_000032,TRD,CORRECTIVE_MAINTENANCE,72.1,0.0,54.6,4,6,240,195,0,FALSE,TRUE,0.227,True,HIGH,53.8
HIST_000947,AST_000049,ENGINEERING,INSPECTION,67.6,81.9,53.4,4,1,150,166,10,TRUE,TRUE,0.528,False,LOW,55.18
HIST_000948,AST_000016,ENGINEERING,CORRECTIVE_MAINTENANCE,55.3,100.0,47.3,4,7,61,56,0,FALSE,TRUE,0.733,False,LOW,54.8
HIST_000949,AST_000033,S&T,INSPECTION,80.7,96.8,17.5,4,2,240,224,0,FALSE,TRUE,0.311,False,CRITICAL,66.91
HIST_000950,AST_000050,TRD,REPAIR,88.2,57.0,30.9,1,9,180,144,0,FALSE,TRUE,0.547,False,HIGH,58.14
HIST_000951,AST_000017,TRD,REPLACEMENT,66.6,100.0,44.2,3,6,60,51,0,FALSE,TRUE,0.716,False,CRITICAL,68.82
HIST_000952,AST_000034,ENGINEERING,TESTING,82.4,99.0,26.0,2,7,75,68,0,FALSE,TRUE,0.775,False,LOW,58.42
HIST_000953,AST_000001,ENGINEERING,PREVENTIVE_MAINTENANCE,50.3,100.0,28.8,1,9,60,63,2,TRUE,TRUE,0.506,True,HIGH,67.1
HIST_000954,AST_000018,S&T,CORRECTIVE_MAINTENANCE,94.2,71.6,28.3,5,11,150,160,6,TRUE,TRUE,0.331,False,CRITICAL,66.82
HIST_000955,AST_000035,TRD,INSPECTION,84.2,100.0,26.0,5,9,75,71,0,FALSE,TRUE,0.333,False,MEDIUM,62.96
HIST_000956,AST_000002,TRD,REPAIR,63.8,10.9,40.2,5,1,90,85,0,FALSE,TRUE,0.676,False,LOW,33.66
HIST_000957,AST_000019,ENGINEERING,REPLACEMENT,79.6,71.1,21.3,2,12,75,62,0,FALSE,TRUE,0.94,False,CRITICAL,60.91
HIST_000958,AST_000036,S&T,TESTING,78.2,94.5,54.3,2,11,45,48,2,TRUE,TRUE,0.817,False,LOW,61.7
HIST_000959,AST_000003,S&T,PREVENTIVE_MAINTENANCE,55.7,75.5,52.8,2,12,90,112,13,TRUE,TRUE,0.843,False,HIGH,57.4
HIST_000960,AST_000020,TRD,CORRECTIVE_MAINTENANCE,63.2,100.0,29.2,3,1,75,88,8,TRUE,TRUE,0.659,True,CRITICAL,74.8
HIST_000961,AST_000037,ENGINEERING,INSPECTION,81.9,54.4,41.5,4,3,75,89,8,TRUE,TRUE,0.96,False,LOW,50.22
HIST_000962,AST_000004,ENGINEERING,REPAIR,87.4,100.0,43.9,4,3,75,67,0,FALSE,TRUE,0.946,False,MEDIUM,67.5
HIST_000963,AST_000021,S&T,REPLACEMENT,42.9,0.0,45.7,3,5,30,31,1,TRUE,TRUE,0.233,False,LOW,25.76
HIST_000964,AST_000038,TRD,TESTING,95.1,100.0,44.3,2,8,45,36,0,FALSE,TRUE,0.376,False,CRITICAL,77.39
HIST_000965,AST_000005,TRD,PREVENTIVE_MAINTENANCE,56.6,66.7,11.2,4,11,120,133,8,TRUE,TRUE,0.819,False,MEDIUM,43.4
HIST_000966,AST_000022,ENGINEERING,CORRECTIVE_MAINTENANCE,76.5,51.8,53.6,0,12,45,50,3,TRUE,FALSE,0.953,False,CRITICAL,61.62
HIST_000967,AST_000039,S&T,INSPECTION,91.8,15.5,41.4,2,2,180,185,3,TRUE,TRUE,0.371,True,LOW,53.45
HIST_000968,AST_000006,S&T,REPAIR,94.3,0.0,14.0,3,1,75,85,6,TRUE,TRUE,0.832,False,HIGH,42.34
HIST_000969,AST_000023,TRD,REPLACEMENT,55.6,24.2,62.7,0,4,30,25,0,FALSE,FALSE,0.584,False,LOW,39.02
HIST_000970,AST_000040,ENGINEERING,TESTING,49.9,75.5,71.1,3,9,75,87,7,TRUE,TRUE,0.042,False,LOW,51.81
HIST_000971,AST_000007,ENGINEERING,PREVENTIVE_MAINTENANCE,52.8,20.3,42.5,0,1,75,79,2,TRUE,FALSE,0.456,False,HIGH,40.66
HIST_000972,AST_000024,S&T,CORRECTIVE_MAINTENANCE,66.7,0.0,22.4,4,3,90,89,0,FALSE,TRUE,0.624,False,MEDIUM,31.99
HIST_000973,AST_000041,TRD,INSPECTION,89.8,100.0,51.6,5,8,150,186,22,TRUE,TRUE,0.372,False,HIGH,73.51
HIST_000974,AST_000008,TRD,CORRECTIVE_MAINTENANCE,88.0,10.5,59.8,5,10,60,65,3,TRUE,TRUE,0.926,True,LOW,54.73
HIST_000975,AST_000025,ENGINEERING,INSPECTION,94.7,71.1,33.7,4,6,45,39,0,FALSE,TRUE,0.423,False,HIGH,64.18
HIST_000976,AST_000042,S&T,REPAIR,44.5,42.4,38.7,3,5,120,99,0,FALSE,TRUE,0.003,False,LOW,35.44
HIST_000977,AST_000009,S&T,REPLACEMENT,89.0,0.0,60.6,4,9,30,31,1,TRUE,TRUE,0.85,False,MEDIUM,46.32
HIST_000978,AST_000026,TRD,TESTING,79.3,77.7,17.8,4,3,240,266,16,TRUE,TRUE,0.972,False,CRITICAL,61.78
HIST_000979,AST_000043,ENGINEERING,PREVENTIVE_MAINTENANCE,70.1,0.0,44.0,5,3,120,105,0,FALSE,TRUE,0.628,False,MEDIUM,37.33
HIST_000980,AST_000010,ENGINEERING,CORRECTIVE_MAINTENANCE,83.3,100.0,42.3,1,7,180,176,0,FALSE,TRUE,0.505,False,LOW,62.2
HIST_000981,AST_000027,S&T,INSPECTION,50.8,24.5,60.7,4,1,45,48,2,TRUE,TRUE,0.103,True,MEDIUM,51.0
HIST_000982,AST_000044,TRD,REPAIR,56.3,100.0,49.2,1,4,60,51,0,FALSE,TRUE,0.102,False,CRITICAL,66.73
HIST_000983,AST_000011,TRD,REPLACEMENT,69.6,98.8,66.3,1,8,240,245,3,TRUE,TRUE,0.921,False,MEDIUM,66.34
HIST_000984,AST_000028,ENGINEERING,TESTING,49.5,96.7,31.2,4,11,90,99,5,TRUE,TRUE,0.906,False,CRITICAL,60.27
HIST_000985,AST_000045,S&T,PREVENTIVE_MAINTENANCE,42.3,100.0,24.6,3,2,75,88,8,TRUE,TRUE,0.821,False,LOW,46.36
HIST_000986,AST_000012,S&T,CORRECTIVE_MAINTENANCE,62.0,100.0,43.8,0,12,180,219,23,TRUE,FALSE,0.078,False,LOW,56.11
HIST_000987,AST_000029,TRD,INSPECTION,88.2,92.9,25.1,3,8,90,107,10,TRUE,TRUE,0.362,False,LOW,58.46
HIST_000988,AST_000046,ENGINEERING,REPAIR,52.0,40.2,56.4,5,10,30,25,0,FALSE,TRUE,0.945,True,CRITICAL,61.93
HIST_000989,AST_000013,ENGINEERING,REPLACEMENT,54.3,33.1,58.0,0,12,60,54,0,FALSE,FALSE,0.971,False,LOW,39.91
HIST_000990,AST_000030,S&T,TESTING,88.6,16.7,24.1,3,3,75,69,0,FALSE,TRUE,0.289,False,HIGH,46.83
HIST_000991,AST_000047,TRD,PREVENTIVE_MAINTENANCE,84.5,0.0,20.4,0,8,120,103,0,FALSE,FALSE,0.965,False,LOW,33.18
HIST_000992,AST_000014,TRD,CORRECTIVE_MAINTENANCE,44.4,100.0,66.0,3,6,180,171,0,FALSE,TRUE,0.896,False,CRITICAL,66.52
HIST_000993,AST_000031,ENGINEERING,INSPECTION,40.4,100.0,50.0,3,1,120,126,4,TRUE,TRUE,0.77,False,HIGH,58.37
HIST_000994,AST_000048,S&T,REPAIR,56.3,65.4,35.2,2,2,180,179,0,FALSE,TRUE,0.062,False,MEDIUM,47.78
HIST_000995,AST_000015,S&T,REPLACEMENT,53.9,66.0,70.1,3,5,45,42,0,FALSE,TRUE,0.993,True,MEDIUM,64.19
HIST_000996,AST_000032,TRD,TESTING,72.1,100.0,51.7,1,11,45,47,1,TRUE,TRUE,0.569,False,HIGH,68.22
HIST_000997,AST_000049,ENGINEERING,PREVENTIVE_MAINTENANCE,67.6,100.0,49.6,2,1,150,122,0,FALSE,TRUE,0.759,False,LOW,58.95
HIST_000998,AST_000016,ENGINEERING,CORRECTIVE_MAINTENANCE,55.3,0.2,47.4,3,11,90,81,0,FALSE,TRUE,0.346,False,CRITICAL,41.12
HIST_000999,AST_000033,S&T,INSPECTION,80.7,43.6,18.8,4,3,120,132,7,TRUE,TRUE,0.883,False,MEDIUM,46.37
HIST_001000,AST_000050,TRD,REPAIR,88.2,100.0,40.4,4,10,120,123,2,TRUE,TRUE,0.168,False,LOW,63.29
HIST_001001,AST_000017,TRD,INSPECTION,66.6,72.3,34.2,1,6,180,212,19,TRUE,TRUE,0.117,False,HIGH,56.14
HIST_001002,AST_000034,ENGINEERING,REPAIR,82.4,16.2,28.0,1,7,60,50,0,FALSE,TRUE,0.961,True,HIGH,55.62
HIST_001003,AST_000001,ENGINEERING,REPLACEMENT,50.3,0.4,27.4,2,8,180,222,25,TRUE,TRUE,0.308,False,LOW,24.42
HIST_001004,AST_000018,S&T,TESTING,94.2,97.7,26.8,4,11,150,161,7,TRUE,TRUE,0.226,False,CRITICAL,73.05
HIST_001005,AST_000035,TRD,PREVENTIVE_MAINTENANCE,84.2,100.0,25.2,3,6,60,71,7,TRUE,TRUE,0.597,False,LOW,59.05
HIST_001006,AST_000002,TRD,CORRECTIVE_MAINTENANCE,63.8,100.0,40.0,0,7,60,58,0,FALSE,FALSE,0.74,False,CRITICAL,67.14
HIST_001007,AST_000019,ENGINEERING,INSPECTION,79.6,30.4,28.8,3,7,60,62,1,TRUE,TRUE,0.483,False,HIGH,48.49
HIST_001008,AST_000036,S&T,REPAIR,78.2,6.1,58.4,0,5,240,294,32,TRUE,FALSE,0.404,False,CRITICAL,51.66
HIST_001009,AST_000003,S&T,REPLACEMENT,55.7,89.5,64.4,1,2,45,50,3,TRUE,TRUE,0.84,True,LOW,65.72
HIST_001010,AST_000020,TRD,TESTING,63.2,51.7,28.4,2,1,240,257,10,TRUE,TRUE,0.207,False,CRITICAL,52.56
HIST_001011,AST_000037,ENGINEERING,PREVENTIVE_MAINTENANCE,81.9,0.7,32.8,1,5,150,132,0,FALSE,TRUE,0.828,False,MEDIUM,38.8
HIST_001012,AST_000004,ENGINEERING,CORRECTIVE_MAINTENANCE,87.4,100.0,50.6,3,4,180,171,0,FALSE,TRUE,0.004,False,LOW,65.09
HIST_001013,AST_000021,S&T,INSPECTION,42.9,21.7,49.7,2,10,240,231,0,FALSE,TRUE,0.291,False,HIGH,39.48
HIST_001014,AST_000038,TRD,REPAIR,95.1,99.4,36.0,0,11,240,287,28,TRUE,FALSE,0.207,False,HIGH,71.83
HIST_001015,AST_000005,TRD,REPLACEMENT,56.6,0.0,20.4,1,5,150,135,0,FALSE,TRUE,0.56,False,MEDIUM,28.56
HIST_001016,AST_000022,ENGINEERING,TESTING,76.5,22.5,50.9,3,2,240,247,4,TRUE,TRUE,0.0,True,HIGH,60.0
HIST_001017,AST_000039,S&T,PREVENTIVE_MAINTENANCE,91.8,50.3,38.9,4,12,180,205,15,TRUE,TRUE,0.161,False,MEDIUM,55.39
HIST_001018,AST_000006,S&T,CORRECTIVE_MAINTENANCE,94.3,39.9,13.1,3,10,150,163,8,TRUE,TRUE,0.412,False,MEDIUM,48.38
HIST_001019,AST_000023,TRD,INSPECTION,55.6,36.5,58.2,5,7,180,204,14,TRUE,TRUE,0.227,False,HIGH,48.7
HIST_001020,AST_000040,ENGINEERING,REPAIR,49.9,49.9,70.1,4,11,75,76,1,TRUE,TRUE,0.688,False,MEDIUM,48.97
HIST_001021,AST_000007,ENGINEERING,REPLACEMENT,52.8,73.1,43.5,5,4,30,24,0,FALSE,TRUE,0.331,False,LOW,46.56
HIST_001022,AST_000024,S&T,TESTING,66.7,12.0,19.5,0,1,60,55,0,FALSE,FALSE,0.89,False,MEDIUM,34.41
HIST_001023,AST_000041,TRD,PREVENTIVE_MAINTENANCE,89.8,100.0,44.4,5,6,180,205,15,TRUE,TRUE,0.193,True,CRITICAL,85.82
HIST_001024,AST_000008,TRD,CORRECTIVE_MAINTENANCE,88.0,97.6,58.6,2,9,240,202,0,FALSE,TRUE,0.89,False,HIGH,73.77
HIST_001025,AST_000025,ENGINEERING,INSPECTION,94.7,52.4,34.9,4,5,30,31,1,TRUE,TRUE,0.567,False,HIGH,59.74
HIST_001026,AST_000042,S&T,REPAIR,44.5,0.0,48.8,5,5,240,211,0,FALSE,TRUE,0.183,False,LOW,26.86
HIST_001027,AST_000009,S&T,INSPECTION,89.0,47.3,64.9,1,8,30,31,1,TRUE,TRUE,0.368,False,HIGH,62.76
HIST_001028,AST_000026,TRD,REPAIR,79.3,14.6,21.0,2,3,180,205,15,TRUE,TRUE,0.446,False,MEDIUM,39.14
HIST_001029,AST_000043,ENGINEERING,REPLACEMENT,70.1,82.3,52.2,1,11,30,29,0,FALSE,TRUE,0.122,False,LOW,55.8
HIST_001030,AST_000010,ENGINEERING,TESTING,83.3,17.1,47.2,5,4,240,222,0,FALSE,TRUE,0.463,True,CRITICAL,63.7
HIST_001031,AST_000027,S&T,PREVENTIVE_MAINTENANCE,50.8,0.0,50.4,1,12,120,145,15,TRUE,TRUE,0.379,False,LOW,29.07
HIST_001032,AST_000044,TRD,CORRECTIVE_MAINTENANCE,56.3,100.0,41.6,5,7,60,74,8,TRUE,TRUE,0.557,False,MEDIUM,57.71
HIST_001033,AST_000011,TRD,INSPECTION,69.6,59.0,71.2,2,12,120,147,16,TRUE,TRUE,0.728,False,CRITICAL,64.87
HIST_001034,AST_000028,ENGINEERING,REPAIR,49.5,0.0,24.2,3,8,180,224,26,TRUE,TRUE,0.698,False,MEDIUM,27.19
HIST_001035,AST_000045,S&T,REPLACEMENT,42.3,68.1,19.7,4,5,45,52,4,TRUE,TRUE,0.695,False,MEDIUM,41.15
HIST_001036,AST_000012,S&T,TESTING,62.0,0.0,42.3,0,5,75,61,0,FALSE,FALSE,0.059,False,HIGH,38.31
HIST_001037,AST_000029,TRD,PREVENTIVE_MAINTENANCE,88.2,100.0,29.4,5,6,60,75,9,TRUE,TRUE,0.518,True,MEDIUM,74.84
HIST_001038,AST_000046,ENGINEERING,CORRECTIVE_MAINTENANCE,52.0,99.7,53.3,4,3,240,228,0,FALSE,TRUE,0.297,False,HIGH,62.44
HIST_001039,AST_000013,ENGINEERING,INSPECTION,54.3,42.9,53.3,3,8,120,143,14,TRUE,TRUE,0.824,False,CRITICAL,52.67
HIST_001040,AST_000030,S&T,REPAIR,88.6,80.3,24.4,3,6,150,139,0,FALSE,TRUE,0.139,False,CRITICAL,66.53
HIST_001041,AST_000047,TRD,REPLACEMENT,84.5,100.0,26.0,4,6,240,291,31,TRUE,TRUE,0.854,False,HIGH,66.8
HIST_001042,AST_000014,TRD,TESTING,44.4,2.2,72.9,3,1,90,101,7,TRUE,TRUE,0.759,False,LOW,32.2
HIST_001043,AST_000031,ENGINEERING,PREVENTIVE_MAINTENANCE,40.4,21.8,50.1,2,9,30,26,0,FALSE,TRUE,0.214,False,MEDIUM,35.09
HIST_001044,AST_000048,S&T,CORRECTIVE_MAINTENANCE,56.3,0.0,25.0,1,4,45,56,7,TRUE,TRUE,0.339,True,HIGH,43.14
HIST_001045,AST_000015,S&T,INSPECTION,53.9,0.0,75.9,3,7,180,224,26,TRUE,TRUE,0.284,False,CRITICAL,46.35
HIST_001046,AST_000032,TRD,REPAIR,72.1,21.9,54.3,5,3,240,269,17,TRUE,TRUE,0.729,False,HIGH,49.21
HIST_001047,AST_000049,ENGINEERING,REPLACEMENT,67.6,21.4,56.0,5,9,90,89,0,FALSE,TRUE,0.502,False,LOW,40.58
HIST_001048,AST_000016,ENGINEERING,TESTING,55.3,71.7,47.2,2,7,120,127,4,TRUE,TRUE,0.583,False,LOW,47.7
HIST_001049,AST_000033,S&T,PREVENTIVE_MAINTENANCE,80.7,39.9,17.4,3,11,180,182,1,TRUE,TRUE,0.736,False,HIGH,48.91
HIST_001050,AST_000050,TRD,CORRECTIVE_MAINTENANCE,88.2,0.0,34.1,2,6,240,262,13,TRUE,TRUE,0.276,False,LOW,37.03
HIST_001051,AST_000017,TRD,INSPECTION,66.6,0.0,40.3,5,1,240,221,0,FALSE,TRUE,0.9,True,HIGH,49.29
HIST_001052,AST_000034,ENGINEERING,REPAIR,82.4,41.9,28.4,4,12,180,186,4,TRUE,TRUE,0.429,False,MEDIUM,48.38
HIST_001053,AST_000001,ENGINEERING,INSPECTION,50.3,89.0,32.4,1,3,60,48,0,FALSE,TRUE,0.602,False,MEDIUM,51.32
HIST_001054,AST_000018,S&T,REPAIR,94.2,21.6,30.4,2,11,120,110,0,FALSE,TRUE,0.039,False,MEDIUM,47.24
HIST_001055,AST_000035,TRD,REPLACEMENT,84.2,0.0,30.6,2,2,45,41,0,FALSE,TRUE,0.681,False,MEDIUM,38.88
HIST_001056,AST_000002,TRD,TESTING,63.8,81.3,27.6,5,1,30,25,0,FALSE,TRUE,0.793,False,CRITICAL,59.98
HIST_001057,AST_000019,ENGINEERING,PREVENTIVE_MAINTENANCE,79.6,0.0,22.6,2,5,120,120,0,FALSE,TRUE,0.651,False,LOW,32.15
HIST_001058,AST_000036,S&T,CORRECTIVE_MAINTENANCE,78.2,100.0,45.0,2,7,75,84,5,TRUE,TRUE,0.952,True,MEDIUM,74.96
HIST_001059,AST_000003,S&T,INSPECTION,55.7,59.7,53.8,3,12,30,31,1,TRUE,TRUE,0.12,False,MEDIUM,49.9
HIST_001060,AST_000020,TRD,REPAIR,63.2,100.0,21.4,5,9,150,141,0,FALSE,TRUE,0.827,False,LOW,51.99
HIST_001061,AST_000037,ENGINEERING,REPLACEMENT,81.9,47.5,38.0,4,9,120,121,1,TRUE,TRUE,0.777,False,HIGH,55.3
HIST_001062,AST_000004,ENGINEERING,TESTING,87.4,0.0,53.9,3,9,90,88,0,FALSE,TRUE,0.31,False,HIGH,48.25
HIST_001063,AST_000021,S&T,PREVENTIVE_MAINTENANCE,42.9,0.0,38.5,2,12,240,280,24,TRUE,TRUE,0.688,False,CRITICAL,35.57
HIST_001064,AST_000038,TRD,CORRECTIVE_MAINTENANCE,95.1,55.1,47.7,0,10,240,200,0,FALSE,FALSE,0.629,False,CRITICAL,66.84
HIST_001065,AST_000005,TRD,INSPECTION,56.6,89.5,23.2,1,1,90,105,9,TRUE,TRUE,0.268,True,CRITICAL,69.0
HIST_001066,AST_000022,ENGINEERING,REPAIR,76.5,48.9,61.9,4,1,90,82,0,FALSE,TRUE,0.939,False,MEDIUM,55.05
HIST_001067,AST_000039,S&T,REPLACEMENT,91.8,55.6,37.9,5,3,60,49,0,FALSE,TRUE,0.582,False,MEDIUM,56.52
HIST_001068,AST_000006,S&T,TESTING,94.3,0.0,16.1,5,6,45,48,2,TRUE,TRUE,0.562,False,LOW,35.26
HIST_001069,AST_000023,TRD,PREVENTIVE_MAINTENANCE,55.6,0.0,58.2,4,6,75,87,7,TRUE,TRUE,0.119,False,CRITICAL,43.32
HIST_001070,AST_000040,ENGINEERING,CORRECTIVE_MAINTENANCE,49.9,100.0,72.2,0,8,240,252,7,TRUE,FALSE,0.375,False,MEDIUM,61.91
HIST_001071,AST_000007,ENGINEERING,INSPECTION,52.8,100.0,44.5,1,12,30,37,4,TRUE,TRUE,0.047,False,HIGH,60.99
HIST_001072,AST_000024,S&T,REPAIR,66.7,23.7,22.2,5,10,120,130,6,TRUE,TRUE,0.225,True,MEDIUM,47.88
HIST_001073,AST_000041,TRD,REPLACEMENT,89.8,0.0,48.6,4,3,150,183,20,TRUE,TRUE,0.27,False,CRITICAL,51.66
HIST_001074,AST_000008,TRD,TESTING,88.0,29.6,68.3,4,4,90,84,0,FALSE,TRUE,0.781,False,CRITICAL,62.46
HIST_001075,AST_000025,ENGINEERING,PREVENTIVE_MAINTENANCE,94.7,20.5,34.8,1,4,30,27,0,FALSE,TRUE,0.243,False,MEDIUM,47.99
HIST_001076,AST_000042,S&T,CORRECTIVE_MAINTENANCE,44.5,27.9,43.2,5,5,45,46,1,TRUE,TRUE,0.76,False,CRITICAL,43.97
HIST_001077,AST_000009,S&T,INSPECTION,89.0,88.5,53.1,0,3,180,195,9,TRUE,FALSE,0.084,False,MEDIUM,66.95
HIST_001078,AST_000026,TRD,REPAIR,79.3,84.3,27.4,0,5,75,93,11,TRUE,FALSE,0.088,False,MEDIUM,57.84
HIST_001079,AST_000043,ENGINEERING,INSPECTION,70.1,100.0,43.2,4,1,90,111,13,TRUE,TRUE,0.204,True,HIGH,75.92
HIST_001080,AST_000010,ENGINEERING,REPAIR,83.3,0.0,43.6,0,2,180,205,15,TRUE,FALSE,0.305,False,MEDIUM,41.21
HIST_001081,AST_000027,S&T,REPLACEMENT,50.8,2.3,49.7,1,5,150,143,0,FALSE,TRUE,0.698,False,MEDIUM,33.25
HIST_001082,AST_000044,TRD,TESTING,56.3,6.1,53.9,5,4,90,99,5,TRUE,TRUE,0.322,False,CRITICAL,44.19
HIST_001083,AST_000011,TRD,PREVENTIVE_MAINTENANCE,69.6,86.6,70.2,0,11,75,63,0,FALSE,FALSE,0.301,False,CRITICAL,71.57
HIST_001084,AST_000028,ENGINEERING,CORRECTIVE_MAINTENANCE,49.5,24.0,19.7,5,11,45,48,2,TRUE,TRUE,0.384,False,MEDIUM,32.29
HIST_001085,AST_000045,S&T,INSPECTION,42.3,36.9,23.2,4,5,180,151,0,FALSE,TRUE,0.736,False,LOW,30.3
HIST_001086,AST_000012,S&T,REPAIR,62.0,75.6,40.1,2,10,150,164,8,TRUE,TRUE,0.038,True,MEDIUM,63.02
HIST_001087,AST_000029,TRD,REPLACEMENT,88.2,15.0,23.4,1,2,75,82,4,TRUE,TRUE,0.927,False,CRITICAL,49.89
HIST_001088,AST_000046,ENGINEERING,TESTING,52.0,100.0,52.4,0,4,240,271,19,TRUE,FALSE,0.638,False,HIGH,62.33
HIST_001089,AST_000013,ENGINEERING,PREVENTIVE_MAINTENANCE,54.3,23.3,54.7,3,6,240,299,35,TRUE,TRUE,0.223,False,LOW,36.8
HIST_001090,AST_000030,S&T,CORRECTIVE_MAINTENANCE,88.6,53.8,28.6,5,1,90,78,0,FALSE,TRUE,0.478,False,HIGH,57.0
HIST_001091,AST_000047,TRD,INSPECTION,84.5,95.5,25.4,2,8,240,261,13,TRUE,TRUE,0.232,False,CRITICAL,69.3
HIST_001092,AST_000014,TRD,REPAIR,44.4,2.5,63.3,0,10,60,74,8,TRUE,FALSE,0.663,False,LOW,30.35
HIST_001093,AST_000031,ENGINEERING,REPLACEMENT,40.4,97.8,58.9,3,8,180,178,0,FALSE,TRUE,0.926,True,MEDIUM,65.85
HIST_001094,AST_000048,S&T,TESTING,56.3,78.7,26.5,3,7,180,224,26,TRUE,TRUE,0.096,False,HIGH,53.11
HIST_001095,AST_000015,S&T,PREVENTIVE_MAINTENANCE,53.9,0.0,71.6,1,12,240,243,2,TRUE,TRUE,0.825,False,LOW,34.24
HIST_001096,AST_000032,TRD,CORRECTIVE_MAINTENANCE,72.1,39.7,54.3,5,11,180,190,6,TRUE,TRUE,0.572,False,CRITICAL,57.41
HIST_001097,AST_000049,ENGINEERING,INSPECTION,67.6,39.7,46.0,2,6,180,184,2,TRUE,TRUE,0.344,False,CRITICAL,54.41
HIST_001098,AST_000016,ENGINEERING,REPAIR,55.3,86.9,57.3,4,12,60,61,1,TRUE,TRUE,0.58,False,LOW,53.52
HIST_001099,AST_000033,S&T,REPLACEMENT,80.7,37.5,25.9,0,7,180,158,0,FALSE,FALSE,0.055,False,HIGH,50.02
HIST_001100,AST_000050,TRD,TESTING,88.2,53.8,34.8,5,11,150,151,1,TRUE,TRUE,0.857,True,LOW,60.62
HIST_001101,AST_000017,TRD,PREVENTIVE_MAINTENANCE,66.6,0.0,43.3,4,5,180,192,7,TRUE,TRUE,0.805,False,MEDIUM,36.14
HIST_001102,AST_000034,ENGINEERING,CORRECTIVE_MAINTENANCE,82.4,98.7,19.5,0,4,240,230,0,FALSE,FALSE,0.037,False,HIGH,64.55
HIST_001103,AST_000001,ENGINEERING,INSPECTION,50.3,48.1,33.1,3,9,90,107,10,TRUE,TRUE,0.915,False,MEDIUM,41.23
HIST_001104,AST_000018,S&T,REPAIR,94.2,100.0,23.8,2,6,75,93,11,TRUE,TRUE,0.318,False,LOW,61.77
HIST_001105,AST_000035,TRD,REPLACEMENT,84.2,14.6,18.3,4,12,90,99,5,TRUE,TRUE,0.054,False,LOW,36.32
HIST_001106,AST_000002,TRD,REPAIR,63.8,3.6,29.0,4,6,120,129,5,TRUE,TRUE,0.028,False,MEDIUM,33.34
HIST_001107,AST_000019,ENGINEERING,REPLACEMENT,79.6,100.0,25.8,3,8,240,235,0,FALSE,TRUE,0.566,True,CRITICAL,79.04
HIST_001108,AST_000036,S&T,TESTING,78.2,19.9,57.2,2,7,45,44,0,FALSE,TRUE,0.365,False,MEDIUM,47.38
HIST_001109,AST_000003,S&T,PREVENTIVE_MAINTENANCE,55.7,58.8,59.0,1,5,60,56,0,FALSE,TRUE,0.923,False,LOW,46.96
HIST_001110,AST_000020,TRD,CORRECTIVE_MAINTENANCE,63.2,100.0,28.4,4,7,90,80,0,FALSE,TRUE,0.873,False,MEDIUM,57.14
HIST_001111,AST_000037,ENGINEERING,INSPECTION,81.9,0.0,41.4,2,7,90,75,0,FALSE,TRUE,0.321,False,LOW,36.6
HIST_001112,AST_000004,ENGINEERING,REPAIR,87.4,0.0,50.5,3,12,150,164,8,TRUE,TRUE,0.942,False,MEDIUM,43.82
HIST_001113,AST_000021,S&T,REPLACEMENT,42.9,42.6,48.2,3,2,150,139,0,FALSE,TRUE,0.771,False,HIGH,44.41
HIST_001114,AST_000038,TRD,TESTING,95.1,14.2,45.8,2,1,120,112,0,FALSE,TRUE,0.288,True,HIGH,62.49
HIST_001115,AST_000005,TRD,PREVENTIVE_MAINTENANCE,56.6,87.2,18.3,1,6,30,33,2,TRUE,TRUE,0.167,False,CRITICAL,57.44
HIST_001116,AST_000022,ENGINEERING,CORRECTIVE_MAINTENANCE,76.5,0.0,58.4,4,10,180,172,0,FALSE,TRUE,0.948,False,CRITICAL,49.63
HIST_001117,AST_000039,S&T,INSPECTION,91.8,25.8,40.5,3,12,180,165,0,FALSE,TRUE,0.676,False,HIGH,53.34
HIST_001118,AST_000006,S&T,REPAIR,94.3,84.0,22.6,5,10,90,96,4,TRUE,TRUE,0.311,False,CRITICAL,68.81
HIST_001119,AST_000023,TRD,REPLACEMENT,55.6,56.8,56.1,3,1,240,216,0,FALSE,TRUE,0.404,False,CRITICAL,57.1
HIST_001120,AST_000040,ENGINEERING,TESTING,49.9,0.0,79.9,5,6,30,35,3,TRUE,TRUE,0.659,False,MEDIUM,38.45
HIST_001121,AST_000007,ENGINEERING,PREVENTIVE_MAINTENANCE,52.8,11.2,40.9,3,5,150,174,14,TRUE,TRUE,0.27,True,HIGH,48.07
HIST_001122,AST_000024,S&T,CORRECTIVE_MAINTENANCE,66.7,77.8,22.5,0,4,120,117,0,FALSE,FALSE,0.008,False,HIGH,55.21
HIST_001123,AST_000041,TRD,INSPECTION,89.8,13.2,51.5,4,12,75,83,5,TRUE,TRUE,0.459,False,LOW,44.29
HIST_001124,AST_000008,TRD,REPAIR,88.0,18.5,68.3,5,3,60,64,2,TRUE,TRUE,0.832,False,MEDIUM,52.19
HIST_001125,AST_000025,ENGINEERING,REPLACEMENT,94.7,93.9,32.3,2,9,150,124,0,FALSE,TRUE,0.832,False,CRITICAL,73.34
HIST_001126,AST_000042,S&T,TESTING,44.5,0.0,46.5,2,12,30,26,0,FALSE,TRUE,0.258,False,MEDIUM,30.15
HIST_001127,AST_000009,S&T,PREVENTIVE_MAINTENANCE,89.0,100.0,63.0,2,4,90,87,0,FALSE,TRUE,0.428,False,LOW,68.05
HIST_001128,AST_000026,TRD,CORRECTIVE_MAINTENANCE,79.3,56.1,25.7,1,10,45,48,2,TRUE,TRUE,0.47,True,CRITICAL,67.95
HIST_001129,AST_000043,ENGINEERING,INSPECTION,70.1,93.2,44.1,4,3,180,202,13,TRUE,TRUE,0.214,False,MEDIUM,60.65
HIST_001130,AST_000010,ENGINEERING,REPAIR,83.3,43.8,52.7,3,2,240,207,0,FALSE,TRUE,0.538,False,LOW,50.23
HIST_001131,AST_000027,S&T,REPLACEMENT,50.8,50.5,56.4,2,7,150,157,4,TRUE,TRUE,0.876,False,HIGH,50.39
HIST_001132,AST_000044,TRD,REPAIR,56.3,92.5,52.2,0,4,300,343,26,TRUE,FALSE,0.732,False,LOW,54.2
HIST_001133,AST_000011,TRD,REPLACEMENT,69.6,0.0,72.1,5,3,75,80,3,TRUE,TRUE,0.946,False,LOW,39.05
HIST_001134,AST_000028,ENGINEERING,TESTING,49.5,10.1,31.0,2,7,120,122,1,TRUE,TRUE,0.227,False,CRITICAL,38.58
HIST_001135,AST_000045,S&T,PREVENTIVE_MAINTENANCE,42.3,100.0,27.0,3,4,90,106,10,TRUE,TRUE,0.749,True,CRITICAL,68.09
HIST_001136,AST_000012,S&T,CORRECTIVE_MAINTENANCE,62.0,100.0,43.5,0,1,150,138,0,FALSE,FALSE,0.526,False,MEDIUM,59.8
HIST_001137,AST_000029,TRD,INSPECTION,88.2,19.2,26.8,1,10,90,89,0,FALSE,TRUE,0.743,False,MEDIUM,44.12
HIST_001138,AST_000046,ENGINEERING,REPAIR,52.0,0.0,50.4,3,8,120,122,1,TRUE,TRUE,0.371,False,LOW,29.43
HIST_001139,AST_000013,ENGINEERING,REPLACEMENT,54.3,100.0,53.2,4,7,30,30,0,FALSE,TRUE,0.807,False,HIGH,63.18
HIST_001140,AST_000030,S&T,TESTING,88.6,100.0,24.9,2,10,60,50,0,FALSE,TRUE,0.001,False,MEDIUM,64.06
HIST_001141,AST_000047,TRD,PREVENTIVE_MAINTENANCE,84.5,13.9,14.9,4,5,30,37,4,TRUE,TRUE,0.007,False,HIGH,43.05
HIST_001142,AST_000014,TRD,CORRECTIVE_MAINTENANCE,44.4,50.2,65.8,5,2,60,67,4,TRUE,TRUE,0.636,True,MEDIUM,56.53
HIST_001143,AST_000031,ENGINEERING,INSPECTION,40.4,97.2,54.1,0,10,60,66,4,TRUE,FALSE,0.56,False,CRITICAL,62.24
HIST_001144,AST_000048,S&T,REPAIR,56.3,0.0,37.4,5,11,180,216,22,TRUE,TRUE,0.422,False,CRITICAL,39.37
HIST_001145,AST_000015,S&T,REPLACEMENT,53.9,100.0,72.1,2,2,30,31,1,TRUE,TRUE,0.908,False,HIGH,66.84
HIST_001146,AST_000032,TRD,TESTING,72.1,0.0,50.4,0,5,90,95,3,TRUE,FALSE,0.605,False,MEDIUM,39.21
HIST_001147,AST_000049,ENGINEERING,PREVENTIVE_MAINTENANCE,67.6,100.0,59.3,3,2,75,82,4,TRUE,TRUE,0.85,False,CRITICAL,72.14
HIST_001148,AST_000016,ENGINEERING,CORRECTIVE_MAINTENANCE,55.3,72.7,46.2,5,10,90,95,3,TRUE,TRUE,0.245,False,CRITICAL,59.01
HIST_001149,AST_000033,S&T,INSPECTION,80.7,51.2,25.4,5,11,60,59,0,FALSE,TRUE,0.218,True,LOW,55.84
HIST_001150,AST_000050,TRD,REPAIR,88.2,100.0,39.7,0,4,150,137,0,FALSE,FALSE,0.147,False,CRITICAL,74.4
HIST_001151,AST_000017,TRD,REPLACEMENT,66.6,20.3,40.2,0,2,180,215,21,TRUE,FALSE,0.262,False,HIGH,44.34
HIST_001152,AST_000034,ENGINEERING,TESTING,82.4,53.7,20.5,5,8,240,294,32,TRUE,TRUE,0.022,False,HIGH,53.5
HIST_001153,AST_000001,ENGINEERING,PREVENTIVE_MAINTENANCE,50.3,59.5,27.4,5,8,240,201,0,FALSE,TRUE,0.924,False,HIGH,46.69
HIST_001154,AST_000018,S&T,CORRECTIVE_MAINTENANCE,94.2,19.6,21.5,2,1,90,97,4,TRUE,TRUE,0.439,False,CRITICAL,52.46
HIST_001155,AST_000035,TRD,INSPECTION,84.2,32.3,31.3,0,11,240,215,0,FALSE,FALSE,0.848,False,CRITICAL,54.59
HIST_001156,AST_000002,TRD,REPAIR,63.8,24.3,32.5,5,12,90,72,0,FALSE,TRUE,0.635,True,HIGH,52.96
HIST_001157,AST_000019,ENGINEERING,REPLACEMENT,79.6,8.5,20.1,2,10,240,254,8,TRUE,TRUE,0.063,False,LOW,33.77
HIST_001158,AST_000036,S&T,REPAIR,78.2,100.0,53.3,1,1,180,193,8,TRUE,TRUE,0.368,False,CRITICAL,74.12
HIST_001159,AST_000003,S&T,REPLACEMENT,55.7,0.0,55.5,3,8,120,98,0,FALSE,TRUE,0.459,False,HIGH,39.06
HIST_001160,AST_000020,TRD,TESTING,63.2,0.0,25.6,5,1,90,73,0,FALSE,TRUE,0.557,False,CRITICAL,39.08
HIST_001161,AST_000037,ENGINEERING,PREVENTIVE_MAINTENANCE,81.9,78.5,35.6,2,11,120,131,7,TRUE,TRUE,0.717,False,CRITICAL,66.31
HIST_001162,AST_000004,ENGINEERING,CORRECTIVE_MAINTENANCE,87.4,100.0,48.2,3,4,75,91,10,TRUE,TRUE,0.447,False,MEDIUM,68.36
HIST_001163,AST_000021,S&T,INSPECTION,42.9,42.6,45.7,3,11,30,31,1,TRUE,TRUE,0.333,True,LOW,46.41
HIST_001164,AST_000038,TRD,REPAIR,95.1,90.1,39.8,1,10,90,109,11,TRUE,TRUE,0.286,False,MEDIUM,66.51
HIST_001165,AST_000005,TRD,REPLACEMENT,56.6,100.0,21.1,4,2,75,77,1,TRUE,TRUE,0.972,False,CRITICAL,61.2
HIST_001166,AST_000022,ENGINEERING,TESTING,76.5,94.8,55.1,1,7,150,169,11,TRUE,TRUE,0.32,False,MEDIUM,65.17
HIST_001167,AST_000039,S&T,PREVENTIVE_MAINTENANCE,91.8,11.8,42.5,1,3,90,75,0,FALSE,TRUE,0.802,False,LOW,42.74
HIST_001168,AST_000006,S&T,CORRECTIVE_MAINTENANCE,94.3,0.0,24.9,5,12,180,170,0,FALSE,TRUE,0.32,False,HIGH,44.52
HIST_001169,AST_000023,TRD,INSPECTION,55.6,58.2,56.0,5,3,180,221,25,TRUE,TRUE,0.216,False,CRITICAL,57.43
HIST_001170,AST_000040,ENGINEERING,REPAIR,49.9,45.9,76.1,5,4,120,127,4,TRUE,TRUE,0.679,True,HIGH,62.91
HIST_001171,AST_000007,ENGINEERING,REPLACEMENT,52.8,100.0,40.5,0,3,240,212,0,FALSE,FALSE,0.155,False,CRITICAL,63.94
HIST_001172,AST_000024,S&T,TESTING,66.7,100.0,22.4,2,4,180,170,0,FALSE,TRUE,0.919,False,LOW,53.24
HIST_001173,AST_000041,TRD,PREVENTIVE_MAINTENANCE,89.8,0.0,54.0,2,1,60,72,7,TRUE,TRUE,0.065,False,MEDIUM,45.24
HIST_001174,AST_000008,TRD,CORRECTIVE_MAINTENANCE,88.0,0.0,64.3,5,10,150,140,0,FALSE,TRUE,0.622,False,CRITICAL,54.26
HIST_001175,AST_000025,ENGINEERING,INSPECTION,94.7,0.0,43.1,1,9,240,259,11,TRUE,TRUE,0.641,False,MEDIUM,44.53
HIST_001176,AST_000042,S&T,REPAIR,44.5,54.4,41.9,2,4,60,74,8,TRUE,TRUE,0.546,False,CRITICAL,50.33
HIST_001177,AST_000009,S&T,REPLACEMENT,89.0,32.1,57.4,1,7,30,27,0,FALSE,TRUE,0.331,True,MEDIUM,63.7
HIST_001178,AST_000026,TRD,TESTING,79.3,100.0,18.3,4,2,75,88,8,TRUE,TRUE,0.942,False,MEDIUM,59.95
HIST_001179,AST_000043,ENGINEERING,PREVENTIVE_MAINTENANCE,70.1,87.4,53.1,5,10,60,61,1,TRUE,TRUE,0.6,False,MEDIUM,61.0
HIST_001180,AST_000010,ENGINEERING,CORRECTIVE_MAINTENANCE,83.3,56.6,53.7,2,8,120,119,0,FALSE,TRUE,0.48,False,HIGH,61.13
HIST_001181,AST_000027,S&T,INSPECTION,50.8,0.0,50.2,2,5,75,88,8,TRUE,TRUE,0.978,False,LOW,29.03
HIST_001182,AST_000044,TRD,REPAIR,56.3,15.4,54.0,1,7,90,82,0,FALSE,TRUE,0.242,False,CRITICAL,46.54
HIST_001183,AST_000011,TRD,REPLACEMENT,69.6,28.6,65.4,1,1,75,86,7,TRUE,TRUE,0.333,False,CRITICAL,56.11
HIST_001184,AST_000028,ENGINEERING,TESTING,49.5,100.0,24.9,2,10,150,160,6,TRUE,TRUE,0.858,True,MEDIUM,62.33
HIST_001185,AST_000045,S&T,REPLACEMENT,42.3,74.4,19.6,2,9,120,131,7,TRUE,TRUE,0.663,False,LOW,38.96
HIST_001186,AST_000012,S&T,TESTING,62.0,91.4,51.3,2,6,120,112,0,FALSE,TRUE,0.556,False,HIGH,62.96
HIST_001187,AST_000029,TRD,PREVENTIVE_MAINTENANCE,88.2,0.0,30.1,5,3,90,88,0,FALSE,TRUE,0.585,False,HIGH,43.73
HIST_001188,AST_000046,ENGINEERING,CORRECTIVE_MAINTENANCE,52.0,36.4,49.6,4,1,45,51,4,TRUE,TRUE,0.811,False,LOW,38.37
HIST_001189,AST_000013,ENGINEERING,INSPECTION,54.3,94.8,61.4,2,6,180,201,13,TRUE,TRUE,0.597,False,MEDIUM,59.77
HIST_001190,AST_000030,S&T,REPAIR,88.6,100.0,27.8,5,2,120,119,0,FALSE,TRUE,0.54,False,CRITICAL,72.14
HIST_001191,AST_000047,TRD,REPLACEMENT,84.5,100.0,25.3,2,12,30,34,2,TRUE,TRUE,0.984,True,CRITICAL,80.41
HIST_001192,AST_000014,TRD,TESTING,44.4,93.3,73.9,3,6,60,68,5,TRUE,TRUE,0.155,False,LOW,55.17
HIST_001193,AST_000031,ENGINEERING,PREVENTIVE_MAINTENANCE,40.4,73.8,55.7,0,7,90,108,11,TRUE,FALSE,0.199,False,MEDIUM,49.21
HIST_001194,AST_000048,S&T,CORRECTIVE_MAINTENANCE,56.3,100.0,31.7,3,10,180,154,0,FALSE,TRUE,0.249,False,HIGH,59.48
HIST_001195,AST_000015,S&T,INSPECTION,53.9,100.0,75.2,5,5,240,216,0,FALSE,TRUE,0.624,False,CRITICAL,71.21
HIST_001196,AST_000032,TRD,REPAIR,72.1,15.3,59.4,4,12,90,99,5,TRUE,TRUE,0.764,False,MEDIUM,44.84
HIST_001197,AST_000049,ENGINEERING,REPLACEMENT,67.6,46.4,54.6,5,5,30,25,0,FALSE,TRUE,0.548,False,HIGH,54.05
HIST_001198,AST_000016,ENGINEERING,TESTING,55.3,65.7,56.1,4,10,180,149,0,FALSE,TRUE,0.133,True,HIGH,65.48
HIST_001199,AST_000033,S&T,PREVENTIVE_MAINTENANCE,80.7,0.0,15.5,0,8,240,235,0,FALSE,FALSE,0.036,False,HIGH,38.56
HIST_001200,AST_000050,TRD,CORRECTIVE_MAINTENANCE,88.2,0.0,34.1,1,12,60,65,3,TRUE,TRUE,0.602,False,HIGH,44.53
HIST_001201,AST_000017,TRD,INSPECTION,66.6,100.0,44.8,4,1,30,24,0,FALSE,TRUE,0.155,False,CRITICAL,68.94
HIST_001202,AST_000034,ENGINEERING,REPAIR,82.4,26.5,29.4,1,2,60,60,0,FALSE,TRUE,0.806,False,MEDIUM,44.73
HIST_001203,AST_000001,ENGINEERING,REPLACEMENT,50.3,89.6,27.7,1,1,90,110,12,TRUE,TRUE,0.832,False,CRITICAL,58.03
HIST_001204,AST_000018,S&T,TESTING,94.2,32.7,23.6,5,5,90,75,0,FALSE,TRUE,0.671,False,HIGH,52.41
HIST_001205,AST_000035,TRD,PREVENTIVE_MAINTENANCE,84.2,25.8,31.4,1,8,90,79,0,FALSE,TRUE,0.508,True,HIGH,59.24
HIST_001206,AST_000002,TRD,CORRECTIVE_MAINTENANCE,63.8,11.3,32.8,3,2,60,65,3,TRUE,TRUE,0.405,False,MEDIUM,36.02
HIST_001207,AST_000019,ENGINEERING,INSPECTION,79.6,73.4,28.4,1,5,150,148,0,FALSE,TRUE,0.544,False,MEDIUM,55.41
HIST_001208,AST_000036,S&T,REPAIR,78.2,7.9,57.3,2,9,150,158,5,TRUE,TRUE,0.005,False,MEDIUM,44.4
HIST_001209,AST_000003,S&T,REPLACEMENT,55.7,71.6,63.8,5,11,30,37,4,TRUE,TRUE,0.826,False,CRITICAL,62.37
HIST_001210,AST_000020,TRD,TESTING,63.2,98.5,28.1,0,8,45,36,0,FALSE,FALSE,0.276,False,MEDIUM,56.7
HIST_001211,AST_000037,ENGINEERING,REPLACEMENT,81.9,97.4,34.5,3,12,300,340,24,TRUE,TRUE,0.909,False,HIGH,67.07
HIST_001212,AST_000004,ENGINEERING,TESTING,87.4,100.0,55.9,4,6,240,265,15,TRUE,TRUE,0.275,True,MEDIUM,79.9
HIST_001213,AST_000021,S&T,PREVENTIVE_MAINTENANCE,42.9,100.0,38.5,5,5,45,51,4,TRUE,TRUE,0.56,False,LOW,49.32
HIST_001214,AST_000038,TRD,CORRECTIVE_MAINTENANCE,95.1,100.0,36.6,0,7,120,100,0,FALSE,FALSE,0.364,False,HIGH,72.1
HIST_001215,AST_000005,TRD,INSPECTION,56.6,68.2,18.9,4,4,45,41,0,FALSE,TRUE,0.73,False,CRITICAL,52.81
HIST_001216,AST_000022,ENGINEERING,REPAIR,76.5,0.0,60.1,3,2,120,124,2,TRUE,TRUE,0.139,False,MEDIUM,42.47
HIST_001217,AST_000039,S&T,REPLACEMENT,91.8,97.1,34.1,3,6,90,93,2,TRUE,TRUE,0.778,False,HIGH,69.88
HIST_001218,AST_000006,S&T,TESTING,94.3,27.7,21.4,3,10,90,108,11,TRUE,TRUE,0.671,False,LOW,43.24
HIST_001219,AST_000023,TRD,PREVENTIVE_MAINTENANCE,55.6,55.0,50.0,2,4,90,85,0,FALSE,TRUE,0.13,True,HIGH,61.68
HIST_001220,AST_000040,ENGINEERING,CORRECTIVE_MAINTENANCE,49.9,81.6,81.5,3,8,75,92,10,TRUE,TRUE,0.703,False,LOW,55.42
HIST_001221,AST_000007,ENGINEERING,INSPECTION,52.8,0.0,45.9,1,10,75,77,1,TRUE,TRUE,0.862,False,HIGH,36.27
HIST_001222,AST_000024,S&T,REPAIR,66.7,34.4,23.8,4,10,45,49,2,TRUE,TRUE,0.39,False,MEDIUM,40.87
HIST_001223,AST_000041,TRD,REPLACEMENT,89.8,100.0,43.6,4,6,180,192,7,TRUE,TRUE,0.64,False,MEDIUM,68.16
HIST_001224,AST_000008,TRD,TESTING,88.0,62.5,64.0,2,9,120,103,0,FALSE,TRUE,0.894,False,MEDIUM,62.33
HIST_001225,AST_000025,ENGINEERING,PREVENTIVE_MAINTENANCE,94.7,26.1,32.3,4,3,120,126,4,TRUE,TRUE,0.036,False,MEDIUM,48.9
HIST_001226,AST_000042,S&T,CORRECTIVE_MAINTENANCE,44.5,100.0,51.3,3,5,120,120,0,FALSE,TRUE,0.755,True,HIGH,69.86
HIST_001227,AST_000009,S&T,INSPECTION,89.0,0.0,63.5,1,8,75,76,1,TRUE,TRUE,0.135,False,HIGH,50.65
HIST_001228,AST_000026,TRD,REPAIR,79.3,100.0,21.5,2,10,120,146,16,TRUE,TRUE,0.275,False,CRITICAL,68.09
HIST_001229,AST_000043,ENGINEERING,REPLACEMENT,70.1,0.0,46.6,2,11,120,138,11,TRUE,TRUE,0.895,False,HIGH,41.6
HIST_001230,AST_000010,ENGINEERING,TESTING,83.3,100.0,49.0,1,9,75,68,0,FALSE,TRUE,0.542,False,HIGH,71.04
HIST_001231,AST_000027,S&T,PREVENTIVE_MAINTENANCE,50.8,100.0,56.0,5,1,240,207,0,FALSE,TRUE,0.802,False,CRITICAL,66.44
HIST_001232,AST_000044,TRD,CORRECTIVE_MAINTENANCE,56.3,57.9,50.0,0,3,90,102,7,TRUE,FALSE,0.131,False,CRITICAL,56.36
HIST_001233,AST_000011,TRD,INSPECTION,69.6,100.0,64.2,1,2,120,136,10,TRUE,TRUE,0.784,True,LOW,72.47
HIST_001234,AST_000028,ENGINEERING,REPAIR,49.5,38.0,24.9,2,9,180,208,17,TRUE,TRUE,0.188,False,MEDIUM,36.83
HIST_001235,AST_000045,S&T,REPLACEMENT,42.3,62.8,24.0,5,7,90,102,7,TRUE,TRUE,0.567,False,CRITICAL,48.19
HIST_001236,AST_000012,S&T,TESTING,62.0,0.0,44.2,0,6,90,78,0,FALSE,FALSE,0.616,False,MEDIUM,34.94
HIST_001237,AST_000029,TRD,REPLACEMENT,88.2,23.0,23.4,1,1,60,56,0,FALSE,TRUE,0.493,False,LOW,40.64
HIST_001238,AST_000046,ENGINEERING,TESTING,52.0,100.0,55.7,0,6,60,56,0,FALSE,FALSE,0.911,False,HIGH,62.99
HIST_001239,AST_000013,ENGINEERING,PREVENTIVE_MAINTENANCE,54.3,92.8,50.4,1,10,120,140,12,TRUE,TRUE,0.279,False,MEDIUM,57.07
HIST_001240,AST_000030,S&T,CORRECTIVE_MAINTENANCE,88.6,0.0,18.6,3,11,30,35,3,TRUE,TRUE,0.379,True,MEDIUM,47.8
HIST_001241,AST_000047,TRD,INSPECTION,84.5,99.2,18.0,5,6,60,59,0,FALSE,TRUE,0.67,False,CRITICAL,68.75
HIST_001242,AST_000014,TRD,REPAIR,44.4,0.0,65.1,5,4,90,87,0,FALSE,TRUE,0.125,False,LOW,30.09
HIST_001243,AST_000031,ENGINEERING,REPLACEMENT,40.4,0.0,59.2,4,1,240,263,14,TRUE,TRUE,0.183,False,LOW,27.71
HIST_001244,AST_000048,S&T,TESTING,56.3,84.8,30.3,5,2,30,28,0,FALSE,TRUE,0.102,False,LOW,47.9
HIST_001245,AST_000015,S&T,PREVENTIVE_MAINTENANCE,53.9,18.4,76.8,0,2,30,29,0,FALSE,FALSE,0.745,False,CRITICAL,51.13
HIST_001246,AST_000032,TRD,CORRECTIVE_MAINTENANCE,72.1,17.0,54.3,3,7,120,106,0,FALSE,TRUE,0.962,False,CRITICAL,51.74
HIST_001247,AST_000049,ENGINEERING,INSPECTION,67.6,80.7,58.7,1,7,75,86,7,TRUE,TRUE,0.693,True,CRITICAL,77.19
HIST_001248,AST_000016,ENGINEERING,REPAIR,55.3,61.1,47.6,3,2,240,194,0,FALSE,TRUE,0.527,False,MEDIUM,48.89
HIST_001249,AST_000033,S&T,REPLACEMENT,80.7,0.0,18.0,3,12,75,69,0,FALSE,TRUE,0.661,False,CRITICAL,42.81
HIST_001250,AST_000050,TRD,TESTING,88.2,9.1,32.7,3,7,75,67,0,FALSE,TRUE,0.9,False,CRITICAL,50.27
HIST_001251,AST_000017,TRD,PREVENTIVE_MAINTENANCE,66.6,14.4,37.6,4,8,90,74,0,FALSE,TRUE,0.839,False,MEDIUM,38.6
HIST_001252,AST_000034,ENGINEERING,CORRECTIVE_MAINTENANCE,82.4,22.2,21.4,2,6,90,78,0,FALSE,TRUE,0.195,False,CRITICAL,49.55
HIST_001253,AST_000001,ENGINEERING,INSPECTION,50.3,31.2,32.9,2,6,120,121,1,TRUE,TRUE,0.42,False,LOW,33.22
HIST_001254,AST_000018,S&T,REPAIR,94.2,0.0,27.9,2,10,60,54,0,FALSE,TRUE,0.489,True,HIGH,55.09
HIST_001255,AST_000035,TRD,REPLACEMENT,84.2,74.8,26.3,2,9,240,213,0,FALSE,TRUE,0.943,False,LOW,52.97
HIST_001256,AST_000002,TRD,TESTING,63.8,0.0,36.7,4,5,150,129,0,FALSE,TRUE,0.893,False,CRITICAL,41.48
HIST_001257,AST_000019,ENGINEERING,PREVENTIVE_MAINTENANCE,79.6,0.0,20.5,5,4,30,28,0,FALSE,TRUE,0.788,False,MEDIUM,35.48
HIST_001258,AST_000036,S&T,CORRECTIVE_MAINTENANCE,78.2,67.0,45.1,3,8,60,61,1,TRUE,TRUE,0.681,False,HIGH,60.48
HIST_001259,AST_000003,S&T,INSPECTION,55.7,64.4,52.7,0,10,60,56,0,FALSE,FALSE,0.595,False,MEDIUM,50.85
HIST_001260,AST_000020,TRD,REPAIR,63.2,0.0,26.4,3,3,90,74,0,FALSE,TRUE,0.833,False,HIGH,35.49
HIST_001261,AST_000037,ENGINEERING,REPLACEMENT,81.9,51.8,30.3,5,6,240,217,0,FALSE,TRUE,0.575,True,LOW,57.33
HIST_001262,AST_000004,ENGINEERING,TESTING,87.4,100.0,44.5,3,7,90,95,3,TRUE,TRUE,0.427,False,MEDIUM,67.62
HIST_001263,AST_000021,S&T,PREVENTIVE_MAINTENANCE,42.9,59.6,44.6,2,4,90,76,0,FALSE,TRUE,0.028,False,HIGH,47.94
HIST_001264,AST_000038,TRD,TESTING,95.1,75.3,46.7,5,5,90,102,7,TRUE,TRUE,0.963,False,CRITICAL,71.69
HIST_001265,AST_000005,TRD,PREVENTIVE_MAINTENANCE,56.6,100.0,19.9,0,10,120,118,0,FALSE,FALSE,0.334,False,CRITICAL,60.96
HIST_001266,AST_000022,ENGINEERING,CORRECTIVE_MAINTENANCE,76.5,69.3,51.7,4,10,150,141,0,FALSE,TRUE,0.174,False,CRITICAL,65.62
HIST_001267,AST_000039,S&T,INSPECTION,91.8,26.2,36.3,1,6,90,75,0,FALSE,TRUE,0.66,False,HIGH,52.6
HIST_001268,AST_000006,S&T,REPAIR,94.3,59.8,25.7,5,9,60,63,2,TRUE,TRUE,0.733,True,HIGH,69.63
HIST_001269,AST_000023,TRD,REPLACEMENT,55.6,87.2,61.1,0,11,45,45,0,FALSE,FALSE,0.937,False,MEDIUM,58.2
HIST_001270,AST_000040,ENGINEERING,TESTING,49.9,95.4,74.7,2,5,180,223,26,TRUE,TRUE,0.3,False,CRITICAL,68.76
HIST_001271,AST_000007,ENGINEERING,PREVENTIVE_MAINTENANCE,52.8,50.4,44.2,1,11,150,153,2,TRUE,TRUE,0.436,False,MEDIUM,44.78
HIST_001272,AST_000024,S&T,CORRECTIVE_MAINTENANCE,66.7,58.3,21.3,0,10,120,108,0,FALSE,FALSE,0.717,False,HIGH,50.09
HIST_001273,AST_000041,TRD,INSPECTION,89.8,94.1,52.4,5,10,90,95,3,TRUE,TRUE,0.378,False,HIGH,72.19
HIST_001274,AST_000008,TRD,REPAIR,88.0,88.9,68.3,0,8,150,142,0,FALSE,FALSE,0.459,False,HIGH,73.53
HIST_001275,AST_000025,ENGINEERING,REPLACEMENT,94.7,37.3,39.9,2,2,180,197,10,TRUE,TRUE,0.587,True,CRITICAL,70.72
HIST_001276,AST_000042,S&T,TESTING,44.5,100.0,48.6,5,3,90,108,11,TRUE,TRUE,0.412,False,LOW,51.82
HIST_001277,AST_000009,S&T,PREVENTIVE_MAINTENANCE,89.0,0.0,57.2,3,10,120,127,4,TRUE,TRUE,0.625,False,HIGH,49.39
HIST_001278,AST_000026,TRD,CORRECTIVE_MAINTENANCE,79.3,80.9,28.4,2,9,90,85,0,FALSE,TRUE,0.239,False,MEDIUM,57.2
HIST_001279,AST_000043,ENGINEERING,INSPECTION,70.1,93.6,43.2,3,1,30,28,0,FALSE,TRUE,0.184,False,HIGH,64.32
HIST_001280,AST_000010,ENGINEERING,REPAIR,83.3,91.6,45.8,1,4,120,116,0,FALSE,TRUE,0.828,False,CRITICAL,72.05
HIST_001281,AST_000027,S&T,REPLACEMENT,50.8,24.1,60.9,2,12,240,286,28,TRUE,TRUE,0.468,False,MEDIUM,40.95
HIST_001282,AST_000044,TRD,TESTING,56.3,79.6,46.1,4,3,75,87,7,TRUE,TRUE,0.859,True,HIGH,67.26
HIST_001283,AST_000011,TRD,PREVENTIVE_MAINTENANCE,69.6,54.1,74.0,4,4,150,179,17,TRUE,TRUE,0.518,False,HIGH,60.45
HIST_001284,AST_000028,ENGINEERING,CORRECTIVE_MAINTENANCE,49.5,65.8,21.9,3,9,75,78,2,TRUE,TRUE,0.879,False,LOW,39.43
HIST_001285,AST_000045,S&T,INSPECTION,42.3,96.3,25.4,4,1,240,244,2,TRUE,TRUE,0.527,False,LOW,45.59
HIST_001286,AST_000012,S&T,REPAIR,62.0,0.0,47.3,0,8,180,174,0,FALSE,FALSE,0.585,False,MEDIUM,35.56
HIST_001287,AST_000029,TRD,REPLACEMENT,88.2,100.0,17.3,5,8,60,73,8,TRUE,TRUE,0.794,False,LOW,58.67
HIST_001288,AST_000046,ENGINEERING,TESTING,52.0,25.5,50.0,0,12,30,27,0,FALSE,FALSE,0.772,False,MEDIUM,39.48
HIST_001289,AST_000013,ENGINEERING,PREVENTIVE_MAINTENANCE,54.3,0.0,62.4,1,10,120,123,2,TRUE,TRUE,0.663,True,CRITICAL,53.77
HIST_001290,AST_000030,S&T,TESTING,88.6,94.9,27.9,5,10,300,258,0,FALSE,TRUE,0.515,False,MEDIUM,63.38
HIST_001291,AST_000047,TRD,PREVENTIVE_MAINTENANCE,84.5,0.0,15.9,4,9,150,122,0,FALSE,TRUE,0.509,False,LOW,32.28
HIST_001292,AST_000014,TRD,CORRECTIVE_MAINTENANCE,44.4,100.0,74.4,0,8,180,220,24,TRUE,FALSE,0.358,False,MEDIUM,60.7
HIST_001293,AST_000031,ENGINEERING,INSPECTION,40.4,9.9,58.1,3,9,75,79,2,TRUE,TRUE,0.024,False,LOW,29.96
HIST_001294,AST_000048,S&T,REPAIR,56.3,0.0,34.5,0,3,45,48,2,TRUE,FALSE,0.132,False,HIGH,35.04
HIST_001295,AST_000015,S&T,REPLACEMENT,53.9,15.2,71.0,2,7,150,164,8,TRUE,TRUE,0.255,False,HIGH,45.42
HIST_001296,AST_000032,TRD,TESTING,72.1,54.8,55.7,2,2,60,58,0,FALSE,TRUE,0.737,True,CRITICAL,71.47
HIST_001297,AST_000049,ENGINEERING,PREVENTIVE_MAINTENANCE,67.6,68.9,59.7,4,2,45,46,1,TRUE,TRUE,0.988,False,MEDIUM,56.94
HIST_001298,AST_000016,ENGINEERING,CORRECTIVE_MAINTENANCE,55.3,100.0,54.2,2,1,120,149,17,TRUE,TRUE,0.509,False,CRITICAL,67.43
HIST_001299,AST_000033,S&T,INSPECTION,80.7,100.0,27.9,3,1,90,77,0,FALSE,TRUE,0.739,False,HIGH,66.04
HIST_001300,AST_000050,TRD,REPAIR,88.2,100.0,35.1,3,6,75,81,4,TRUE,TRUE,0.011,False,LOW,62.23
HIST_001301,AST_000017,TRD,REPLACEMENT,66.6,0.0,38.2,0,8,240,296,34,TRUE,FALSE,0.874,False,LOW,31.37
HIST_001302,AST_000034,ENGINEERING,TESTING,82.4,31.1,24.6,0,8,60,62,1,TRUE,FALSE,0.472,False,MEDIUM,44.92
HIST_001303,AST_000001,ENGINEERING,PREVENTIVE_MAINTENANCE,50.3,100.0,27.6,4,3,60,72,7,TRUE,TRUE,0.673,True,MEDIUM,63.11
HIST_001304,AST_000018,S&T,CORRECTIVE_MAINTENANCE,94.2,100.0,32.2,2,5,30,36,4,TRUE,TRUE,0.579,False,HIGH,70.95
HIST_001305,AST_000035,TRD,INSPECTION,84.2,100.0,22.2,2,4,150,149,0,FALSE,TRUE,0.687,False,HIGH,65.95
HIST_001306,AST_000002,TRD,REPAIR,63.8,100.0,34.8,2,8,30,32,1,TRUE,TRUE,0.683,False,LOW,54.85
HIST_001307,AST_000019,ENGINEERING,REPLACEMENT,79.6,100.0,18.1,3,4,150,158,5,TRUE,TRUE,0.611,False,LOW,56.25
HIST_001308,AST_000036,S&T,TESTING,78.2,94.2,48.5,2,2,30,28,0,FALSE,TRUE,0.04,False,CRITICAL,71.71
HIST_001309,AST_000003,S&T,PREVENTIVE_MAINTENANCE,55.7,17.4,61.0,4,1,60,52,0,FALSE,TRUE,0.253,False,LOW,37.01
HIST_001310,AST_000020,TRD,CORRECTIVE_MAINTENANCE,63.2,57.5,30.5,4,1,240,268,17,TRUE,TRUE,0.349,True,CRITICAL,64.44
HIST_001311,AST_000037,ENGINEERING,INSPECTION,81.9,1.7,31.3,4,10,240,275,21,TRUE,TRUE,0.491,False,MEDIUM,38.76
HIST_001312,AST_000004,ENGINEERING,REPAIR,87.4,79.0,48.7,1,4,75,75,0,FALSE,TRUE,0.373,False,MEDIUM,63.21
HIST_001313,AST_000021,S&T,REPLACEMENT,42.9,45.5,44.3,1,10,240,196,0,FALSE,TRUE,0.199,False,CRITICAL,48.1
HIST_001314,AST_000038,TRD,TESTING,95.1,100.0,40.5,2,3,60,72,7,TRUE,TRUE,0.167,False,LOW,65.38
HIST_001315,AST_000005,TRD,PREVENTIVE_MAINTENANCE,56.6,100.0,19.0,2,1,120,98,0,FALSE,TRUE,0.713,False,LOW,49.53
HIST_001316,AST_000022,ENGINEERING,TESTING,76.5,9.3,56.3,4,9,180,189,5,TRUE,TRUE,0.545,False,CRITICAL,51.53
HIST_001317,AST_000039,S&T,PREVENTIVE_MAINTENANCE,91.8,48.5,36.2,3,1,90,89,0,FALSE,TRUE,0.629,True,MEDIUM,64.41
HIST_001318,AST_000006,S&T,CORRECTIVE_MAINTENANCE,94.3,6.9,16.0,2,3,150,150,0,FALSE,TRUE,0.034,False,CRITICAL,48.22
HIST_001319,AST_000023,TRD,INSPECTION,55.6,18.6,62.0,1,5,60,56,0,FALSE,TRUE,0.41,False,LOW,37.48
HIST_001320,AST_000040,ENGINEERING,REPAIR,49.9,25.4,70.3,5,7,90,94,2,TRUE,TRUE,0.57,False,LOW,39.13
HIST_001321,AST_000007,ENGINEERING,REPLACEMENT,52.8,100.0,35.2,1,5,180,178,0,FALSE,TRUE,0.61,False,MEDIUM,55.38
HIST_001322,AST_000024,S&T,TESTING,66.7,48.1,23.6,4,1,150,154,2,TRUE,TRUE,0.208,False,MEDIUM,44.26
HIST_001323,AST_000041,TRD,PREVENTIVE_MAINTENANCE,89.8,0.7,53.9,2,8,45,47,1,TRUE,TRUE,0.693,False,MEDIUM,45.39
HIST_001324,AST_000008,TRD,CORRECTIVE_MAINTENANCE,88.0,100.0,61.0,1,7,60,67,4,TRUE,TRUE,0.907,True,LOW,77.35
HIST_001325,AST_000025,ENGINEERING,INSPECTION,94.7,100.0,40.4,5,1,180,146,0,FALSE,TRUE,0.278,False,LOW,65.24
HIST_001326,AST_000042,S&T,REPAIR,44.5,100.0,49.8,3,2,180,156,0,FALSE,TRUE,0.838,False,MEDIUM,55.81
HIST_001327,AST_000009,S&T,REPLACEMENT,89.0,0.0,56.3,5,12,240,258,11,TRUE,TRUE,0.299,False,LOW,41.71
HIST_001328,AST_000026,TRD,TESTING,79.3,59.5,27.8,2,4,60,50,0,FALSE,TRUE,0.769,False,LOW,47.98
HIST_001329,AST_000043,ENGINEERING,PREVENTIVE_MAINTENANCE,70.1,32.6,45.2,2,10,90,85,0,FALSE,TRUE,0.781,False,MEDIUM,45.72
HIST_001330,AST_000010,ENGINEERING,CORRECTIVE_MAINTENANCE,83.3,40.9,46.2,3,10,75,77,1,TRUE,TRUE,0.736,False,CRITICAL,59.45
HIST_001331,AST_000027,S&T,INSPECTION,50.8,47.6,60.3,5,5,240,240,0,FALSE,TRUE,0.825,True,HIGH,60.45
HIST_001332,AST_000044,TRD,REPAIR,56.3,5.7,47.8,3,7,75,66,0,FALSE,TRUE,0.502,False,MEDIUM,35.38
HIST_001333,AST_000011,TRD,REPLACEMENT,69.6,100.0,64.9,0,7,90,80,0,FALSE,FALSE,0.86,False,LOW,62.61
HIST_001334,AST_000028,ENGINEERING,TESTING,49.5,0.0,27.7,4,11,30,26,0,FALSE,TRUE,0.761,False,HIGH,31.64
HIST_001335,AST_000045,S&T,PREVENTIVE_MAINTENANCE,42.3,43.1,29.7,3,5,75,91,10,TRUE,TRUE,0.649,False,HIGH,40.66
HIST_001336,AST_000012,S&T,CORRECTIVE_MAINTENANCE,62.0,73.4,46.4,1,11,90,107,10,TRUE,TRUE,0.6,False,MEDIUM,53.73
HIST_001337,AST_000029,TRD,INSPECTION,88.2,100.0,18.3,0,1,150,158,5,TRUE,FALSE,0.504,False,HIGH,66.37
HIST_001338,AST_000046,ENGINEERING,REPAIR,52.0,73.2,59.7,3,9,75,67,0,FALSE,TRUE,0.713,True,LOW,59.59
HIST_001339,AST_000013,ENGINEERING,REPLACEMENT,54.3,81.8,53.8,1,4,120,114,0,FALSE,TRUE,0.363,False,LOW,51.25
HIST_001340,AST_000030,S&T,TESTING,88.6,73.2,20.0,1,4,180,184,2,TRUE,TRUE,0.542,False,LOW,52.63
HIST_001341,AST_000047,TRD,PREVENTIVE_MAINTENANCE,84.5,100.0,24.4,0,2,90,73,0,FALSE,FALSE,0.513,False,HIGH,66.48
HIST_001342,AST_000014,TRD,CORRECTIVE_MAINTENANCE,44.4,10.9,73.5,4,5,30,29,0,FALSE,TRUE,0.283,False,MEDIUM,38.24
HIST_001343,AST_000031,ENGINEERING,PREVENTIVE_MAINTENANCE,40.4,59.8,53.7,2,5,150,121,0,FALSE,TRUE,0.725,False,MEDIUM,45.31
HIST_001344,AST_000048,S&T,CORRECTIVE_MAINTENANCE,56.3,74.6,37.2,5,1,120,115,0,FALSE,TRUE,0.317,False,MEDIUM,50.48
HIST_001345,AST_000015,S&T,INSPECTION,53.9,99.7,69.6,1,12,180,201,13,TRUE,TRUE,0.303,True,LOW,68.77
HIST_001346,AST_000032,TRD,REPAIR,72.1,69.8,54.9,5,8,60,65,3,TRUE,TRUE,0.699,False,CRITICAL,65.06
HIST_001347,AST_000049,ENGINEERING,REPLACEMENT,67.6,100.0,55.3,2,3,120,101,0,FALSE,TRUE,0.809,False,LOW,60.09
HIST_001348,AST_000016,ENGINEERING,TESTING,55.3,100.0,48.3,3,6,150,151,1,TRUE,TRUE,0.459,False,MEDIUM,58.75
HIST_001349,AST_000033,S&T,PREVENTIVE_MAINTENANCE,80.7,74.9,17.4,3,12,180,213,20,TRUE,TRUE,0.385,False,HIGH,57.66
HIST_001350,AST_000050,TRD,CORRECTIVE_MAINTENANCE,88.2,26.1,35.4,2,7,180,185,3,TRUE,TRUE,0.004,False,CRITICAL,55.06
HIST_001351,AST_000017,TRD,INSPECTION,66.6,7.2,43.4,0,6,90,107,10,TRUE,FALSE,0.076,False,CRITICAL,45.46
HIST_001352,AST_000034,ENGINEERING,REPAIR,82.4,0.0,18.3,1,1,60,68,5,TRUE,TRUE,0.526,True,CRITICAL,53.38
HIST_001353,AST_000001,ENGINEERING,REPLACEMENT,50.3,0.0,34.3,0,6,120,143,14,TRUE,FALSE,0.416,False,CRITICAL,36.95
HIST_001354,AST_000018,S&T,TESTING,94.2,0.0,21.5,2,3,90,100,6,TRUE,TRUE,0.274,False,LOW,36.31
HIST_001355,AST_000035,TRD,PREVENTIVE_MAINTENANCE,84.2,83.3,29.5,2,5,120,103,0,FALSE,TRUE,0.646,False,MEDIUM,59.48
HIST_001356,AST_000002,TRD,CORRECTIVE_MAINTENANCE,63.8,0.0,34.7,4,10,90,85,0,FALSE,TRUE,0.507,False,LOW,29.83
HIST_001357,AST_000019,ENGINEERING,INSPECTION,79.6,100.0,28.5,0,1,150,165,9,TRUE,FALSE,0.225,False,CRITICAL,69.58
HIST_001358,AST_000036,S&T,REPAIR,78.2,71.1,57.9,2,6,75,85,6,TRUE,TRUE,0.297,False,MEDIUM,60.31
HIST_001359,AST_000003,S&T,REPLACEMENT,55.7,72.3,57.3,2,8,180,162,0,FALSE,TRUE,0.168,True,MEDIUM,63.74
HIST_001360,AST_000020,TRD,TESTING,63.2,26.7,22.6,2,2,120,142,13,TRUE,TRUE,0.019,False,HIGH,41.41
HIST_001361,AST_000037,ENGINEERING,PREVENTIVE_MAINTENANCE,81.9,62.2,34.1,4,9,150,144,0,FALSE,TRUE,0.788,False,MEDIUM,54.44
HIST_001362,AST_000004,ENGINEERING,CORRECTIVE_MAINTENANCE,87.4,0.0,50.4,5,5,150,166,10,TRUE,TRUE,0.411,False,CRITICAL,51.3
HIST_001363,AST_000021,S&T,INSPECTION,42.9,100.0,44.5,0,4,240,248,5,TRUE,FALSE,0.177,False,LOW,50.52
HIST_001364,AST_000038,TRD,REPAIR,95.1,100.0,46.7,4,8,45,54,5,TRUE,TRUE,0.377,False,LOW,66.62
HIST_001365,AST_000005,TRD,REPLACEMENT,56.6,100.0,24.7,0,9,150,160,6,TRUE,FALSE,0.643,False,MEDIUM,54.42
HIST_001366,AST_000022,ENGINEERING,TESTING,76.5,16.0,50.4,1,12,180,201,13,TRUE,TRUE,0.146,True,LOW,50.78
HIST_001367,AST_000039,S&T,PREVENTIVE_MAINTENANCE,91.8,0.0,35.9,4,5,60,53,0,FALSE,TRUE,0.038,False,CRITICAL,49.72
HIST_001368,AST_000006,S&T,CORRECTIVE_MAINTENANCE,94.3,89.2,21.7,2,2,75,91,10,TRUE,TRUE,0.0,False,MEDIUM,62.43
HIST_001369,AST_000023,TRD,PREVENTIVE_MAINTENANCE,55.6,22.4,55.1,3,10,60,74,8,TRUE,TRUE,0.913,False,MEDIUM,40.8
HIST_001370,AST_000040,ENGINEERING,CORRECTIVE_MAINTENANCE,49.9,78.5,75.1,3,7,75,78,2,TRUE,TRUE,0.122,False,CRITICAL,64.61
HIST_001371,AST_000007,ENGINEERING,INSPECTION,52.8,62.5,39.5,2,10,180,202,13,TRUE,TRUE,0.959,False,HIGH,50.61
HIST_001372,AST_000024,S&T,REPAIR,66.7,0.0,29.7,4,1,75,66,0,FALSE,TRUE,0.355,False,MEDIUM,33.45
HIST_001373,AST_000041,TRD,REPLACEMENT,89.8,100.0,46.1,1,10,30,25,0,FALSE,TRUE,0.475,True,LOW,74.91
HIST_001374,AST_000008,TRD,TESTING,88.0,81.6,60.9,4,11,30,37,4,TRUE,TRUE,0.944,False,HIGH,70.23
HIST_001375,AST_000025,ENGINEERING,PREVENTIVE_MAINTENANCE,94.7,82.2,39.7,4,1,45,39,0,FALSE,TRUE,0.714,False,HIGH,68.15
HIST_001376,AST_000042,S&T,CORRECTIVE_MAINTENANCE,44.5,100.0,39.3,3,8,240,252,7,TRUE,TRUE,0.357,False,HIGH,57.46
HIST_001377,AST_000009,S&T,INSPECTION,89.0,0.0,61.0,5,5,60,65,3,TRUE,TRUE,0.767,False,HIGH,50.15
HIST_001378,AST_000026,TRD,REPAIR,79.3,78.6,20.7,5,10,60,53,0,FALSE,TRUE,0.895,False,CRITICAL,62.58
HIST_001379,AST_000043,ENGINEERING,REPLACEMENT,70.1,70.3,51.0,5,9,60,62,1,TRUE,TRUE,0.553,False,HIGH,60.05
HIST_001380,AST_000010,ENGINEERING,TESTING,83.3,96.1,52.4,1,4,180,195,9,TRUE,TRUE,0.633,True,LOW,73.25
HIST_001381,AST_000027,S&T,PREVENTIVE_MAINTENANCE,50.8,60.9,48.5,5,11,120,135,9,TRUE,TRUE,0.46,False,LOW,43.91
HIST_001382,AST_000044,TRD,CORRECTIVE_MAINTENANCE,56.3,0.0,47.6,5,11,180,193,8,TRUE,TRUE,0.979,False,LOW,30.16
HIST_001383,AST_000011,TRD,INSPECTION,69.6,10.8,71.0,4,4,30,35,3,TRUE,TRUE,0.833,False,MEDIUM,45.28
HIST_001384,AST_000028,ENGINEERING,REPAIR,49.5,54.2,23.9,5,1,45,49,2,TRUE,TRUE,0.31,False,CRITICAL,48.18
HIST_001385,AST_000045,S&T,REPLACEMENT,42.3,19.2,23.2,2,12,60,59,0,FALSE,TRUE,0.485,False,CRITICAL,37.13
HIST_001386,AST_000012,S&T,TESTING,62.0,0.0,42.1,2,3,150,157,4,TRUE,TRUE,0.319,False,CRITICAL,42.02
HIST_001387,AST_000029,TRD,PREVENTIVE_MAINTENANCE,88.2,0.0,30.3,2,4,120,119,0,FALSE,TRUE,0.67,True,MEDIUM,50.02
HIST_001388,AST_000046,ENGINEERING,CORRECTIVE_MAINTENANCE,52.0,0.0,61.4,5,6,150,175,15,TRUE,TRUE,0.646,False,HIGH,39.13
HIST_001389,AST_000013,ENGINEERING,INSPECTION,54.3,88.2,61.5,1,10,30,27,0,FALSE,TRUE,0.624,False,MEDIUM,58.14
HIST_001390,AST_000030,S&T,REPAIR,88.6,100.0,27.4,3,3,60,60,0,FALSE,TRUE,0.727,False,MEDIUM,64.56
HIST_001391,AST_000047,TRD,REPLACEMENT,84.5,0.0,19.8,5,10,30,25,0,FALSE,TRUE,0.418,False,HIGH,40.56
HIST_001392,AST_000014,TRD,TESTING,44.4,71.8,72.4,2,10,90,102,7,TRUE,TRUE,0.206,False,MEDIUM,53.25
HIST_001393,AST_000031,ENGINEERING,PREVENTIVE_MAINTENANCE,40.4,100.0,50.0,5,10,180,161,0,FALSE,TRUE,0.355,False,LOW,50.87
HIST_001394,AST_000048,S&T,CORRECTIVE_MAINTENANCE,56.3,39.3,37.7,3,12,75,83,5,TRUE,TRUE,0.275,True,HIGH,55.5
HIST_001395,AST_000015,S&T,PREVENTIVE_MAINTENANCE,53.9,69.1,69.0,4,5,180,180,0,FALSE,TRUE,0.31,False,CRITICAL,62.24
HIST_001396,AST_000032,TRD,CORRECTIVE_MAINTENANCE,72.1,80.0,57.0,3,12,120,126,4,TRUE,TRUE,0.36,False,MEDIUM,60.53
HIST_001397,AST_000049,ENGINEERING,INSPECTION,67.6,0.0,50.5,2,12,60,68,5,TRUE,TRUE,0.034,False,HIGH,41.63
HIST_001398,AST_000016,ENGINEERING,REPAIR,55.3,63.7,43.4,3,1,90,83,0,FALSE,TRUE,0.799,False,MEDIUM,48.7
HIST_001399,AST_000033,S&T,REPLACEMENT,80.7,75.6,24.8,5,11,75,69,0,FALSE,TRUE,0.925,False,CRITICAL,63.07
HIST_001400,AST_000050,TRD,TESTING,88.2,35.6,35.5,2,2,30,28,0,FALSE,TRUE,0.663,False,MEDIUM,49.96
HIST_001401,AST_000017,TRD,PREVENTIVE_MAINTENANCE,66.6,100.0,43.2,3,6,30,26,0,FALSE,TRUE,0.413,True,CRITICAL,78.62
HIST_001402,AST_000034,ENGINEERING,CORRECTIVE_MAINTENANCE,82.4,0.0,25.1,4,12,150,167,10,TRUE,TRUE,0.713,False,LOW,33.49
HIST_001403,AST_000001,ENGINEERING,INSPECTION,50.3,19.7,27.1,4,2,75,76,1,TRUE,TRUE,0.65,False,CRITICAL,40.44
HIST_001404,AST_000018,S&T,REPAIR,94.2,40.6,26.1,0,3,240,200,0,FALSE,FALSE,0.217,False,HIGH,54.88
HIST_001405,AST_000035,TRD,REPLACEMENT,84.2,100.0,23.3,1,10,60,66,4,TRUE,TRUE,0.159,False,LOW,58.67
HIST_001406,AST_000002,TRD,TESTING,63.8,100.0,39.9,4,5,60,56,0,FALSE,TRUE,0.343,False,CRITICAL,67.12
HIST_001407,AST_000019,ENGINEERING,PREVENTIVE_MAINTENANCE,79.6,42.0,22.7,1,6,120,115,0,FALSE,TRUE,0.928,False,LOW,42.67
HIST_001408,AST_000036,S&T,CORRECTIVE_MAINTENANCE,78.2,100.0,44.8,1,12,240,242,1,TRUE,TRUE,0.361,True,HIGH,78.67
HIST_001409,AST_000003,S&T,INSPECTION,55.7,0.0,54.3,1,3,30,28,0,FALSE,TRUE,0.065,False,MEDIUM,35.07
HIST_001410,AST_000020,TRD,REPAIR,63.2,77.6,28.3,5,7,90,84,0,FALSE,TRUE,0.523,False,LOW,47.77
HIST_001411,AST_000037,ENGINEERING,REPLACEMENT,81.9,74.4,29.5,4,5,180,166,0,FALSE,TRUE,0.023,False,HIGH,60.32
HIST_001412,AST_000004,ENGINEERING,TESTING,87.4,100.0,43.6,1,5,120,136,10,TRUE,TRUE,0.514,False,LOW,63.69
HIST_001413,AST_000021,S&T,PREVENTIVE_MAINTENANCE,42.9,17.6,48.8,0,5,30,29,0,FALSE,FALSE,0.328,False,CRITICAL,42.03
HIST_001414,AST_000038,TRD,CORRECTIVE_MAINTENANCE,95.1,86.1,40.6,3,7,180,207,16,TRUE,TRUE,0.051,False,MEDIUM,65.67
HIST_001415,AST_000005,TRD,INSPECTION,56.6,82.3,21.0,1,1,60,64,2,TRUE,TRUE,0.241,True,CRITICAL,66.75
HIST_001416,AST_000022,ENGINEERING,REPAIR,76.5,100.0,54.0,5,9,240,211,0,FALSE,TRUE,0.85,False,MEDIUM,66.25
HIST_001417,AST_000039,S&T,REPLACEMENT,91.8,100.0,44.8,3,5,60,62,1,TRUE,TRUE,0.872,False,MEDIUM,69.0
HIST_001418,AST_000006,S&T,TESTING,94.3,62.3,16.1,1,6,75,91,10,TRUE,TRUE,0.82,False,HIGH,58.33
HIST_001419,AST_000023,TRD,PREVENTIVE_MAINTENANCE,55.6,88.7,57.5,5,3,60,59,0,FALSE,TRUE,0.265,False,CRITICAL,65.36
HIST_001420,AST_000040,ENGINEERING,CORRECTIVE_MAINTENANCE,49.9,0.0,81.8,4,11,75,84,5,TRUE,TRUE,0.002,False,LOW,35.08
HIST_001421,AST_000007,ENGINEERING,INSPECTION,52.8,17.5,37.0,0,3,120,115,0,FALSE,FALSE,0.653,False,MEDIUM,35.11
HIST_001422,AST_000024,S&T,CORRECTIVE_MAINTENANCE,66.7,10.8,27.7,4,8,240,270,18,TRUE,TRUE,0.017,True,MEDIUM,45.75
HIST_001423,AST_000041,TRD,INSPECTION,89.8,100.0,51.7,3,1,90,76,0,FALSE,TRUE,0.329,False,LOW,66.03
HIST_001424,AST_000008,TRD,REPAIR,88.0,57.6,58.6,2,7,75,65,0,FALSE,TRUE,0.361,False,CRITICAL,67.52
HIST_001425,AST_000025,ENGINEERING,REPLACEMENT,94.7,98.7,40.5,0,4,180,145,0,FALSE,FALSE,0.496,False,HIGH,72.44
HIST_001426,AST_000042,S&T,TESTING,44.5,100.0,51.0,1,5,180,182,1,TRUE,TRUE,0.537,False,HIGH,59.8
HIST_001427,AST_000009,S&T,PREVENTIVE_MAINTENANCE,89.0,97.0,52.7,1,9,150,160,6,TRUE,TRUE,0.072,False,HIGH,72.74
HIST_001428,AST_000026,TRD,CORRECTIVE_MAINTENANCE,79.3,0.0,22.1,2,7,75,72,0,FALSE,TRUE,0.114,False,HIGH,39.46
HIST_001429,AST_000043,ENGINEERING,INSPECTION,70.1,100.0,44.3,1,8,150,172,13,TRUE,TRUE,0.489,True,LOW,68.64
HIST_001430,AST_000010,ENGINEERING,REPAIR,83.3,0.0,53.3,4,8,75,81,4,TRUE,TRUE,0.425,False,LOW,39.4
HIST_001431,AST_000027,S&T,REPLACEMENT,50.8,3.4,52.9,5,5,30,24,0,FALSE,TRUE,0.173,False,MEDIUM,34.17
HIST_001432,AST_000044,TRD,TESTING,56.3,91.6,52.4,5,11,75,77,1,TRUE,TRUE,0.678,False,LOW,54.02
HIST_001433,AST_000011,TRD,PREVENTIVE_MAINTENANCE,69.6,57.1,74.5,5,6,180,155,0,FALSE,TRUE,0.417,False,CRITICAL,65.06
HIST_001434,AST_000028,ENGINEERING,CORRECTIVE_MAINTENANCE,49.5,100.0,23.3,2,7,120,131,7,TRUE,TRUE,0.228,False,CRITICAL,59.51
HIST_001435,AST_000045,S&T,INSPECTION,42.3,100.0,26.5,0,3,180,205,15,TRUE,FALSE,0.914,False,HIGH,54.24
HIST_001436,AST_000012,S&T,REPAIR,62.0,34.5,47.7,1,4,120,142,13,TRUE,TRUE,0.234,True,CRITICAL,61.77
HIST_001437,AST_000029,TRD,REPLACEMENT,88.2,100.0,20.6,5,12,30,26,0,FALSE,TRUE,0.953,False,CRITICAL,70.58
HIST_001438,AST_000046,ENGINEERING,TESTING,52.0,0.0,49.0,1,7,240,231,0,FALSE,TRUE,0.269,False,CRITICAL,40.4
HIST_001439,AST_000013,ENGINEERING,PREVENTIVE_MAINTENANCE,54.3,100.0,53.2,2,8,75,77,1,TRUE,TRUE,0.866,False,CRITICAL,66.93
HIST_001440,AST_000030,S&T,CORRECTIVE_MAINTENANCE,88.6,54.3,29.8,3,12,240,199,0,FALSE,TRUE,0.571,False,MEDIUM,53.62
HIST_001441,AST_000047,TRD,INSPECTION,84.5,89.4,26.8,2,11,180,186,4,TRUE,TRUE,0.493,False,CRITICAL,68.06
HIST_001442,AST_000014,TRD,REPAIR,44.4,1.6,63.6,4,2,60,51,0,FALSE,TRUE,0.23,False,CRITICAL,41.44
HIST_001443,AST_000031,ENGINEERING,REPLACEMENT,40.4,11.6,58.3,5,8,240,270,18,TRUE,TRUE,0.081,True,MEDIUM,44.18
HIST_001444,AST_000048,S&T,TESTING,56.3,100.0,33.3,2,6,90,103,8,TRUE,TRUE,0.593,False,MEDIUM,56.05
HIST_001445,AST_000015,S&T,PREVENTIVE_MAINTENANCE,53.9,29.9,68.0,2,10,60,59,0,FALSE,TRUE,0.459,False,CRITICAL,52.24
HIST_001446,AST_000032,TRD,CORRECTIVE_MAINTENANCE,72.1,0.0,54.6,2,10,240,266,16,TRUE,TRUE,0.249,False,CRITICAL,47.55
HIST_001447,AST_000049,ENGINEERING,INSPECTION,67.6,81.9,53.4,5,5,150,161,7,TRUE,TRUE,0.867,False,MEDIUM,58.93
HIST_001448,AST_000016,ENGINEERING,CORRECTIVE_MAINTENANCE,55.3,100.0,47.3,1,11,61,61,0,FALSE,TRUE,0.564,False,LOW,54.8
HIST_001449,AST_000033,S&T,INSPECTION,80.7,96.8,17.5,0,6,240,219,0,FALSE,FALSE,0.761,False,LOW,55.66
HIST_001450,AST_000050,TRD,REPAIR,88.2,57.0,30.9,2,12,180,222,25,TRUE,TRUE,0.844,True,LOW,60.64
HIST_001451,AST_000017,TRD,REPLACEMENT,66.6,100.0,44.2,0,1,60,54,0,FALSE,FALSE,0.615,False,LOW,57.57
HIST_001452,AST_000034,ENGINEERING,TESTING,82.4,99.0,26.0,0,8,75,91,10,TRUE,FALSE,0.454,False,LOW,58.42
HIST_001453,AST_000001,ENGINEERING,PREVENTIVE_MAINTENANCE,50.3,100.0,28.8,5,7,60,59,0,FALSE,TRUE,0.689,False,LOW,49.6
HIST_001454,AST_000018,S&T,CORRECTIVE_MAINTENANCE,94.2,71.6,28.3,4,5,150,128,0,FALSE,TRUE,0.65,False,HIGH,63.07
HIST_001455,AST_000035,TRD,INSPECTION,84.2,100.0,26.0,4,1,75,83,5,TRUE,TRUE,0.253,False,HIGH,66.71
HIST_001456,AST_000002,TRD,REPAIR,63.8,10.9,40.2,1,12,90,83,0,FALSE,TRUE,0.81,False,LOW,33.66
HIST_001457,AST_000019,ENGINEERING,REPLACEMENT,79.6,71.1,21.3,3,3,75,69,0,FALSE,TRUE,0.225,True,CRITICAL,70.91
HIST_001458,AST_000036,S&T,TESTING,78.2,94.5,54.3,5,3,45,39,0,FALSE,TRUE,0.351,False,MEDIUM,65.44
HIST_001459,AST_000003,S&T,PREVENTIVE_MAINTENANCE,55.7,75.5,52.8,5,1,90,92,1,TRUE,TRUE,0.967,False,HIGH,57.4
HIST_001460,AST_000020,TRD,CORRECTIVE_MAINTENANCE,63.2,100.0,29.2,5,7,75,66,0,FALSE,TRUE,0.683,False,LOW,53.55
HIST_001461,AST_000037,ENGINEERING,INSPECTION,81.9,54.4,41.5,4,2,75,84,5,TRUE,TRUE,0.671,False,LOW,50.22
HIST_001462,AST_000004,ENGINEERING,REPAIR,87.4,100.0,43.9,1,4,75,87,7,TRUE,TRUE,0.839,False,HIGH,71.25
HIST_001463,AST_000021,S&T,REPLACEMENT,42.9,0.0,45.7,4,6,30,26,0,FALSE,TRUE,0.704,False,CRITICAL,37.01
HIST_001464,AST_000038,TRD,TESTING,95.1,100.0,44.3,1,9,45,43,0,FALSE,TRUE,0.224,True,CRITICAL,87.39
HIST_001465,AST_000005,TRD,PREVENTIVE_MAINTENANCE,56.6,66.7,11.2,1,11,120,110,0,FALSE,TRUE,0.392,False,LOW,39.65
HIST_001466,AST_000022,ENGINEERING,CORRECTIVE_MAINTENANCE,76.5,51.8,53.6,1,6,45,52,4,TRUE,TRUE,0.984,False,HIGH,57.87
HIST_001467,AST_000039,S&T,INSPECTION,91.8,15.5,41.4,2,11,180,148,0,FALSE,TRUE,0.641,False,HIGH,50.95
HIST_001468,AST_000006,S&T,REPAIR,94.3,0.0,14.0,2,1,75,83,5,TRUE,TRUE,0.082,False,CRITICAL,46.09
HIST_001469,AST_000023,TRD,REPLACEMENT,55.6,24.2,62.7,2,9,30,33,2,TRUE,TRUE,0.712,False,HIGH,46.52
HIST_001470,AST_000040,ENGINEERING,TESTING,49.9,75.5,71.1,1,12,75,77,1,TRUE,TRUE,0.734,False,CRITICAL,63.06
HIST_001471,AST_000007,ENGINEERING,PREVENTIVE_MAINTENANCE,52.8,20.3,42.5,5,10,75,76,1,TRUE,TRUE,0.135,True,LOW,43.16
HIST_001472,AST_000024,S&T,CORRECTIVE_MAINTENANCE,66.7,0.0,22.4,4,9,90,101,7,TRUE,TRUE,0.868,False,CRITICAL,39.49
HIST_001473,AST_000041,TRD,INSPECTION,89.8,100.0,51.6,5,1,150,131,0,FALSE,TRUE,0.116,False,MEDIUM,69.76
HIST_001474,AST_000008,TRD,CORRECTIVE_MAINTENANCE,88.0,10.5,59.8,5,1,60,72,7,TRUE,TRUE,0.177,False,HIGH,52.23
HIST_001475,AST_000025,ENGINEERING,INSPECTION,94.7,71.1,33.7,2,7,45,45,0,FALSE,TRUE,0.704,False,MEDIUM,60.43
HIST_001476,AST_000042,S&T,REPAIR,44.5,42.4,38.7,5,2,120,123,2,TRUE,TRUE,0.24,False,MEDIUM,39.19
HIST_001477,AST_000009,S&T,REPLACEMENT,89.0,0.0,60.6,5,2,30,26,0,FALSE,TRUE,0.116,False,LOW,42.57
HIST_001478,AST_000026,TRD,TESTING,79.3,77.7,17.8,5,6,240,208,0,FALSE,TRUE,0.589,True,CRITICAL,71.78
HIST_001479,AST_000043,ENGINEERING,PREVENTIVE_MAINTENANCE,70.1,0.0,44.0,1,9,120,127,4,TRUE,TRUE,0.601,False,MEDIUM,37.33
HIST_001480,AST_000010,ENGINEERING,CORRECTIVE_MAINTENANCE,83.3,100.0,42.3,4,7,180,156,0,FALSE,TRUE,0.038,False,HIGH,69.7
HIST_001481,AST_000027,S&T,INSPECTION,50.8,24.5,60.7,3,12,45,47,1,TRUE,TRUE,0.926,False,CRITICAL,48.5
HIST_001482,AST_000044,TRD,REPAIR,56.3,100.0,49.2,4,7,60,65,3,TRUE,TRUE,0.167,False,HIGH,62.98
HIST_001483,AST_000011,TRD,REPLACEMENT,69.6,98.8,66.3,3,2,240,218,0,FALSE,TRUE,0.04,False,LOW,62.59
HIST_001484,AST_000028,ENGINEERING,TESTING,49.5,96.7,31.2,0,4,90,88,0,FALSE,FALSE,0.353,False,HIGH,56.52
HIST_001485,AST_000045,S&T,PREVENTIVE_MAINTENANCE,42.3,100.0,24.6,3,1,75,62,0,FALSE,TRUE,0.809,True,HIGH,63.86
HIST_001486,AST_000012,S&T,CORRECTIVE_MAINTENANCE,62.0,100.0,43.8,0,9,180,203,14,TRUE,FALSE,0.651,False,LOW,56.11
HIST_001487,AST_000029,TRD,INSPECTION,88.2,92.9,25.1,2,7,90,95,3,TRUE,TRUE,0.597,False,LOW,58.46
HIST_001488,AST_000046,ENGINEERING,REPAIR,52.0,40.2,56.4,5,1,30,29,0,FALSE,TRUE,0.871,False,HIGH,48.18
HIST_001489,AST_000013,ENGINEERING,REPLACEMENT,54.3,33.1,58.0,3,4,60,52,0,FALSE,TRUE,0.584,False,HIGH,47.41
HIST_001490,AST_000030,S&T,TESTING,88.6,16.7,24.1,0,10,75,75,0,FALSE,FALSE,0.613,False,LOW,39.33
HIST_001491,AST_000047,TRD,PREVENTIVE_MAINTENANCE,84.5,0.0,20.4,3,4,120,113,0,FALSE,TRUE,0.838,False,MEDIUM,36.93
HIST_001492,AST_000014,TRD,CORRECTIVE_MAINTENANCE,44.4,100.0,66.0,1,9,180,207,16,TRUE,TRUE,0.8,True,CRITICAL,76.52
HIST_001493,AST_000031,ENGINEERING,INSPECTION,40.4,100.0,50.0,2,8,120,146,16,TRUE,TRUE,0.626,False,CRITICAL,62.12
HIST_001494,AST_000048,S&T,REPAIR,56.3,65.4,35.2,3,9,180,203,14,TRUE,TRUE,0.985,False,MEDIUM,47.78
HIST_001495,AST_000015,S&T,REPLACEMENT,53.9,66.0,70.1,4,8,45,39,0,FALSE,TRUE,0.547,False,MEDIUM,54.19
HIST_001496,AST_000032,TRD,TESTING,72.1,100.0,51.7,5,11,45,44,0,FALSE,TRUE,0.723,False,MEDIUM,64.47
HIST_001497,AST_000049,ENGINEERING,PREVENTIVE_MAINTENANCE,67.6,100.0,49.6,4,12,150,152,1,TRUE,TRUE,0.719,False,LOW,58.95
HIST_001498,AST_000016,ENGINEERING,CORRECTIVE_MAINTENANCE,55.3,0.2,47.4,5,8,90,108,11,TRUE,TRUE,0.57,False,MEDIUM,33.62
HIST_001499,AST_000033,S&T,INSPECTION,80.7,43.6,18.8,3,6,120,128,5,TRUE,TRUE,0.385,True,HIGH,60.12
HIST_001500,AST_000050,TRD,REPAIR,88.2,100.0,40.4,5,4,120,133,8,TRUE,TRUE,0.33,False,MEDIUM,67.04
HIST_001501,AST_000017,TRD,INSPECTION,66.6,72.3,34.2,1,6,180,194,8,TRUE,TRUE,0.762,False,CRITICAL,59.89
HIST_001502,AST_000034,ENGINEERING,REPAIR,82.4,16.2,28.0,4,6,60,52,0,FALSE,TRUE,0.363,False,HIGH,45.62
HIST_001503,AST_000001,ENGINEERING,REPLACEMENT,50.3,0.4,27.4,4,11,180,191,7,TRUE,TRUE,0.725,False,HIGH,31.92
HIST_001504,AST_000018,S&T,TESTING,94.2,97.7,26.8,5,2,150,148,0,FALSE,TRUE,0.42,False,HIGH,69.3
HIST_001505,AST_000035,TRD,PREVENTIVE_MAINTENANCE,84.2,100.0,25.2,4,12,60,58,0,FALSE,TRUE,0.05,False,LOW,59.05
HIST_001506,AST_000002,TRD,CORRECTIVE_MAINTENANCE,63.8,100.0,40.0,3,4,60,64,2,TRUE,TRUE,0.425,True,CRITICAL,77.14
HIST_001507,AST_000019,ENGINEERING,INSPECTION,79.6,30.4,28.8,2,8,60,57,0,FALSE,TRUE,0.293,False,LOW,40.99
HIST_001508,AST_000036,S&T,REPAIR,78.2,6.1,58.4,0,10,240,200,0,FALSE,FALSE,0.259,False,CRITICAL,51.66
HIST_001509,AST_000003,S&T,REPLACEMENT,55.7,89.5,64.4,4,3,45,53,5,TRUE,TRUE,0.797,False,CRITICAL,66.97
HIST_001510,AST_000020,TRD,TESTING,63.2,51.7,28.4,3,10,240,216,0,FALSE,TRUE,0.198,False,HIGH,48.81
HIST_001511,AST_000037,ENGINEERING,PREVENTIVE_MAINTENANCE,81.9,0.7,32.8,2,3,150,147,0,FALSE,TRUE,0.335,False,HIGH,42.55
HIST_001512,AST_000004,ENGINEERING,CORRECTIVE_MAINTENANCE,87.4,100.0,50.6,2,8,180,214,20,TRUE,TRUE,0.5,False,HIGH,72.59
HIST_001513,AST_000021,S&T,INSPECTION,42.9,21.7,49.7,5,11,240,268,17,TRUE,TRUE,0.026,True,HIGH,49.48
HIST_001514,AST_000038,TRD,REPAIR,95.1,99.4,36.0,1,11,240,236,0,FALSE,TRUE,0.233,False,CRITICAL,75.58
HIST_001515,AST_000005,TRD,REPLACEMENT,56.6,0.0,20.4,5,5,150,170,12,TRUE,TRUE,0.184,False,LOW,24.81
HIST_001516,AST_000022,ENGINEERING,TESTING,76.5,22.5,50.9,5,10,240,251,7,TRUE,TRUE,0.372,False,LOW,42.5
HIST_001517,AST_000039,S&T,PREVENTIVE_MAINTENANCE,91.8,50.3,38.9,0,12,180,151,0,FALSE,FALSE,0.02,False,HIGH,59.14
HIST_001518,AST_000006,S&T,CORRECTIVE_MAINTENANCE,94.3,39.9,13.1,2,6,150,182,19,TRUE,TRUE,0.483,False,LOW,44.63
HIST_001519,AST_000023,TRD,INSPECTION,55.6,36.5,58.2,1,2,180,198,11,TRUE,TRUE,0.605,False,LOW,41.2
HIST_001520,AST_000040,ENGINEERING,REPAIR,49.9,49.9,70.1,2,7,75,64,0,FALSE,TRUE,0.896,True,LOW,55.22
HIST_001521,AST_000007,ENGINEERING,REPLACEMENT,52.8,73.1,43.5,3,7,30,32,1,TRUE,TRUE,0.938,False,CRITICAL,57.81
HIST_001522,AST_000024,S&T,TESTING,66.7,12.0,19.5,2,4,60,53,0,FALSE,TRUE,0.898,False,CRITICAL,41.91
HIST_001523,AST_000041,TRD,PREVENTIVE_MAINTENANCE,89.8,100.0,44.4,2,12,180,156,0,FALSE,TRUE,0.261,False,HIGH,72.07
HIST_001524,AST_000008,TRD,CORRECTIVE_MAINTENANCE,88.0,97.6,58.6,5,11,240,262,13,TRUE,TRUE,0.19,False,HIGH,73.77
HIST_001525,AST_000025,ENGINEERING,INSPECTION,94.7,52.4,34.9,3,2,30,36,4,TRUE,TRUE,0.984,False,MEDIUM,55.99
HIST_001526,AST_000042,S&T,REPAIR,44.5,0.0,48.8,2,7,240,286,28,TRUE,TRUE,0.608,False,LOW,26.86
HIST_001527,AST_000009,S&T,INSPECTION,89.0,47.3,64.9,5,6,30,37,4,TRUE,TRUE,0.488,True,LOW,65.25
HIST_001528,AST_000026,TRD,REPAIR,79.3,14.6,21.0,3,2,180,184,2,TRUE,TRUE,0.309,False,MEDIUM,39.14
HIST_001529,AST_000043,ENGINEERING,REPLACEMENT,70.1,82.3,52.2,5,4,30,32,1,TRUE,TRUE,0.147,False,CRITICAL,67.05
HIST_001530,AST_000010,ENGINEERING,TESTING,83.3,17.1,47.2,0,12,240,244,2,TRUE,FALSE,0.593,False,HIGH,49.95
HIST_001531,AST_000027,S&T,PREVENTIVE_MAINTENANCE,50.8,0.0,50.4,1,12,120,145,15,TRUE,TRUE,0.343,False,HIGH,36.57
HIST_001532,AST_000044,TRD,CORRECTIVE_MAINTENANCE,56.3,100.0,41.6,1,8,60,56,0,FALSE,TRUE,0.611,False,LOW,53.96
HIST_001533,AST_000011,TRD,INSPECTION,69.6,59.0,71.2,2,6,120,97,0,FALSE,TRUE,0.057,False,HIGH,61.12
HIST_001534,AST_000028,ENGINEERING,REPAIR,49.5,0.0,24.2,3,9,180,150,0,FALSE,TRUE,0.404,True,MEDIUM,37.19
HIST_001535,AST_000045,S&T,REPLACEMENT,42.3,68.1,19.7,3,4,45,48,2,TRUE,TRUE,0.33,False,CRITICAL,48.65
HIST_001536,AST_000012,S&T,TESTING,62.0,0.0,42.3,3,8,75,84,5,TRUE,TRUE,0.971,False,HIGH,38.31
HIST_001537,AST_000029,TRD,PREVENTIVE_MAINTENANCE,88.2,100.0,29.4,1,9,60,71,7,TRUE,TRUE,0.85,False,MEDIUM,64.84
HIST_001538,AST_000046,ENGINEERING,CORRECTIVE_MAINTENANCE,52.0,99.7,53.3,5,6,240,253,8,TRUE,TRUE,0.338,False,MEDIUM,58.69
HIST_001539,AST_000013,ENGINEERING,INSPECTION,54.3,42.9,53.3,0,1,120,96,0,FALSE,FALSE,0.024,False,CRITICAL,52.67
HIST_001540,AST_000030,S&T,REPAIR,88.6,80.3,24.4,5,8,150,124,0,FALSE,TRUE,0.056,False,LOW,55.29
HIST_001541,AST_000047,TRD,REPLACEMENT,84.5,100.0,26.0,1,4,240,292,31,TRUE,TRUE,0.529,True,CRITICAL,80.55
HIST_001542,AST_000014,TRD,TESTING,44.4,2.2,72.9,3,9,90,74,0,FALSE,TRUE,0.114,False,LOW,32.2
HIST_001543,AST_000031,ENGINEERING,PREVENTIVE_MAINTENANCE,40.4,21.8,50.1,4,9,30,37,4,TRUE,TRUE,0.962,False,MEDIUM,35.09
HIST_001544,AST_000048,S&T,CORRECTIVE_MAINTENANCE,56.3,0.0,25.0,0,2,45,48,2,TRUE,FALSE,0.824,False,CRITICAL,36.89
HIST_001545,AST_000015,S&T,INSPECTION,53.9,0.0,75.9,5,11,180,218,23,TRUE,TRUE,0.795,False,HIGH,42.6
HIST_001546,AST_000032,TRD,REPAIR,72.1,21.9,54.3,0,5,240,299,35,TRUE,FALSE,0.285,False,LOW,41.71
HIST_001547,AST_000049,ENGINEERING,REPLACEMENT,67.6,21.4,56.0,2,11,90,78,0,FALSE,TRUE,0.443,False,MEDIUM,44.33
HIST_001548,AST_000016,ENGINEERING,TESTING,55.3,71.7,47.2,5,2,120,128,5,TRUE,TRUE,0.997,True,LOW,57.7
HIST_001549,AST_000033,S&T,PREVENTIVE_MAINTENANCE,80.7,39.9,17.4,3,3,180,210,18,TRUE,TRUE,0.931,False,HIGH,48.91
HIST_001550,AST_000050,TRD,CORRECTIVE_MAINTENANCE,88.2,0.0,34.1,1,8,240,258,11,TRUE,TRUE,0.141,False,MEDIUM,40.78
HIST_001551,AST_000017,TRD,INSPECTION,66.6,0.0,40.3,5,8,240,263,14,TRUE,TRUE,0.729,False,CRITICAL,43.04
HIST_001552,AST_000034,ENGINEERING,REPAIR,82.4,41.9,28.4,1,5,180,180,0,FALSE,TRUE,0.273,False,LOW,44.62
HIST_001553,AST_000001,ENGINEERING,INSPECTION,50.3,89.0,32.4,3,10,60,54,0,FALSE,TRUE,0.747,False,HIGH,55.07
HIST_001554,AST_000018,S&T,REPAIR,94.2,21.6,30.4,0,5,120,112,0,FALSE,FALSE,0.058,False,HIGH,50.99
HIST_001555,AST_000035,TRD,REPLACEMENT,84.2,0.0,30.6,1,7,45,46,1,TRUE,TRUE,0.898,True,CRITICAL,56.38
HIST_001556,AST_000002,TRD,TESTING,63.8,81.3,27.6,5,9,30,26,0,FALSE,TRUE,0.229,False,MEDIUM,52.48
HIST_001557,AST_000019,ENGINEERING,PREVENTIVE_MAINTENANCE,79.6,0.0,22.6,5,5,120,100,0,FALSE,TRUE,0.789,False,LOW,32.15
HIST_001558,AST_000036,S&T,CORRECTIVE_MAINTENANCE,78.2,100.0,45.0,2,12,75,81,4,TRUE,TRUE,0.011,False,HIGH,68.71
HIST_001559,AST_000003,S&T,INSPECTION,55.7,59.7,53.8,5,1,30,31,1,TRUE,TRUE,0.243,False,HIGH,53.65
HIST_001560,AST_000020,TRD,REPAIR,63.2,100.0,21.4,2,7,150,123,0,FALSE,TRUE,0.276,False,LOW,51.99
HIST_001561,AST_000037,ENGINEERING,REPLACEMENT,81.9,47.5,38.0,0,3,120,117,0,FALSE,FALSE,0.19,False,MEDIUM,51.55
HIST_001562,AST_000004,ENGINEERING,TESTING,87.4,0.0,53.9,3,3,90,111,13,TRUE,TRUE,0.08,True,LOW,50.75
HIST_001563,AST_000021,S&T,PREVENTIVE_MAINTENANCE,42.9,0.0,38.5,3,4,240,209,0,FALSE,TRUE,0.746,False,HIGH,31.82
HIST_001564,AST_000038,TRD,CORRECTIVE_MAINTENANCE,95.1,55.1,47.7,5,11,240,262,13,TRUE,TRUE,0.172,False,LOW,55.59
HIST_001565,AST_000005,TRD,INSPECTION,56.6,89.5,23.2,0,5,90,100,6,TRUE,FALSE,0.038,False,CRITICAL,59.0
HIST_001566,AST_000022,ENGINEERING,REPAIR,76.5,48.9,61.9,2,4,90,87,0,FALSE,TRUE,0.497,False,CRITICAL,62.55
HIST_001567,AST_000039,S&T,REPLACEMENT,91.8,55.6,37.9,0,2,60,74,8,TRUE,FALSE,0.948,False,LOW,52.77
HIST_001568,AST_000006,S&T,TESTING,94.3,0.0,16.1,2,2,45,38,0,FALSE,TRUE,0.705,False,LOW,35.26
HIST_001569,AST_000023,TRD,PREVENTIVE_MAINTENANCE,55.6,0.0,58.2,3,6,75,85,6,TRUE,TRUE,0.376,True,HIGH,49.57
HIST_001570,AST_000040,ENGINEERING,CORRECTIVE_MAINTENANCE,49.9,100.0,72.2,0,2,240,279,23,TRUE,FALSE,0.338,False,HIGH,65.66
HIST_001571,AST_000007,ENGINEERING,INSPECTION,52.8,100.0,44.5,2,12,30,34,2,TRUE,TRUE,0.679,False,HIGH,60.99
HIST_001572,AST_000024,S&T,REPAIR,66.7,23.7,22.2,0,3,120,126,4,TRUE,FALSE,0.538,False,MEDIUM,37.88
HIST_001573,AST_000041,TRD,REPLACEMENT,89.8,0.0,48.6,2,4,150,134,0,FALSE,TRUE,0.525,False,HIGH,47.91
HIST_001574,AST_000008,TRD,TESTING,88.0,29.6,68.3,0,8,90,81,0,FALSE,FALSE,0.015,False,LOW,51.21
HIST_001575,AST_000025,ENGINEERING,PREVENTIVE_MAINTENANCE,94.7,20.5,34.8,4,1,30,33,2,TRUE,TRUE,0.915,False,CRITICAL,55.49
HIST_001576,AST_000042,S&T,CORRECTIVE_MAINTENANCE,44.5,27.9,43.2,2,9,45,55,6,TRUE,TRUE,0.574,True,MEDIUM,46.47
HIST_001577,AST_000009,S&T,INSPECTION,89.0,88.5,53.1,1,12,180,152,0,FALSE,TRUE,0.93,False,MEDIUM,66.95
HIST_001578,AST_000026,TRD,REPAIR,79.3,84.3,27.4,0,5,75,71,0,FALSE,FALSE,0.287,False,CRITICAL,65.34
HIST_001579,AST_000043,ENGINEERING,INSPECTION,70.1,100.0,43.2,1,8,90,101,7,TRUE,TRUE,0.512,False,MEDIUM,62.17
HIST_001580,AST_000010,ENGINEERING,REPAIR,83.3,0.0,43.6,4,9,180,153,0,FALSE,TRUE,0.555,False,LOW,37.46
HIST_001581,AST_000027,S&T,REPLACEMENT,50.8,2.3,49.7,0,8,150,120,0,FALSE,FALSE,0.452,False,MEDIUM,33.25
HIST_001582,AST_000044,TRD,TESTING,56.3,6.1,53.9,4,9,90,76,0,FALSE,TRUE,0.779,False,HIGH,40.44
HIST_001583,AST_000011,TRD,PREVENTIVE_MAINTENANCE,69.6,86.6,70.2,1,10,75,74,0,FALSE,TRUE,0.11,True,CRITICAL,81.57
HIST_001584,AST_000028,ENGINEERING,CORRECTIVE_MAINTENANCE,49.5,24.0,19.7,4,3,45,49,2,TRUE,TRUE,0.121,False,LOW,28.54
HIST_001585,AST_000045,S&T,INSPECTION,42.3,36.9,23.2,2,3,180,177,0,FALSE,TRUE,0.036,False,CRITICAL,41.55
HIST_001586,AST_000012,S&T,REPAIR,62.0,75.6,40.1,2,7,150,187,22,TRUE,TRUE,0.278,False,MEDIUM,53.02
HIST_001587,AST_000029,TRD,REPLACEMENT,88.2,15.0,23.4,5,11,75,69,0,FALSE,TRUE,0.651,False,MEDIUM,42.39
HIST_001588,AST_000046,ENGINEERING,TESTING,52.0,100.0,52.4,0,9,240,268,17,TRUE,FALSE,0.729,False,HIGH,62.33
HIST_001589,AST_000013,ENGINEERING,PREVENTIVE_MAINTENANCE,54.3,23.3,54.7,3,4,240,221,0,FALSE,TRUE,0.219,False,LOW,36.8
HIST_001590,AST_000030,S&T,CORRECTIVE_MAINTENANCE,88.6,53.8,28.6,2,11,90,76,0,FALSE,TRUE,0.844,True,CRITICAL,70.75
HIST_001591,AST_000047,TRD,INSPECTION,84.5,95.5,25.4,2,2,240,242,1,TRUE,TRUE,0.014,False,MEDIUM,61.8
HIST_001592,AST_000014,TRD,REPAIR,44.4,2.5,63.3,3,2,60,61,1,TRUE,TRUE,0.795,False,CRITICAL,41.6
HIST_001593,AST_000031,ENGINEERING,REPLACEMENT,40.4,97.8,58.9,4,6,180,153,0,FALSE,TRUE,0.249,False,CRITICAL,63.35
HIST_001594,AST_000048,S&T,TESTING,56.3,78.7,26.5,1,4,180,218,23,TRUE,TRUE,0.356,False,MEDIUM,49.36
HIST_001595,AST_000015,S&T,PREVENTIVE_MAINTENANCE,53.9,0.0,71.6,4,4,240,267,16,TRUE,TRUE,0.024,False,MEDIUM,37.99
HIST_001596,AST_000032,TRD,CORRECTIVE_MAINTENANCE,72.1,39.7,54.3,0,1,180,187,4,TRUE,FALSE,0.13,False,CRITICAL,57.41
HIST_001597,AST_000049,ENGINEERING,INSPECTION,67.6,39.7,46.0,1,12,180,148,0,FALSE,TRUE,0.778,True,HIGH,60.66
HIST_001598,AST_000016,ENGINEERING,REPAIR,55.3,86.9,57.3,1,6,60,58,0,FALSE,TRUE,0.02,False,LOW,53.52
HIST_001599,AST_000033,S&T,REPLACEMENT,80.7,37.5,25.9,1,2,180,203,14,TRUE,TRUE,0.657,False,HIGH,50.02
HIST_001600,AST_000050,TRD,TESTING,88.2,53.8,34.8,5,7,150,171,13,TRUE,TRUE,0.641,False,HIGH,58.12
HIST_001601,AST_000017,TRD,PREVENTIVE_MAINTENANCE,66.6,0.0,43.3,3,12,180,146,0,FALSE,TRUE,0.983,False,LOW,32.39
HIST_001602,AST_000034,ENGINEERING,CORRECTIVE_MAINTENANCE,82.4,98.7,19.5,2,9,240,298,35,TRUE,TRUE,0.784,False,HIGH,64.55
HIST_001603,AST_000001,ENGINEERING,INSPECTION,50.3,48.1,33.1,2,2,90,103,8,TRUE,TRUE,0.506,False,HIGH,44.98
HIST_001604,AST_000018,S&T,REPAIR,94.2,100.0,23.8,4,2,75,61,0,FALSE,TRUE,0.62,True,CRITICAL,83.02
HIST_001605,AST_000035,TRD,REPLACEMENT,84.2,14.6,18.3,5,11,90,80,0,FALSE,TRUE,0.901,False,LOW,36.32
HIST_001606,AST_000002,TRD,REPAIR,63.8,3.6,29.0,5,6,120,128,5,TRUE,TRUE,0.022,False,CRITICAL,40.84
HIST_001607,AST_000019,ENGINEERING,REPLACEMENT,79.6,100.0,25.8,4,10,240,247,4,TRUE,TRUE,0.805,False,CRITICAL,69.04
HIST_001608,AST_000036,S&T,TESTING,78.2,19.9,57.2,1,10,45,42,0,FALSE,TRUE,0.828,False,LOW,43.62
HIST_001609,AST_000003,S&T,PREVENTIVE_MAINTENANCE,55.7,58.8,59.0,2,11,60,73,8,TRUE,TRUE,0.402,False,HIGH,54.46
HIST_001610,AST_000020,TRD,CORRECTIVE_MAINTENANCE,63.2,100.0,28.4,2,2,90,112,13,TRUE,TRUE,0.782,False,LOW,53.39
HIST_001611,AST_000037,ENGINEERING,INSPECTION,81.9,0.0,41.4,2,7,90,91,1,TRUE,TRUE,0.435,True,CRITICAL,57.85
HIST_001612,AST_000004,ENGINEERING,REPAIR,87.4,0.0,50.5,2,6,150,185,21,TRUE,TRUE,0.079,False,HIGH,47.57
HIST_001613,AST_000021,S&T,REPLACEMENT,42.9,42.6,48.2,2,8,150,131,0,FALSE,TRUE,0.998,False,LOW,36.91
HIST_001614,AST_000038,TRD,TESTING,95.1,14.2,45.8,0,1,120,113,0,FALSE,FALSE,0.702,False,LOW,44.99
HIST_001615,AST_000005,TRD,PREVENTIVE_MAINTENANCE,56.6,87.2,18.3,3,11,30,31,1,TRUE,TRUE,0.585,False,MEDIUM,49.94
HIST_001616,AST_000022,ENGINEERING,CORRECTIVE_MAINTENANCE,76.5,0.0,58.4,5,3,180,169,0,FALSE,TRUE,0.414,False,CRITICAL,49.63
HIST_001617,AST_000039,S&T,INSPECTION,91.8,25.8,40.5,4,11,180,161,0,FALSE,TRUE,0.113,False,MEDIUM,49.59
HIST_001618,AST_000006,S&T,REPAIR,94.3,84.0,22.6,2,7,90,87,0,FALSE,TRUE,0.102,True,MEDIUM,71.31
HIST_001619,AST_000023,TRD,REPLACEMENT,55.6,56.8,56.1,5,9,240,236,0,FALSE,TRUE,0.355,False,LOW,45.85
HIST_001620,AST_000040,ENGINEERING,TESTING,49.9,0.0,79.9,0,5,30,29,0,FALSE,FALSE,0.005,False,MEDIUM,38.45
HIST_001621,AST_000007,ENGINEERING,PREVENTIVE_MAINTENANCE,52.8,11.2,40.9,1,3,150,159,5,TRUE,TRUE,0.361,False,MEDIUM,34.32
HIST_001622,AST_000024,S&T,CORRECTIVE_MAINTENANCE,66.7,77.8,22.5,3,7,120,115,0,FALSE,TRUE,0.784,False,MEDIUM,51.46
HIST_001623,AST_000041,TRD,INSPECTION,89.8,13.2,51.5,5,7,75,69,0,FALSE,TRUE,0.488,False,LOW,44.29
HIST_001624,AST_000008,TRD,REPAIR,88.0,18.5,68.3,0,8,60,57,0,FALSE,FALSE,0.324,False,CRITICAL,59.69
HIST_001625,AST_000025,ENGINEERING,REPLACEMENT,94.7,93.9,32.3,1,4,150,145,0,FALSE,TRUE,0.655,True,LOW,72.09
HIST_001626,AST_000042,S&T,TESTING,44.5,0.0,46.5,0,6,30,37,4,TRUE,FALSE,0.682,False,CRITICAL,37.65
HIST_001627,AST_000009,S&T,PREVENTIVE_MAINTENANCE,89.0,100.0,63.0,4,6,90,95,3,TRUE,TRUE,0.748,False,CRITICAL,79.3
HIST_001628,AST_000026,TRD,CORRECTIVE_MAINTENANCE,79.3,56.1,25.7,0,3,45,40,0,FALSE,FALSE,0.529,False,HIGH,54.2
HIST_001629,AST_000043,ENGINEERING,INSPECTION,70.1,93.2,44.1,5,12,180,178,0,FALSE,TRUE,0.897,False,HIGH,64.4
HIST_001630,AST_000010,ENGINEERING,REPAIR,83.3,43.8,52.7,0,7,240,227,0,FALSE,FALSE,0.721,False,LOW,50.23
HIST_001631,AST_000027,S&T,REPLACEMENT,50.8,50.5,56.4,1,8,150,144,0,FALSE,TRUE,0.446,False,MEDIUM,46.64
HIST_001632,AST_000044,TRD,REPAIR,56.3,92.5,52.2,1,12,300,276,0,FALSE,TRUE,0.018,True,CRITICAL,75.45
HIST_001633,AST_000011,TRD,REPLACEMENT,69.6,0.0,72.1,1,10,75,75,0,FALSE,TRUE,0.568,False,CRITICAL,50.3
HIST_001634,AST_000028,ENGINEERING,TESTING,49.5,10.1,31.0,3,7,120,112,0,FALSE,TRUE,0.083,False,HIGH,34.83
HIST_001635,AST_000045,S&T,PREVENTIVE_MAINTENANCE,42.3,100.0,27.0,1,2,90,76,0,FALSE,TRUE,0.624,False,LOW,46.84
HIST_001636,AST_000012,S&T,CORRECTIVE_MAINTENANCE,62.0,100.0,43.5,3,11,150,185,21,TRUE,TRUE,0.103,False,CRITICAL,67.3
HIST_001637,AST_000029,TRD,INSPECTION,88.2,19.2,26.8,3,4,90,101,7,TRUE,TRUE,0.998,False,CRITICAL,51.62
HIST_001638,AST_000046,ENGINEERING,REPAIR,52.0,0.0,50.4,0,2,120,120,0,FALSE,FALSE,0.795,False,LOW,29.43
HIST_001639,AST_000013,ENGINEERING,REPLACEMENT,54.3,100.0,53.2,5,8,30,26,0,FALSE,TRUE,0.939,True,LOW,65.68
HIST_001640,AST_000030,S&T,TESTING,88.6,100.0,24.9,1,12,60,57,0,FALSE,TRUE,0.584,False,MEDIUM,64.06
HIST_001641,AST_000047,TRD,PREVENTIVE_MAINTENANCE,84.5,13.9,14.9,1,2,30,25,0,FALSE,TRUE,0.935,False,MEDIUM,39.3
HIST_001642,AST_000014,TRD,CORRECTIVE_MAINTENANCE,44.4,50.2,65.8,3,10,60,55,0,FALSE,TRUE,0.307,False,HIGH,50.28
HIST_001643,AST_000031,ENGINEERING,INSPECTION,40.4,97.2,54.1,3,5,60,65,3,TRUE,TRUE,0.941,False,LOW,50.99
HIST_001644,AST_000048,S&T,REPAIR,56.3,0.0,37.4,5,4,180,160,0,FALSE,TRUE,0.183,False,CRITICAL,39.37
HIST_001645,AST_000015,S&T,REPLACEMENT,53.9,100.0,72.1,5,11,30,29,0,FALSE,TRUE,0.763,False,LOW,59.34
HIST_001646,AST_000032,TRD,TESTING,72.1,0.0,50.4,3,11,90,82,0,FALSE,TRUE,0.446,True,HIGH,52.96
HIST_001647,AST_000049,ENGINEERING,PREVENTIVE_MAINTENANCE,67.6,100.0,59.3,4,7,75,67,0,FALSE,TRUE,0.354,False,HIGH,68.39
HIST_001648,AST_000016,ENGINEERING,CORRECTIVE_MAINTENANCE,55.3,72.7,46.2,1,11,90,108,11,TRUE,TRUE,0.292,False,HIGH,55.26
HIST_001649,AST_000033,S&T,INSPECTION,80.7,51.2,25.4,5,12,60,60,0,FALSE,TRUE,0.6,False,CRITICAL,57.09
HIST_001650,AST_000050,TRD,REPAIR,88.2,100.0,39.7,5,4,150,187,22,TRUE,TRUE,0.532,False,LOW,63.15
HIST_001651,AST_000017,TRD,REPLACEMENT,66.6,20.3,40.2,5,8,180,220,24,TRUE,TRUE,0.759,False,HIGH,44.34
HIST_001652,AST_000034,ENGINEERING,TESTING,82.4,53.7,20.5,1,3,240,222,0,FALSE,TRUE,0.683,False,HIGH,53.5
HIST_001653,AST_000001,ENGINEERING,PREVENTIVE_MAINTENANCE,50.3,59.5,27.4,1,8,240,246,4,TRUE,TRUE,0.363,True,LOW,49.19
HIST_001654,AST_000018,S&T,CORRECTIVE_MAINTENANCE,94.2,19.6,21.5,5,12,90,104,8,TRUE,TRUE,0.136,False,CRITICAL,52.46
HIST_001655,AST_000035,TRD,INSPECTION,84.2,32.3,31.3,1,5,240,258,11,TRUE,TRUE,0.351,False,LOW,43.34
HIST_001656,AST_000002,TRD,REPAIR,63.8,24.3,32.5,0,8,90,111,13,TRUE,FALSE,0.064,False,CRITICAL,46.71
HIST_001657,AST_000019,ENGINEERING,REPLACEMENT,79.6,8.5,20.1,2,9,240,221,0,FALSE,TRUE,0.83,False,CRITICAL,45.02
HIST_001658,AST_000036,S&T,REPAIR,78.2,100.0,53.3,2,2,180,144,0,FALSE,TRUE,0.31,False,CRITICAL,74.12
HIST_001659,AST_000003,S&T,REPLACEMENT,55.7,0.0,55.5,1,5,120,109,0,FALSE,TRUE,0.824,False,CRITICAL,42.81
HIST_001660,AST_000020,TRD,TESTING,63.2,0.0,25.6,1,3,90,98,5,TRUE,TRUE,0.259,True,HIGH,45.33
HIST_001661,AST_000037,ENGINEERING,PREVENTIVE_MAINTENANCE,81.9,78.5,35.6,0,7,120,131,7,TRUE,FALSE,0.563,False,LOW,55.06
HIST_001662,AST_000004,ENGINEERING,CORRECTIVE_MAINTENANCE,87.4,100.0,48.2,1,8,75,71,0,FALSE,TRUE,0.913,False,CRITICAL,75.86
HIST_001663,AST_000021,S&T,INSPECTION,42.9,42.6,45.7,0,5,30,33,2,TRUE,FALSE,0.961,False,LOW,36.41
HIST_001664,AST_000038,TRD,REPAIR,95.1,90.1,39.8,1,10,90,102,7,TRUE,TRUE,0.086,False,CRITICAL,74.01
HIST_001665,AST_000005,TRD,REPLACEMENT,56.6,100.0,21.1,0,5,75,91,10,TRUE,FALSE,0.362,False,LOW,49.95
HIST_001666,AST_000022,ENGINEERING,TESTING,76.5,94.8,55.1,1,5,150,145,0,FALSE,TRUE,0.711,False,MEDIUM,65.17
HIST_001667,AST_000039,S&T,PREVENTIVE_MAINTENANCE,91.8,11.8,42.5,1,2,90,102,7,TRUE,TRUE,0.447,True,MEDIUM,56.49
HIST_001668,AST_000006,S&T,CORRECTIVE_MAINTENANCE,94.3,0.0,24.9,0,3,180,195,9,TRUE,FALSE,0.344,False,MEDIUM,40.77
HIST_001669,AST_000023,TRD,INSPECTION,55.6,58.2,56.0,3,1,180,191,7,TRUE,TRUE,0.249,False,CRITICAL,57.43
HIST_001670,AST_000040,ENGINEERING,REPAIR,49.9,45.9,76.1,5,11,120,138,11,TRUE,TRUE,0.414,False,CRITICAL,56.66
HIST_001671,AST_000007,ENGINEERING,REPLACEMENT,52.8,100.0,40.5,4,3,240,198,0,FALSE,TRUE,0.112,False,CRITICAL,63.94
HIST_001672,AST_000024,S&T,TESTING,66.7,100.0,22.4,5,3,180,152,0,FALSE,TRUE,0.33,False,HIGH,60.74
HIST_001673,AST_000041,TRD,PREVENTIVE_MAINTENANCE,89.8,0.0,54.0,5,8,60,69,5,TRUE,TRUE,0.592,False,CRITICAL,52.74
HIST_001674,AST_000008,TRD,CORRECTIVE_MAINTENANCE,88.0,0.0,64.3,3,8,150,122,0,FALSE,TRUE,0.944,True,LOW,53.01
HIST_001675,AST_000025,ENGINEERING,INSPECTION,94.7,0.0,43.1,3,9,240,252,7,TRUE,TRUE,0.516,False,HIGH,48.28
HIST_001676,AST_000042,S&T,REPAIR,44.5,54.4,41.9,2,12,60,49,0,FALSE,TRUE,0.704,False,LOW,39.08
HIST_001677,AST_000009,S&T,REPLACEMENT,89.0,32.1,57.4,5,8,30,37,4,TRUE,TRUE,0.885,False,HIGH,57.45
HIST_001678,AST_000026,TRD,TESTING,79.3,100.0,18.3,5,2,75,76,1,TRUE,TRUE,0.807,False,MEDIUM,59.95
HIST_001679,AST_000043,ENGINEERING,PREVENTIVE_MAINTENANCE,70.1,87.4,53.1,3,6,60,66,4,TRUE,TRUE,0.517,False,LOW,57.25
HIST_001680,AST_000010,ENGINEERING,CORRECTIVE_MAINTENANCE,83.3,56.6,53.7,5,3,120,132,7,TRUE,TRUE,0.908,False,LOW,53.63
HIST_001681,AST_000027,S&T,INSPECTION,50.8,0.0,50.2,1,9,75,93,11,TRUE,TRUE,0.076,True,HIGH,46.53
HIST_001682,AST_000044,TRD,REPAIR,56.3,15.4,54.0,4,12,90,105,9,TRUE,TRUE,0.797,False,HIGH,42.79
HIST_001683,AST_000011,TRD,REPLACEMENT,69.6,28.6,65.4,1,5,75,90,9,TRUE,TRUE,0.706,False,CRITICAL,56.11
HIST_001684,AST_000028,ENGINEERING,TESTING,49.5,100.0,24.9,2,9,150,172,13,TRUE,TRUE,0.355,False,CRITICAL,59.83
HIST_001685,AST_000045,S&T,REPLACEMENT,42.3,74.4,19.6,1,6,120,111,0,FALSE,TRUE,0.54,False,LOW,38.96
HIST_001686,AST_000012,S&T,TESTING,62.0,91.4,51.3,2,6,120,134,8,TRUE,TRUE,0.913,False,MEDIUM,59.21
HIST_001687,AST_000029,TRD,PREVENTIVE_MAINTENANCE,88.2,0.0,30.1,3,5,90,92,1,TRUE,TRUE,0.39,False,LOW,36.23
HIST_001688,AST_000046,ENGINEERING,CORRECTIVE_MAINTENANCE,52.0,36.4,49.6,4,7,45,38,0,FALSE,TRUE,0.212,True,MEDIUM,52.12
HIST_001689,AST_000013,ENGINEERING,INSPECTION,54.3,94.8,61.4,5,1,180,203,14,TRUE,TRUE,0.869,False,LOW,56.02
HIST_001690,AST_000030,S&T,REPAIR,88.6,100.0,27.8,1,8,120,125,3,TRUE,TRUE,0.205,False,CRITICAL,72.14
HIST_001691,AST_000047,TRD,REPLACEMENT,84.5,100.0,25.3,3,8,30,37,4,TRUE,TRUE,0.281,False,CRITICAL,70.41
HIST_001692,AST_000014,TRD,TESTING,44.4,93.3,73.9,0,3,60,62,1,TRUE,FALSE,0.034,False,LOW,55.17
HIST_001693,AST_000031,ENGINEERING,PREVENTIVE_MAINTENANCE,40.4,73.8,55.7,1,10,90,91,1,TRUE,TRUE,0.91,False,LOW,45.46
HIST_001694,AST_000048,S&T,CORRECTIVE_MAINTENANCE,56.3,100.0,31.7,2,3,180,224,26,TRUE,TRUE,0.56,False,HIGH,59.48
HIST_001695,AST_000015,S&T,INSPECTION,53.9,100.0,75.2,5,11,240,212,0,FALSE,TRUE,0.909,True,MEDIUM,73.71
HIST_001696,AST_000032,TRD,REPAIR,72.1,15.3,59.4,0,4,90,101,7,TRUE,FALSE,0.251,False,HIGH,48.59
HIST_001697,AST_000049,ENGINEERING,REPLACEMENT,67.6,46.4,54.6,3,11,30,33,2,TRUE,TRUE,0.997,False,LOW,46.55
HIST_001698,AST_000016,ENGINEERING,TESTING,55.3,65.7,56.1,4,2,180,146,0,FALSE,TRUE,0.939,False,HIGH,55.48
HIST_001699,AST_000033,S&T,PREVENTIVE_MAINTENANCE,80.7,0.0,15.5,2,2,240,280,24,TRUE,TRUE,0.807,False,LOW,31.06
HIST_001700,AST_000050,TRD,CORRECTIVE_MAINTENANCE,88.2,0.0,34.1,3,6,60,72,7,TRUE,TRUE,0.49,False,HIGH,44.53
HIST_001701,AST_000017,TRD,INSPECTION,66.6,100.0,44.8,3,2,30,30,0,FALSE,TRUE,0.999,False,HIGH,65.19
HIST_001702,AST_000034,ENGINEERING,REPAIR,82.4,26.5,29.4,3,2,60,64,2,TRUE,TRUE,0.093,True,MEDIUM,54.73
HIST_001703,AST_000001,ENGINEERING,REPLACEMENT,50.3,89.6,27.7,2,4,90,91,1,TRUE,TRUE,0.705,False,MEDIUM,50.53
HIST_001704,AST_000018,S&T,TESTING,94.2,32.7,23.6,5,1,90,88,0,FALSE,TRUE,0.27,False,CRITICAL,56.16
HIST_001705,AST_000035,TRD,PREVENTIVE_MAINTENANCE,84.2,25.8,31.4,1,10,90,78,0,FALSE,TRUE,0.697,False,LOW,41.74
HIST_001706,AST_000002,TRD,CORRECTIVE_MAINTENANCE,63.8,11.3,32.8,3,6,60,66,4,TRUE,TRUE,0.905,False,LOW,32.27
HIST_001707,AST_000019,ENGINEERING,INSPECTION,79.6,73.4,28.4,1,7,150,127,0,FALSE,TRUE,0.182,False,CRITICAL,62.91
HIST_001708,AST_000036,S&T,REPAIR,78.2,7.9,57.3,1,9,150,163,8,TRUE,TRUE,0.079,False,LOW,40.65
HIST_001709,AST_000003,S&T,REPLACEMENT,55.7,71.6,63.8,5,11,30,36,4,TRUE,TRUE,0.568,True,LOW,61.12
HIST_001710,AST_000020,TRD,TESTING,63.2,98.5,28.1,1,6,45,50,3,TRUE,TRUE,0.618,False,MEDIUM,56.7
HIST_001711,AST_000037,ENGINEERING,REPLACEMENT,81.9,97.4,34.5,5,7,300,320,12,TRUE,TRUE,0.598,False,HIGH,67.07
HIST_001712,AST_000004,ENGINEERING,TESTING,87.4,100.0,55.9,2,12,240,222,0,FALSE,TRUE,0.639,False,MEDIUM,69.9
HIST_001713,AST_000021,S&T,PREVENTIVE_MAINTENANCE,42.9,100.0,38.5,3,1,45,37,0,FALSE,TRUE,0.379,False,HIGH,56.82
HIST_001714,AST_000038,TRD,CORRECTIVE_MAINTENANCE,95.1,100.0,36.6,0,1,120,140,12,TRUE,FALSE,0.901,False,MEDIUM,68.35
HIST_001715,AST_000005,TRD,INSPECTION,56.6,68.2,18.9,0,5,45,50,3,TRUE,FALSE,0.752,False,HIGH,49.06
HIST_001716,AST_000022,ENGINEERING,REPAIR,76.5,0.0,60.1,2,2,120,135,9,TRUE,TRUE,0.333,True,HIGH,56.22
HIST_001717,AST_000039,S&T,REPLACEMENT,91.8,97.1,34.1,1,8,90,94,2,TRUE,TRUE,0.602,False,CRITICAL,73.63
HIST_001718,AST_000006,S&T,TESTING,94.3,27.7,21.4,2,4,90,86,0,FALSE,TRUE,0.041,False,HIGH,50.74
HIST_001719,AST_000023,TRD,PREVENTIVE_MAINTENANCE,55.6,55.0,50.0,4,3,90,79,0,FALSE,TRUE,0.984,False,HIGH,51.68
HIST_001720,AST_000040,ENGINEERING,CORRECTIVE_MAINTENANCE,49.9,81.6,81.5,4,7,75,91,10,TRUE,TRUE,0.388,False,MEDIUM,59.17
HIST_001721,AST_000007,ENGINEERING,INSPECTION,52.8,0.0,45.9,3,4,75,60,0,FALSE,TRUE,0.222,False,MEDIUM,32.52
HIST_001722,AST_000024,S&T,REPAIR,66.7,34.4,23.8,0,4,45,37,0,FALSE,FALSE,0.545,False,CRITICAL,48.37
HIST_001723,AST_000041,TRD,REPLACEMENT,89.8,100.0,43.6,2,1,180,176,0,FALSE,TRUE,0.257,True,MEDIUM,78.16
HIST_001724,AST_000008,TRD,TESTING,88.0,62.5,64.0,0,3,120,115,0,FALSE,FALSE,0.93,False,LOW,58.58
HIST_001725,AST_000025,ENGINEERING,PREVENTIVE_MAINTENANCE,94.7,26.1,32.3,0,9,120,113,0,FALSE,FALSE,0.089,False,CRITICAL,56.4
HIST_001726,AST_000042,S&T,CORRECTIVE_MAINTENANCE,44.5,100.0,51.3,5,2,120,122,1,TRUE,TRUE,0.953,False,HIGH,59.86
HIST_001727,AST_000009,S&T,INSPECTION,89.0,0.0,63.5,0,7,75,74,0,FALSE,FALSE,0.971,False,CRITICAL,54.4
HIST_001728,AST_000026,TRD,REPAIR,79.3,100.0,21.5,4,5,120,132,7,TRUE,TRUE,0.774,False,HIGH,64.34
HIST_001729,AST_000043,ENGINEERING,REPLACEMENT,70.1,0.0,46.6,0,10,120,135,9,TRUE,FALSE,0.928,False,LOW,34.1
HIST_001730,AST_000010,ENGINEERING,TESTING,83.3,100.0,49.0,3,9,75,84,5,TRUE,TRUE,0.63,True,MEDIUM,77.29
HIST_001731,AST_000027,S&T,PREVENTIVE_MAINTENANCE,50.8,100.0,56.0,2,2,240,293,32,TRUE,TRUE,0.833,False,LOW,55.19
HIST_001732,AST_000044,TRD,CORRECTIVE_MAINTENANCE,56.3,57.9,50.0,2,1,90,73,0,FALSE,TRUE,0.224,False,CRITICAL,56.36
HIST_001733,AST_000011,TRD,INSPECTION,69.6,100.0,64.2,2,6,120,105,0,FALSE,TRUE,0.1,False,HIGH,69.97
HIST_001734,AST_000028,ENGINEERING,REPAIR,49.5,38.0,24.9,4,8,180,166,0,FALSE,TRUE,0.344,False,MEDIUM,36.83
HIST_001735,AST_000045,S&T,REPLACEMENT,42.3,62.8,24.0,0,1,90,111,13,TRUE,FALSE,0.345,False,LOW,36.94
HIST_001736,AST_000012,S&T,TESTING,62.0,0.0,44.2,5,7,90,75,0,FALSE,TRUE,0.623,False,MEDIUM,34.94
HIST_001737,AST_000029,TRD,REPLACEMENT,88.2,23.0,23.4,5,4,60,52,0,FALSE,TRUE,0.797,True,MEDIUM,54.39
HIST_001738,AST_000046,ENGINEERING,TESTING,52.0,100.0,55.7,5,7,60,50,0,FALSE,TRUE,0.435,False,MEDIUM,59.24
HIST_001739,AST_000013,ENGINEERING,PREVENTIVE_MAINTENANCE,54.3,92.8,50.4,0,4,120,130,6,TRUE,FALSE,0.11,False,CRITICAL,64.57
HIST_001740,AST_000030,S&T,CORRECTIVE_MAINTENANCE,88.6,0.0,18.6,1,11,30,31,1,TRUE,TRUE,0.841,False,HIGH,41.55
HIST_001741,AST_000047,TRD,INSPECTION,84.5,99.2,18.0,4,6,60,52,0,FALSE,TRUE,0.339,False,MEDIUM,61.25
HIST_001742,AST_000014,TRD,REPAIR,44.4,0.0,65.1,2,5,90,96,4,TRUE,TRUE,0.951,False,CRITICAL,41.34
HIST_001743,AST_000031,ENGINEERING,REPLACEMENT,40.4,0.0,59.2,0,2,240,284,26,TRUE,FALSE,0.384,False,HIGH,35.21
HIST_001744,AST_000048,S&T,TESTING,56.3,84.8,30.3,3,5,30,29,0,FALSE,TRUE,0.011,True,CRITICAL,69.15
HIST_001745,AST_000015,S&T,PREVENTIVE_MAINTENANCE,53.9,18.4,76.8,0,11,30,32,1,TRUE,FALSE,0.061,False,MEDIUM,43.63
HIST_001746,AST_000032,TRD,CORRECTIVE_MAINTENANCE,72.1,17.0,54.3,5,5,120,108,0,FALSE,TRUE,0.695,False,MEDIUM,44.24
HIST_001747,AST_000049,ENGINEERING,INSPECTION,67.6,80.7,58.7,0,4,75,94,11,TRUE,FALSE,0.195,False,MEDIUM,59.7
HIST_001748,AST_000016,ENGINEERING,REPAIR,55.3,61.1,47.6,4,9,240,238,0,FALSE,TRUE,0.338,False,MEDIUM,48.89
HIST_001749,AST_000033,S&T,REPLACEMENT,80.7,0.0,18.0,4,4,75,72,0,FALSE,TRUE,0.752,False,LOW,31.56
HIST_001750,AST_000050,TRD,TESTING,88.2,9.1,32.7,3,6,75,80,3,TRUE,TRUE,0.806,False,HIGH,46.52
HIST_001751,AST_000017,TRD,PREVENTIVE_MAINTENANCE,66.6,14.4,37.6,1,12,90,93,2,TRUE,TRUE,0.209,True,LOW,44.85
HIST_001752,AST_000034,ENGINEERING,CORRECTIVE_MAINTENANCE,82.4,22.2,21.4,0,11,90,109,11,TRUE,FALSE,0.756,False,LOW,38.3
HIST_001753,AST_000001,ENGINEERING,INSPECTION,50.3,31.2,32.9,2,12,120,146,16,TRUE,TRUE,0.685,False,CRITICAL,44.47
HIST_001754,AST_000018,S&T,REPAIR,94.2,0.0,27.9,5,8,60,53,0,FALSE,TRUE,0.586,False,MEDIUM,41.34
HIST_001755,AST_000035,TRD,REPLACEMENT,84.2,74.8,26.3,2,7,240,259,11,TRUE,TRUE,0.417,False,CRITICAL,64.22
HIST_001756,AST_000002,TRD,TESTING,63.8,0.0,36.7,2,10,150,137,0,FALSE,TRUE,0.431,False,MEDIUM,33.98
HIST_001757,AST_000019,ENGINEERING,PREVENTIVE_MAINTENANCE,79.6,0.0,20.5,5,7,30,30,0,FALSE,TRUE,0.902,False,LOW,31.73
HIST_001758,AST_000036,S&T,CORRECTIVE_MAINTENANCE,78.2,67.0,45.1,4,7,60,68,5,TRUE,TRUE,0.433,True,LOW,62.98
HIST_001759,AST_000003,S&T,INSPECTION,55.7,64.4,52.7,2,12,60,52,0,FALSE,TRUE,0.295,False,LOW,47.1
HIST_001760,AST_000020,TRD,REPAIR,63.2,0.0,26.4,4,7,90,111,13,TRUE,TRUE,0.728,False,CRITICAL,39.24
HIST_001761,AST_000037,ENGINEERING,REPLACEMENT,81.9,51.8,30.3,3,1,240,225,0,FALSE,TRUE,0.188,False,MEDIUM,51.08
HIST_001762,AST_000004,ENGINEERING,TESTING,87.4,100.0,44.5,1,9,90,84,0,FALSE,TRUE,0.88,False,MEDIUM,67.62
HIST_001763,AST_000021,S&T,PREVENTIVE_MAINTENANCE,42.9,59.6,44.6,0,10,90,74,0,FALSE,FALSE,0.559,False,HIGH,47.94
HIST_001764,AST_000038,TRD,TESTING,95.1,75.3,46.7,5,12,90,76,0,FALSE,TRUE,0.851,False,MEDIUM,64.19
HIST_001765,AST_000005,TRD,PREVENTIVE_MAINTENANCE,56.6,100.0,19.9,3,8,120,139,11,TRUE,TRUE,0.804,True,MEDIUM,63.46
HIST_001766,AST_000022,ENGINEERING,CORRECTIVE_MAINTENANCE,76.5,69.3,51.7,3,3,150,181,19,TRUE,TRUE,0.313,False,MEDIUM,58.12
HIST_001767,AST_000039,S&T,INSPECTION,91.8,26.2,36.3,2,10,90,88,0,FALSE,TRUE,0.487,False,MEDIUM,48.85
HIST_001768,AST_000006,S&T,REPAIR,94.3,59.8,25.7,4,6,60,53,0,FALSE,TRUE,0.229,False,HIGH,59.63
HIST_001769,AST_000023,TRD,REPLACEMENT,55.6,87.2,61.1,1,6,45,55,6,TRUE,TRUE,0.504,False,CRITICAL,65.7
HIST_001770,AST_000040,ENGINEERING,TESTING,49.9,95.4,74.7,5,1,180,213,20,TRUE,TRUE,0.537,False,HIGH,65.01
HIST_001771,AST_000007,ENGINEERING,PREVENTIVE_MAINTENANCE,52.8,50.4,44.2,2,7,150,187,22,TRUE,TRUE,0.055,False,MEDIUM,44.78
HIST_001772,AST_000024,S&T,CORRECTIVE_MAINTENANCE,66.7,58.3,21.3,1,5,120,99,0,FALSE,TRUE,0.871,True,MEDIUM,56.34
HIST_001773,AST_000041,TRD,INSPECTION,89.8,94.1,52.4,2,6,90,104,8,TRUE,TRUE,0.127,False,CRITICAL,75.94
HIST_001774,AST_000008,TRD,REPAIR,88.0,88.9,68.3,1,9,150,126,0,FALSE,TRUE,0.261,False,MEDIUM,69.78
HIST_001775,AST_000025,ENGINEERING,REPLACEMENT,94.7,37.3,39.9,1,8,180,205,15,TRUE,TRUE,0.53,False,CRITICAL,60.72
HIST_001776,AST_000042,S&T,TESTING,44.5,100.0,48.6,3,10,90,93,2,TRUE,TRUE,0.145,False,CRITICAL,63.07
HIST_001777,AST_000009,S&T,PREVENTIVE_MAINTENANCE,89.0,0.0,57.2,1,4,120,102,0,FALSE,TRUE,0.219,False,LOW,41.89
HIST_001778,AST_000026,TRD,CORRECTIVE_MAINTENANCE,79.3,80.9,28.4,4,3,90,94,2,TRUE,TRUE,0.287,False,MEDIUM,57.2
HIST_001779,AST_000043,ENGINEERING,INSPECTION,70.1,93.6,43.2,3,8,30,26,0,FALSE,TRUE,0.554,True,CRITICAL,78.07
HIST_001780,AST_000010,ENGINEERING,REPAIR,83.3,91.6,45.8,2,8,120,97,0,FALSE,TRUE,0.774,False,LOW,60.8
HIST_001781,AST_000027,S&T,REPLACEMENT,50.8,24.1,60.9,0,8,240,202,0,FALSE,FALSE,0.282,False,CRITICAL,48.45
HIST_001782,AST_000044,TRD,TESTING,56.3,79.6,46.1,3,7,75,74,0,FALSE,TRUE,0.849,False,MEDIUM,53.51
HIST_001783,AST_000011,TRD,PREVENTIVE_MAINTENANCE,69.6,54.1,74.0,1,1,150,131,0,FALSE,TRUE,0.435,False,HIGH,60.45
HIST_001784,AST_000028,ENGINEERING,CORRECTIVE_MAINTENANCE,49.5,65.8,21.9,2,4,75,82,4,TRUE,TRUE,0.839,False,LOW,39.43
HIST_001785,AST_000045,S&T,INSPECTION,42.3,96.3,25.4,1,11,240,223,0,FALSE,TRUE,0.111,False,HIGH,53.09
HIST_001786,AST_000012,S&T,REPAIR,62.0,0.0,47.3,1,4,180,195,9,TRUE,TRUE,0.345,True,MEDIUM,45.56
HIST_001787,AST_000029,TRD,REPLACEMENT,88.2,100.0,17.3,3,11,60,74,8,TRUE,TRUE,0.942,False,LOW,58.67
HIST_001788,AST_000046,ENGINEERING,TESTING,52.0,25.5,50.0,1,6,30,35,3,TRUE,TRUE,0.168,False,MEDIUM,39.48
HIST_001789,AST_000013,ENGINEERING,PREVENTIVE_MAINTENANCE,54.3,0.0,62.4,4,8,120,113,0,FALSE,TRUE,0.32,False,LOW,32.52
HIST_001790,AST_000030,S&T,TESTING,88.6,94.9,27.9,1,8,300,368,41,TRUE,TRUE,0.865,False,MEDIUM,63.38
HIST_001791,AST_000047,TRD,PREVENTIVE_MAINTENANCE,84.5,0.0,15.9,5,12,150,155,3,TRUE,TRUE,0.515,False,MEDIUM,36.03
HIST_001792,AST_000014,TRD,CORRECTIVE_MAINTENANCE,44.4,100.0,74.4,3,2,180,220,24,TRUE,TRUE,0.195,False,CRITICAL,68.2
HIST_001793,AST_000031,ENGINEERING,INSPECTION,40.4,9.9,58.1,1,11,75,89,8,TRUE,TRUE,0.606,True,LOW,39.97
HIST_001794,AST_000048,S&T,REPAIR,56.3,0.0,34.5,1,10,45,50,3,TRUE,TRUE,0.155,False,LOW,27.54
HIST_001795,AST_000015,S&T,REPLACEMENT,53.9,15.2,71.0,5,1,150,131,0,FALSE,TRUE,0.367,False,CRITICAL,49.17
HIST_001796,AST_000032,TRD,TESTING,72.1,54.8,55.7,0,8,60,71,7,TRUE,FALSE,0.541,False,LOW,50.22
HIST_001797,AST_000049,ENGINEERING,PREVENTIVE_MAINTENANCE,67.6,68.9,59.7,5,9,45,53,5,TRUE,TRUE,0.496,False,CRITICAL,64.44
HIST_001798,AST_000016,ENGINEERING,CORRECTIVE_MAINTENANCE,55.3,100.0,54.2,2,7,120,126,4,TRUE,TRUE,0.763,False,LOW,56.18
HIST_001799,AST_000033,S&T,INSPECTION,80.7,100.0,27.9,4,6,90,90,0,FALSE,TRUE,0.824,False,CRITICAL,69.79
HIST_001800,AST_000050,TRD,REPAIR,88.2,100.0,35.1,1,4,75,72,0,FALSE,TRUE,0.953,True,LOW,72.23
HIST_001801,AST_000017,TRD,REPLACEMENT,66.6,0.0,38.2,3,11,240,296,34,TRUE,TRUE,0.05,False,LOW,31.37
HIST_001802,AST_000034,ENGINEERING,TESTING,82.4,31.1,24.6,4,7,60,69,5,TRUE,TRUE,0.556,False,MEDIUM,44.92
HIST_001803,AST_000001,ENGINEERING,PREVENTIVE_MAINTENANCE,50.3,100.0,27.6,2,1,60,56,0,FALSE,TRUE,0.885,False,HIGH,56.86
HIST_001804,AST_000018,S&T,CORRECTIVE_MAINTENANCE,94.2,100.0,32.2,1,3,30,31,1,TRUE,TRUE,0.392,False,HIGH,70.95
HIST_001805,AST_000035,TRD,INSPECTION,84.2,100.0,22.2,1,3,150,161,7,TRUE,TRUE,0.285,False,CRITICAL,69.7
HIST_001806,AST_000002,TRD,REPAIR,63.8,100.0,34.8,3,3,30,36,4,TRUE,TRUE,0.521,False,LOW,54.85
HIST_001807,AST_000019,ENGINEERING,REPLACEMENT,79.6,100.0,18.1,3,3,150,178,17,TRUE,TRUE,0.234,True,HIGH,73.75
HIST_001808,AST_000036,S&T,TESTING,78.2,94.2,48.5,5,4,30,32,1,TRUE,TRUE,0.107,False,HIGH,67.96
HIST_001809,AST_000003,S&T,PREVENTIVE_MAINTENANCE,55.7,17.4,61.0,5,6,60,72,7,TRUE,TRUE,0.44,False,HIGH,44.51
HIST_001810,AST_000020,TRD,CORRECTIVE_MAINTENANCE,63.2,57.5,30.5,0,1,240,272,19,TRUE,FALSE,0.063,False,MEDIUM,46.94
HIST_001811,AST_000037,ENGINEERING,INSPECTION,81.9,1.7,31.3,3,3,240,210,0,FALSE,TRUE,0.833,False,MEDIUM,38.76
HIST_001812,AST_000004,ENGINEERING,REPAIR,87.4,79.0,48.7,4,9,75,66,0,FALSE,TRUE,0.921,False,CRITICAL,70.71
HIST_001813,AST_000021,S&T,REPLACEMENT,42.9,45.5,44.3,2,2,240,195,0,FALSE,TRUE,0.252,False,HIGH,44.35
HIST_001814,AST_000038,TRD,TESTING,95.1,100.0,40.5,1,2,60,57,0,FALSE,TRUE,0.038,True,MEDIUM,79.13
HIST_001815,AST_000005,TRD,PREVENTIVE_MAINTENANCE,56.6,100.0,19.0,0,4,120,102,0,FALSE,FALSE,0.675,False,HIGH,57.03
HIST_001816,AST_000022,ENGINEERING,TESTING,76.5,9.3,56.3,1,5,180,161,0,FALSE,TRUE,0.271,False,MEDIUM,44.03
HIST_001817,AST_000039,S&T,PREVENTIVE_MAINTENANCE,91.8,48.5,36.2,2,1,90,110,12,TRUE,TRUE,0.304,False,LOW,50.66
HIST_001818,AST_000006,S&T,CORRECTIVE_MAINTENANCE,94.3,6.9,16.0,3,11,150,182,19,TRUE,TRUE,0.817,False,HIGH,44.47
HIST_001819,AST_000023,TRD,INSPECTION,55.6,18.6,62.0,2,8,60,59,0,FALSE,TRUE,0.346,False,MEDIUM,41.23
HIST_001820,AST_000040,ENGINEERING,REPAIR,49.9,25.4,70.3,3,5,90,108,11,TRUE,TRUE,0.488,False,HIGH,46.63
HIST_001821,AST_000007,ENGINEERING,REPLACEMENT,52.8,100.0,35.2,1,3,180,160,0,FALSE,TRUE,0.754,True,LOW,61.63
HIST_001822,AST_000024,S&T,TESTING,66.7,48.1,23.6,1,7,150,166,10,TRUE,TRUE,0.573,False,HIGH,48.01
HIST_001823,AST_000041,TRD,PREVENTIVE_MAINTENANCE,89.8,0.7,53.9,4,8,45,49,2,TRUE,TRUE,0.991,False,MEDIUM,45.39
HIST_001824,AST_000008,TRD,CORRECTIVE_MAINTENANCE,88.0,100.0,61.0,5,12,60,64,2,TRUE,TRUE,0.711,False,MEDIUM,71.1
HIST_001825,AST_000025,ENGINEERING,INSPECTION,94.7,100.0,40.4,1,12,180,153,0,FALSE,TRUE,0.22,False,LOW,65.24
HIST_001826,AST_000042,S&T,REPAIR,44.5,100.0,49.8,3,8,180,172,0,FALSE,TRUE,0.332,False,CRITICAL,63.31
HIST_001827,AST_000009,S&T,REPLACEMENT,89.0,0.0,56.3,5,5,240,239,0,FALSE,TRUE,0.84,False,HIGH,49.21
HIST_001828,AST_000026,TRD,TESTING,79.3,59.5,27.8,5,2,60,70,6,TRUE,TRUE,0.09,True,LOW,57.98
HIST_001829,AST_000043,ENGINEERING,PREVENTIVE_MAINTENANCE,70.1,32.6,45.2,1,11,90,84,0,FALSE,TRUE,0.675,False,LOW,41.97
HIST_001830,AST_000010,ENGINEERING,CORRECTIVE_MAINTENANCE,83.3,40.9,46.2,4,4,75,61,0,FALSE,TRUE,0.077,False,LOW,48.2
HIST_001831,AST_000027,S&T,INSPECTION,50.8,47.6,60.3,2,6,240,197,0,FALSE,TRUE,0.854,False,HIGH,50.45
HIST_001832,AST_000044,TRD,REPAIR,56.3,5.7,47.8,0,4,75,91,10,TRUE,FALSE,0.24,False,LOW,31.62
HIST_001833,AST_000011,TRD,REPLACEMENT,69.6,100.0,64.9,2,5,90,75,0,FALSE,TRUE,0.76,False,MEDIUM,66.36
HIST_001834,AST_000028,ENGINEERING,TESTING,49.5,0.0,27.7,3,2,30,36,4,TRUE,TRUE,0.923,False,LOW,24.14
HIST_001835,AST_000045,S&T,PREVENTIVE_MAINTENANCE,42.3,43.1,29.7,1,9,75,77,1,TRUE,TRUE,0.487,True,HIGH,50.66
HIST_001836,AST_000012,S&T,CORRECTIVE_MAINTENANCE,62.0,73.4,46.4,2,12,90,91,1,TRUE,TRUE,0.534,False,MEDIUM,53.73
HIST_001837,AST_000029,TRD,INSPECTION,88.2,100.0,18.3,5,6,150,170,12,TRUE,TRUE,0.383,False,HIGH,66.37
HIST_001838,AST_000046,ENGINEERING,REPAIR,52.0,73.2,59.7,2,3,75,83,5,TRUE,TRUE,0.876,False,CRITICAL,60.84
HIST_001839,AST_000013,ENGINEERING,REPLACEMENT,54.3,81.8,53.8,2,7,120,146,16,TRUE,TRUE,0.07,False,LOW,51.25
HIST_001840,AST_000030,S&T,TESTING,88.6,73.2,20.0,0,10,180,154,0,FALSE,FALSE,0.129,False,LOW,52.63
HIST_001841,AST_000047,TRD,PREVENTIVE_MAINTENANCE,84.5,100.0,24.4,4,1,90,110,12,TRUE,TRUE,0.884,False,CRITICAL,70.23
HIST_001842,AST_000014,TRD,CORRECTIVE_MAINTENANCE,44.4,10.9,73.5,1,5,30,36,4,TRUE,TRUE,0.389,True,CRITICAL,55.74
HIST_001843,AST_000031,ENGINEERING,PREVENTIVE_MAINTENANCE,40.4,59.8,53.7,1,6,150,159,5,TRUE,TRUE,0.874,False,LOW,41.56
HIST_001844,AST_000048,S&T,CORRECTIVE_MAINTENANCE,56.3,74.6,37.2,4,6,120,128,5,TRUE,TRUE,0.86,False,CRITICAL,57.98
HIST_001845,AST_000015,S&T,INSPECTION,53.9,99.7,69.6,1,9,180,196,10,TRUE,TRUE,0.922,False,LOW,58.77
HIST_001846,AST_000032,TRD,REPAIR,72.1,69.8,54.9,2,6,60,73,8,TRUE,TRUE,0.331,False,CRITICAL,65.06
HIST_001847,AST_000049,ENGINEERING,REPLACEMENT,67.6,100.0,55.3,4,7,120,98,0,FALSE,TRUE,0.102,False,MEDIUM,63.84
HIST_001848,AST_000016,ENGINEERING,TESTING,55.3,100.0,48.3,1,10,150,153,2,TRUE,TRUE,0.156,False,LOW,55.0
HIST_001849,AST_000033,S&T,PREVENTIVE_MAINTENANCE,80.7,74.9,17.4,1,1,180,165,0,FALSE,TRUE,0.732,True,MEDIUM,63.91
HIST_001850,AST_000050,TRD,CORRECTIVE_MAINTENANCE,88.2,26.1,35.4,5,9,180,197,10,TRUE,TRUE,0.477,False,MEDIUM,47.56
HIST_001851,AST_000017,TRD,INSPECTION,66.6,7.2,43.4,1,10,90,88,0,FALSE,TRUE,0.746,False,CRITICAL,45.46
HIST_001852,AST_000034,ENGINEERING,REPAIR,82.4,0.0,18.3,4,8,60,63,2,TRUE,TRUE,0.58,False,MEDIUM,35.88
HIST_001853,AST_000001,ENGINEERING,REPLACEMENT,50.3,0.0,34.3,2,5,120,96,0,FALSE,TRUE,0.78,False,LOW,25.7
HIST_001854,AST_000018,S&T,TESTING,94.2,0.0,21.5,2,4,90,79,0,FALSE,TRUE,0.345,False,HIGH,43.81
HIST_001855,AST_000035,TRD,PREVENTIVE_MAINTENANCE,84.2,83.3,29.5,5,11,120,103,0,FALSE,TRUE,0.371,False,LOW,55.73
HIST_001856,AST_000002,TRD,CORRECTIVE_MAINTENANCE,63.8,0.0,34.7,4,3,90,83,0,FALSE,TRUE,0.2,True,HIGH,47.33
HIST_001857,AST_000019,ENGINEERING,INSPECTION,79.6,100.0,28.5,5,6,150,179,17,TRUE,TRUE,0.153,False,LOW,58.33
HIST_001858,AST_000036,S&T,REPAIR,78.2,71.1,57.9,5,6,75,64,0,FALSE,TRUE,0.546,False,LOW,56.56
HIST_001859,AST_000003,S&T,REPLACEMENT,55.7,72.3,57.3,2,2,180,201,13,TRUE,TRUE,0.715,False,CRITICAL,61.24
HIST_001860,AST_000020,TRD,TESTING,63.2,26.7,22.6,2,12,120,122,1,TRUE,TRUE,0.99,False,CRITICAL,45.16
HIST_001861,AST_000037,ENGINEERING,PREVENTIVE_MAINTENANCE,81.9,62.2,34.1,2,8,150,165,9,TRUE,TRUE,0.251,False,CRITICAL,61.94
HIST_001862,AST_000004,ENGINEERING,CORRECTIVE_MAINTENANCE,87.4,0.0,50.4,3,12,150,180,18,TRUE,TRUE,0.327,False,LOW,40.05
HIST_001863,AST_000021,S&T,INSPECTION,42.9,100.0,44.5,5,9,240,238,0,FALSE,TRUE,0.591,True,LOW,60.52
HIST_001864,AST_000038,TRD,REPAIR,95.1,100.0,46.7,5,3,45,39,0,FALSE,TRUE,0.731,False,HIGH,74.12
HIST_001865,AST_000005,TRD,REPLACEMENT,56.6,100.0,24.7,3,2,150,173,14,TRUE,TRUE,0.064,False,HIGH,58.17
HIST_001866,AST_000022,ENGINEERING,TESTING,76.5,16.0,50.4,1,1,180,205,15,TRUE,TRUE,0.023,False,CRITICAL,52.03
HIST_001867,AST_000039,S&T,PREVENTIVE_MAINTENANCE,91.8,0.0,35.9,1,4,60,73,8,TRUE,TRUE,0.876,False,HIGH,45.97
HIST_001868,AST_000006,S&T,CORRECTIVE_MAINTENANCE,94.3,89.2,21.7,3,4,75,76,1,TRUE,TRUE,0.157,False,MEDIUM,62.43
HIST_001869,AST_000023,TRD,PREVENTIVE_MAINTENANCE,55.6,22.4,55.1,2,10,60,61,1,TRUE,TRUE,0.378,False,MEDIUM,40.8
HIST_001870,AST_000040,ENGINEERING,CORRECTIVE_MAINTENANCE,49.9,78.5,75.1,1,6,75,79,2,TRUE,TRUE,0.676,True,CRITICAL,74.61
HIST_001871,AST_000007,ENGINEERING,INSPECTION,52.8,62.5,39.5,3,3,180,187,4,TRUE,TRUE,0.399,False,CRITICAL,54.36
HIST_001872,AST_000024,S&T,REPAIR,66.7,0.0,29.7,4,2,75,61,0,FALSE,TRUE,0.96,False,MEDIUM,33.45
HIST_001873,AST_000041,TRD,REPLACEMENT,89.8,100.0,46.1,3,6,30,36,4,TRUE,TRUE,0.159,False,LOW,64.91
HIST_001874,AST_000008,TRD,TESTING,88.0,81.6,60.9,4,8,30,31,1,TRUE,TRUE,0.476,False,LOW,62.73
HIST_001875,AST_000025,ENGINEERING,PREVENTIVE_MAINTENANCE,94.7,82.2,39.7,0,4,45,43,0,FALSE,FALSE,0.299,False,MEDIUM,64.4
HIST_001876,AST_000042,S&T,CORRECTIVE_MAINTENANCE,44.5,100.0,39.3,0,11,240,198,0,FALSE,FALSE,0.603,False,LOW,49.96
HIST_001877,AST_000009,S&T,INSPECTION,89.0,0.0,61.0,3,9,60,56,0,FALSE,TRUE,0.431,True,HIGH,60.15
HIST_001878,AST_000026,TRD,REPAIR,79.3,78.6,20.7,1,3,60,58,0,FALSE,TRUE,0.885,False,CRITICAL,62.58
HIST_001879,AST_000043,ENGINEERING,REPLACEMENT,70.1,70.3,51.0,3,6,60,48,0,FALSE,TRUE,0.297,False,LOW,52.55
HIST_001880,AST_000010,ENGINEERING,TESTING,83.3,96.1,52.4,3,4,180,185,3,TRUE,TRUE,0.232,False,MEDIUM,67.0
HIST_001881,AST_000027,S&T,PREVENTIVE_MAINTENANCE,50.8,60.9,48.5,4,4,120,116,0,FALSE,TRUE,0.055,False,HIGH,51.41
HIST_001882,AST_000044,TRD,CORRECTIVE_MAINTENANCE,56.3,0.0,47.6,1,6,180,214,20,TRUE,TRUE,0.943,False,LOW,30.16
HIST_001883,AST_000011,TRD,INSPECTION,69.6,10.8,71.0,2,12,30,28,0,FALSE,TRUE,0.028,False,MEDIUM,45.28
HIST_001884,AST_000028,ENGINEERING,REPAIR,49.5,54.2,23.9,1,5,45,46,1,TRUE,TRUE,0.882,True,MEDIUM,50.68
HIST_001885,AST_000045,S&T,REPLACEMENT,42.3,19.2,23.2,3,10,60,69,5,TRUE,TRUE,0.323,False,LOW,25.88
HIST_001886,AST_000012,S&T,TESTING,62.0,0.0,42.1,0,3,150,167,10,TRUE,FALSE,0.909,False,CRITICAL,42.02
HIST_001887,AST_000029,TRD,PREVENTIVE_MAINTENANCE,88.2,0.0,30.3,2,4,120,145,15,TRUE,TRUE,0.148,False,LOW,36.27
HIST_001888,AST_000046,ENGINEERING,CORRECTIVE_MAINTENANCE,52.0,0.0,61.4,4,3,150,168,11,TRUE,TRUE,0.073,False,MEDIUM,35.38
HIST_001889,AST_000013,ENGINEERING,INSPECTION,54.3,88.2,61.5,0,8,30,30,0,FALSE,FALSE,0.66,False,HIGH,61.89
HIST_001890,AST_000030,S&T,REPAIR,88.6,100.0,27.4,0,9,60,69,5,TRUE,FALSE,0.356,False,HIGH,68.31
HIST_001891,AST_000047,TRD,REPLACEMENT,84.5,0.0,19.8,1,4,30,29,0,FALSE,TRUE,0.138,True,HIGH,50.56
HIST_001892,AST_000014,TRD,TESTING,44.4,71.8,72.4,2,5,90,76,0,FALSE,TRUE,0.681,False,CRITICAL,60.75
HIST_001893,AST_000031,ENGINEERING,PREVENTIVE_MAINTENANCE,40.4,100.0,50.0,3,1,180,208,17,TRUE,TRUE,0.169,False,MEDIUM,54.62
HIST_001894,AST_000048,S&T,CORRECTIVE_MAINTENANCE,56.3,39.3,37.7,2,9,75,83,5,TRUE,TRUE,0.813,False,MEDIUM,41.75
HIST_001895,AST_000015,S&T,PREVENTIVE_MAINTENANCE,53.9,69.1,69.0,5,4,180,220,24,TRUE,TRUE,0.461,False,MEDIUM,54.74
HIST_001896,AST_000032,TRD,CORRECTIVE_MAINTENANCE,72.1,80.0,57.0,4,5,120,146,16,TRUE,TRUE,0.139,False,HIGH,64.28
HIST_001897,AST_000049,ENGINEERING,INSPECTION,67.6,0.0,50.5,4,2,60,71,7,TRUE,TRUE,0.201,False,CRITICAL,45.38
HIST_001898,AST_000016,ENGINEERING,REPAIR,55.3,63.7,43.4,4,2,90,77,0,FALSE,TRUE,0.978,True,HIGH,62.45
HIST_001899,AST_000033,S&T,REPLACEMENT,80.7,75.6,24.8,1,5,75,69,0,FALSE,TRUE,0.832,False,MEDIUM,55.57
HIST_001900,AST_000050,TRD,TESTING,88.2,35.6,35.5,5,9,30,28,0,FALSE,TRUE,0.808,False,LOW,46.21
HIST_001901,AST_000017,TRD,PREVENTIVE_MAINTENANCE,66.6,100.0,43.2,1,9,30,34,2,TRUE,TRUE,0.687,False,LOW,57.37
HIST_001902,AST_000034,ENGINEERING,CORRECTIVE_MAINTENANCE,82.4,0.0,25.1,2,9,150,130,0,FALSE,TRUE,0.73,False,MEDIUM,37.24
HIST_001903,AST_000001,ENGINEERING,INSPECTION,50.3,19.7,27.1,4,9,75,72,0,FALSE,TRUE,0.838,False,HIGH,36.69
HIST_001904,AST_000018,S&T,REPAIR,94.2,40.6,26.1,0,12,240,268,17,TRUE,FALSE,0.738,False,MEDIUM,51.13
HIST_001905,AST_000035,TRD,REPLACEMENT,84.2,100.0,23.3,2,7,60,67,4,TRUE,TRUE,0.88,True,HIGH,76.17
HIST_001906,AST_000002,TRD,TESTING,63.8,100.0,39.9,3,5,60,57,0,FALSE,TRUE,0.403,False,MEDIUM,59.62
HIST_001907,AST_000019,ENGINEERING,PREVENTIVE_MAINTENANCE,79.6,42.0,22.7,5,12,120,101,0,FALSE,TRUE,0.351,False,LOW,42.67
HIST_001908,AST_000036,S&T,CORRECTIVE_MAINTENANCE,78.2,100.0,44.8,5,2,240,278,23,TRUE,TRUE,0.29,False,HIGH,68.67
HIST_001909,AST_000003,S&T,INSPECTION,55.7,0.0,54.3,3,7,30,33,2,TRUE,TRUE,0.619,False,MEDIUM,35.07
HIST_001910,AST_000020,TRD,REPAIR,63.2,77.6,28.3,4,1,90,99,5,TRUE,TRUE,0.834,False,MEDIUM,51.52
HIST_001911,AST_000037,ENGINEERING,REPLACEMENT,81.9,74.4,29.5,3,2,180,183,2,TRUE,TRUE,0.119,False,CRITICAL,64.07
HIST_001912,AST_000004,ENGINEERING,TESTING,87.4,100.0,43.6,4,7,120,123,2,TRUE,TRUE,0.443,True,CRITICAL,84.94
HIST_001913,AST_000021,S&T,PREVENTIVE_MAINTENANCE,42.9,17.6,48.8,2,12,30,31,1,TRUE,TRUE,0.486,False,MEDIUM,34.53
HIST_001914,AST_000038,TRD,CORRECTIVE_MAINTENANCE,95.1,86.1,40.6,0,9,180,216,22,TRUE,FALSE,0.563,False,MEDIUM,65.67
HIST_001915,AST_000005,TRD,INSPECTION,56.6,82.3,21.0,2,2,60,72,7,TRUE,TRUE,0.249,False,CRITICAL,56.76
HIST_001916,AST_000022,ENGINEERING,REPAIR,76.5,100.0,54.0,1,1,240,274,20,TRUE,TRUE,0.948,False,MEDIUM,66.25
HIST_001917,AST_000039,S&T,REPLACEMENT,91.8,100.0,44.8,2,6,60,48,0,FALSE,TRUE,0.91,False,MEDIUM,69.0
HIST_001918,AST_000006,S&T,TESTING,94.3,62.3,16.1,5,11,75,72,0,FALSE,TRUE,0.655,False,MEDIUM,54.58
HIST_001919,AST_000023,TRD,PREVENTIVE_MAINTENANCE,55.6,88.7,57.5,2,9,60,51,0,FALSE,TRUE,0.989,True,HIGH,71.61
HIST_001920,AST_000040,ENGINEERING,CORRECTIVE_MAINTENANCE,49.9,0.0,81.8,2,10,75,71,0,FALSE,TRUE,0.586,False,CRITICAL,46.33
HIST_001921,AST_000007,ENGINEERING,INSPECTION,52.8,17.5,37.0,3,3,120,120,0,FALSE,TRUE,0.786,False,LOW,31.36
HIST_001922,AST_000024,S&T,CORRECTIVE_MAINTENANCE,66.7,10.8,27.7,3,3,240,246,4,TRUE,TRUE,0.364,False,CRITICAL,43.25
HIST_001923,AST_000041,TRD,INSPECTION,89.8,100.0,51.7,2,6,90,100,6,TRUE,TRUE,0.737,False,LOW,66.03
HIST_001924,AST_000008,TRD,REPAIR,88.0,57.6,58.6,1,12,75,78,2,TRUE,TRUE,0.392,False,MEDIUM,60.02
HIST_001925,AST_000025,ENGINEERING,REPLACEMENT,94.7,98.7,40.5,0,2,180,182,1,TRUE,FALSE,0.344,False,HIGH,72.44
HIST_001926,AST_000042,S&T,TESTING,44.5,100.0,51.0,1,2,180,219,23,TRUE,TRUE,0.6,True,MEDIUM,66.05
HIST_001927,AST_000009,S&T,PREVENTIVE_MAINTENANCE,89.0,97.0,52.7,5,11,150,186,22,TRUE,TRUE,0.792,False,LOW,65.24
HIST_001928,AST_000026,TRD,CORRECTIVE_MAINTENANCE,79.3,0.0,22.1,1,1,75,78,2,TRUE,TRUE,0.61,False,HIGH,39.46
HIST_001929,AST_000043,ENGINEERING,INSPECTION,70.1,100.0,44.3,3,12,150,163,8,TRUE,TRUE,0.141,False,MEDIUM,62.39
HIST_001930,AST_000010,ENGINEERING,REPAIR,83.3,0.0,53.3,2,4,75,90,9,TRUE,TRUE,0.259,False,MEDIUM,43.15
HIST_001931,AST_000027,S&T,REPLACEMENT,50.8,3.4,52.9,2,9,30,25,0,FALSE,TRUE,0.984,False,HIGH,37.92
HIST_001932,AST_000044,TRD,TESTING,56.3,91.6,52.4,2,1,75,85,6,TRUE,TRUE,0.4,False,MEDIUM,57.77
HIST_001933,AST_000011,TRD,PREVENTIVE_MAINTENANCE,69.6,57.1,74.5,3,4,180,194,8,TRUE,TRUE,0.478,True,MEDIUM,67.56
HIST_001934,AST_000028,ENGINEERING,CORRECTIVE_MAINTENANCE,49.5,100.0,23.3,5,7,120,118,0,FALSE,TRUE,0.031,False,CRITICAL,59.51
HIST_001935,AST_000045,S&T,INSPECTION,42.3,100.0,26.5,1,3,180,162,0,FALSE,TRUE,0.153,False,LOW,46.74
HIST_001936,AST_000012,S&T,REPAIR,62.0,34.5,47.7,1,4,120,98,0,FALSE,TRUE,0.25,False,CRITICAL,51.77
HIST_001937,AST_000029,TRD,REPLACEMENT,88.2,100.0,20.6,2,4,30,36,4,TRUE,TRUE,0.172,False,HIGH,66.83
HIST_001938,AST_000046,ENGINEERING,TESTING,52.0,0.0,49.0,4,2,240,278,23,TRUE,TRUE,0.871,False,MEDIUM,32.9
HIST_001939,AST_000013,ENGINEERING,PREVENTIVE_MAINTENANCE,54.3,100.0,53.2,3,7,75,88,8,TRUE,TRUE,0.795,False,MEDIUM,59.43
HIST_001940,AST_000030,S&T,CORRECTIVE_MAINTENANCE,88.6,54.3,29.8,1,11,240,199,0,FALSE,TRUE,0.232,True,LOW,59.87
HIST_001941,AST_000047,TRD,INSPECTION,84.5,89.4,26.8,2,2,180,193,8,TRUE,TRUE,0.17,False,HIGH,64.31
HIST_001942,AST_000014,TRD,REPAIR,44.4,1.6,63.6,4,2,60,62,1,TRUE,TRUE,0.468,False,LOW,30.19
HIST_001943,AST_000031,ENGINEERING,REPLACEMENT,40.4,11.6,58.3,3,12,240,247,4,TRUE,TRUE,0.435,False,MEDIUM,34.18
HIST_001944,AST_000048,S&T,TESTING,56.3,100.0,33.3,5,1,90,103,8,TRUE,TRUE,0.932,False,CRITICAL,63.55
HIST_001945,AST_000015,S&T,PREVENTIVE_MAINTENANCE,53.9,29.9,68.0,5,12,60,60,0,FALSE,TRUE,0.166,False,MEDIUM,44.74
HIST_001946,AST_000032,TRD,CORRECTIVE_MAINTENANCE,72.1,0.0,54.6,3,6,240,271,19,TRUE,TRUE,0.557,False,HIGH,43.8
HIST_001947,AST_000049,ENGINEERING,INSPECTION,67.6,81.9,53.4,2,3,150,139,0,FALSE,TRUE,0.331,True,LOW,65.19
HIST_001948,AST_000016,ENGINEERING,CORRECTIVE_MAINTENANCE,55.3,100.0,47.3,5,10,61,74,8,TRUE,TRUE,0.26,False,LOW,54.8
HIST_001949,AST_000033,S&T,INSPECTION,80.7,96.8,17.5,0,8,240,274,20,TRUE,FALSE,0.044,False,MEDIUM,59.41
HIST_001950,AST_000050,TRD,REPAIR,88.2,57.0,30.9,4,6,180,198,11,TRUE,TRUE,0.328,False,MEDIUM,54.39
HIST_001951,AST_000017,TRD,REPLACEMENT,66.6,100.0,44.2,1,6,60,62,1,TRUE,TRUE,0.764,False,CRITICAL,68.82
HIST_001952,AST_000034,ENGINEERING,TESTING,82.4,99.0,26.0,5,2,75,89,8,TRUE,TRUE,0.937,False,MEDIUM,62.17
HIST_001953,AST_000001,ENGINEERING,PREVENTIVE_MAINTENANCE,50.3,100.0,28.8,4,4,60,51,0,FALSE,TRUE,0.264,False,LOW,49.6
HIST_001954,AST_000018,S&T,CORRECTIVE_MAINTENANCE,94.2,71.6,28.3,3,1,150,172,13,TRUE,TRUE,0.791,True,MEDIUM,69.32
HIST_001955,AST_000035,TRD,INSPECTION,84.2,100.0,26.0,5,11,75,88,8,TRUE,TRUE,0.726,False,MEDIUM,62.96
HIST_001956,AST_000002,TRD,REPAIR,63.8,10.9,40.2,0,1,90,87,0,FALSE,FALSE,0.616,False,LOW,33.66
HIST_001957,AST_000019,ENGINEERING,REPLACEMENT,79.6,71.1,21.3,2,2,75,85,6,TRUE,TRUE,0.149,False,HIGH,57.16
HIST_001958,AST_000036,S&T,TESTING,78.2,94.5,54.3,2,12,45,46,1,TRUE,TRUE,0.307,False,LOW,61.7
HIST_001959,AST_000003,S&T,PREVENTIVE_MAINTENANCE,55.7,75.5,52.8,1,6,90,83,0,FALSE,TRUE,0.415,False,MEDIUM,53.65
HIST_001960,AST_000020,TRD,CORRECTIVE_MAINTENANCE,63.2,100.0,29.2,4,8,75,86,7,TRUE,TRUE,0.046,False,CRITICAL,64.8
HIST_001961,AST_000037,ENGINEERING,INSPECTION,81.9,54.4,41.5,1,12,75,82,4,TRUE,TRUE,0.107,True,LOW,60.22
HIST_001962,AST_000004,ENGINEERING,REPAIR,87.4,100.0,43.9,5,7,75,71,0,FALSE,TRUE,0.855,False,HIGH,71.25
HIST_001963,AST_000021,S&T,REPLACEMENT,42.9,0.0,45.7,5,11,30,34,2,TRUE,TRUE,0.791,False,CRITICAL,37.01
HIST_001964,AST_000038,TRD,TESTING,95.1,100.0,44.3,1,2,45,43,0,FALSE,TRUE,0.917,False,CRITICAL,77.39
HIST_001965,AST_000005,TRD,PREVENTIVE_MAINTENANCE,56.6,66.7,11.2,3,10,120,143,14,TRUE,TRUE,0.683,False,CRITICAL,50.9
HIST_001966,AST_000022,ENGINEERING,CORRECTIVE_MAINTENANCE,76.5,51.8,53.6,2,12,45,41,0,FALSE,TRUE,0.829,False,CRITICAL,61.62
HIST_001967,AST_000039,S&T,INSPECTION,91.8,15.5,41.4,4,3,180,146,0,FALSE,TRUE,0.969,False,MEDIUM,47.2
HIST_001968,AST_000006,S&T,REPAIR,94.3,0.0,14.0,4,9,75,80,3,TRUE,TRUE,0.671,True,LOW,44.84
HIST_001969,AST_000023,TRD,REPLACEMENT,55.6,24.2,62.7,1,12,30,32,1,TRUE,TRUE,0.755,False,HIGH,46.52
HIST_001970,AST_000040,ENGINEERING,TESTING,49.9,75.5,71.1,1,6,75,68,0,FALSE,TRUE,0.818,False,CRITICAL,63.06
HIST_001971,AST_000007,ENGINEERING,PREVENTIVE_MAINTENANCE,52.8,20.3,42.5,4,10,75,76,1,TRUE,TRUE,0.072,False,CRITICAL,44.41
HIST_001972,AST_000024,S&T,CORRECTIVE_MAINTENANCE,66.7,0.0,22.4,4,4,90,83,0,FALSE,TRUE,0.426,False,HIGH,35.74
HIST_001973,AST_000041,TRD,INSPECTION,89.8,100.0,51.6,2,2,150,175,15,TRUE,TRUE,0.449,False,MEDIUM,69.76
HIST_001974,AST_000008,TRD,CORRECTIVE_MAINTENANCE,88.0,10.5,59.8,1,3,60,69,5,TRUE,TRUE,0.792,False,LOW,44.73
HIST_001975,AST_000025,ENGINEERING,INSPECTION,94.7,71.1,33.7,3,12,45,48,2,TRUE,TRUE,0.586,True,LOW,66.68
HIST_001976,AST_000042,S&T,REPAIR,44.5,42.4,38.7,5,2,120,114,0,FALSE,TRUE,0.62,False,HIGH,42.94
HIST_001977,AST_000009,S&T,REPLACEMENT,89.0,0.0,60.6,3,6,30,30,0,FALSE,TRUE,0.71,False,HIGH,50.07
HIST_001978,AST_000026,TRD,TESTING,79.3,77.7,17.8,3,8,240,247,4,TRUE,TRUE,0.848,False,CRITICAL,61.78
HIST_001979,AST_000043,ENGINEERING,PREVENTIVE_MAINTENANCE,70.1,0.0,44.0,2,3,120,145,15,TRUE,TRUE,0.584,False,CRITICAL,44.83
HIST_001980,AST_000010,ENGINEERING,CORRECTIVE_MAINTENANCE,83.3,100.0,42.3,3,8,180,149,0,FALSE,TRUE,0.823,False,LOW,62.2
HIST_001981,AST_000027,S&T,INSPECTION,50.8,24.5,60.7,4,3,45,54,5,TRUE,TRUE,0.351,False,HIGH,44.75
HIST_001982,AST_000044,TRD,REPAIR,56.3,100.0,49.2,5,7,60,69,5,TRUE,TRUE,0.096,True,CRITICAL,76.73
HIST_001983,AST_000011,TRD,REPLACEMENT,69.6,98.8,66.3,1,12,240,208,0,FALSE,TRUE,0.763,False,HIGH,70.09
HIST_001984,AST_000028,ENGINEERING,TESTING,49.5,96.7,31.2,3,11,90,89,0,FALSE,TRUE,0.099,False,LOW,49.02
HIST_001985,AST_000045,S&T,PREVENTIVE_MAINTENANCE,42.3,100.0,24.6,4,3,75,63,0,FALSE,TRUE,0.953,False,CRITICAL,57.61
HIST_001986,AST_000012,S&T,CORRECTIVE_MAINTENANCE,62.0,100.0,43.8,3,10,180,163,0,FALSE,TRUE,0.902,False,MEDIUM,59.86
HIST_001987,AST_000029,TRD,INSPECTION,88.2,92.9,25.1,5,5,90,78,0,FALSE,TRUE,0.909,False,HIGH,65.96
HIST_001988,AST_000046,ENGINEERING,REPAIR,52.0,40.2,56.4,2,8,30,34,2,TRUE,TRUE,0.469,False,LOW,40.68
HIST_001989,AST_000013,ENGINEERING,REPLACEMENT,54.3,33.1,58.0,4,12,60,65,3,TRUE,TRUE,0.282,True,HIGH,57.41
HIST_001990,AST_000030,S&T,TESTING,88.6,16.7,24.1,2,1,75,72,0,FALSE,TRUE,0.186,False,MEDIUM,43.08
HIST_001991,AST_000047,TRD,PREVENTIVE_MAINTENANCE,84.5,0.0,20.4,3,12,120,97,0,FALSE,TRUE,0.212,False,MEDIUM,36.93
HIST_001992,AST_000014,TRD,CORRECTIVE_MAINTENANCE,44.4,100.0,66.0,0,7,180,196,10,TRUE,FALSE,0.554,False,MEDIUM,59.02
HIST_001993,AST_000031,ENGINEERING,INSPECTION,40.4,100.0,50.0,2,7,120,144,14,TRUE,TRUE,0.587,False,HIGH,58.37
HIST_001994,AST_000048,S&T,REPAIR,56.3,65.4,35.2,3,3,180,174,0,FALSE,TRUE,0.4,False,MEDIUM,47.78
HIST_001995,AST_000015,S&T,REPLACEMENT,53.9,66.0,70.1,3,2,45,54,5,TRUE,TRUE,0.875,False,LOW,50.44
HIST_001996,AST_000032,TRD,TESTING,72.1,100.0,51.7,2,5,45,38,0,FALSE,TRUE,0.792,True,LOW,70.72
HIST_001997,AST_000049,ENGINEERING,PREVENTIVE_MAINTENANCE,67.6,100.0,49.6,5,6,150,133,0,FALSE,TRUE,0.31,False,MEDIUM,62.7
HIST_001998,AST_000016,ENGINEERING,CORRECTIVE_MAINTENANCE,55.3,0.2,47.4,0,1,90,99,5,TRUE,FALSE,0.848,False,CRITICAL,41.12
HIST_001999,AST_000033,S&T,INSPECTION,80.7,43.6,18.8,2,3,120,135,9,TRUE,TRUE,0.529,False,CRITICAL,53.87
HIST_002000,AST_000050,TRD,REPAIR,88.2,100.0,40.4,2,12,120,102,0,FALSE,TRUE,0.268,False,LOW,63.29
HIST_002001,AST_000017,TRD,INSPECTION,66.6,72.3,34.2,5,6,180,217,22,TRUE,TRUE,0.999,False,CRITICAL,59.89
HIST_002002,AST_000034,ENGINEERING,REPAIR,82.4,16.2,28.0,2,4,60,60,0,FALSE,TRUE,0.51,False,CRITICAL,49.37
HIST_002003,AST_000001,ENGINEERING,REPLACEMENT,50.3,0.4,27.4,1,6,180,149,0,FALSE,TRUE,0.294,True,CRITICAL,45.67
HIST_002004,AST_000018,S&T,TESTING,94.2,97.7,26.8,0,3,150,167,10,TRUE,FALSE,0.066,False,MEDIUM,65.55
HIST_002005,AST_000035,TRD,PREVENTIVE_MAINTENANCE,84.2,100.0,25.2,3,1,60,71,7,TRUE,TRUE,0.537,False,HIGH,66.55
HIST_002006,AST_000002,TRD,CORRECTIVE_MAINTENANCE,63.8,100.0,40.0,3,11,60,59,0,FALSE,TRUE,0.159,False,LOW,55.89
HIST_002007,AST_000019,ENGINEERING,INSPECTION,79.6,30.4,28.8,5,12,60,70,6,TRUE,TRUE,0.696,False,MEDIUM,44.74
HIST_002008,AST_000036,S&T,REPAIR,78.2,6.1,58.4,3,9,240,256,10,TRUE,TRUE,0.974,False,MEDIUM,44.16
HIST_002009,AST_000003,S&T,REPLACEMENT,55.7,89.5,64.4,4,9,45,53,5,TRUE,TRUE,0.866,False,CRITICAL,66.97
HIST_002010,AST_000020,TRD,TESTING,63.2,51.7,28.4,4,12,240,207,0,FALSE,TRUE,0.091,True,CRITICAL,62.56
HIST_002011,AST_000037,ENGINEERING,PREVENTIVE_MAINTENANCE,81.9,0.7,32.8,0,2,150,172,13,TRUE,FALSE,0.447,False,CRITICAL,46.3
HIST_002012,AST_000004,ENGINEERING,CORRECTIVE_MAINTENANCE,87.4,100.0,50.6,5,3,180,152,0,FALSE,TRUE,0.955,False,MEDIUM,68.84
HIST_002013,AST_000021,S&T,INSPECTION,42.9,21.7,49.7,2,4,240,204,0,FALSE,TRUE,0.301,False,MEDIUM,35.73
HIST_002014,AST_000038,TRD,REPAIR,95.1,99.4,36.0,0,9,240,194,0,FALSE,FALSE,0.223,False,MEDIUM,68.08
HIST_002015,AST_000005,TRD,REPLACEMENT,56.6,0.0,20.4,3,5,150,182,19,TRUE,TRUE,0.951,False,HIGH,32.31
HIST_002016,AST_000022,ENGINEERING,TESTING,76.5,22.5,50.9,1,11,240,267,16,TRUE,TRUE,0.132,False,LOW,42.5
HIST_002017,AST_000039,S&T,PREVENTIVE_MAINTENANCE,91.8,50.3,38.9,3,12,180,189,5,TRUE,TRUE,0.132,True,CRITICAL,72.89
HIST_002018,AST_000006,S&T,CORRECTIVE_MAINTENANCE,94.3,39.9,13.1,2,3,150,137,0,FALSE,TRUE,0.343,False,MEDIUM,48.38
HIST_002019,AST_000023,TRD,INSPECTION,55.6,36.5,58.2,0,11,180,168,0,FALSE,FALSE,0.119,False,HIGH,48.7
HIST_002020,AST_000040,ENGINEERING,REPAIR,49.9,49.9,70.1,4,4,75,69,0,FALSE,TRUE,0.336,False,HIGH,52.72
HIST_002021,AST_000007,ENGINEERING,REPLACEMENT,52.8,73.1,43.5,5,7,30,31,1,TRUE,TRUE,0.418,False,HIGH,54.06
HIST_002022,AST_000024,S&T,TESTING,66.7,12.0,19.5,0,12,60,74,8,TRUE,FALSE,0.066,False,LOW,30.66
HIST_002023,AST_000041,TRD,PREVENTIVE_MAINTENANCE,89.8,100.0,44.4,4,5,180,163,0,FALSE,TRUE,0.178,False,LOW,64.57
HIST_002024,AST_000008,TRD,CORRECTIVE_MAINTENANCE,88.0,97.6,58.6,1,9,240,232,0,FALSE,TRUE,0.108,True,MEDIUM,80.02
HIST_002025,AST_000025,ENGINEERING,INSPECTION,94.7,52.4,34.9,5,12,30,36,4,TRUE,TRUE,0.37,False,MEDIUM,55.99
HIST_002026,AST_000042,S&T,REPAIR,44.5,0.0,48.8,2,4,240,272,19,TRUE,TRUE,0.903,False,CRITICAL,38.11
HIST_002027,AST_000009,S&T,INSPECTION,89.0,47.3,64.9,1,3,30,30,0,FALSE,TRUE,0.301,False,MEDIUM,59.01
HIST_002028,AST_000026,TRD,REPAIR,79.3,14.6,21.0,4,12,180,209,17,TRUE,TRUE,0.294,False,CRITICAL,46.64
HIST_002029,AST_000043,ENGINEERING,REPLACEMENT,70.1,82.3,52.2,2,12,30,35,3,TRUE,TRUE,0.703,False,LOW,55.8
HIST_002030,AST_000010,ENGINEERING,TESTING,83.3,17.1,47.2,1,3,240,254,8,TRUE,TRUE,0.046,False,LOW,42.45
HIST_002031,AST_000027,S&T,PREVENTIVE_MAINTENANCE,50.8,0.0,50.4,5,1,120,128,5,TRUE,TRUE,0.524,True,MEDIUM,42.82
HIST_002032,AST_000044,TRD,CORRECTIVE_MAINTENANCE,56.3,100.0,41.6,1,1,60,70,6,TRUE,TRUE,0.862,False,HIGH,61.46
HIST_002033,AST_000011,TRD,INSPECTION,69.6,59.0,71.2,3,5,120,116,0,FALSE,TRUE,0.565,False,MEDIUM,57.37
HIST_002034,AST_000028,ENGINEERING,REPAIR,49.5,0.0,24.2,3,3,180,186,4,TRUE,TRUE,0.342,False,HIGH,30.94
HIST_002035,AST_000045,S&T,REPLACEMENT,42.3,68.1,19.7,5,10,45,49,2,TRUE,TRUE,0.438,False,CRITICAL,48.65
HIST_002036,AST_000012,S&T,TESTING,62.0,0.0,42.3,0,12,75,81,4,TRUE,FALSE,0.555,False,CRITICAL,42.06
HIST_002037,AST_000029,TRD,PREVENTIVE_MAINTENANCE,88.2,100.0,29.4,0,4,60,69,5,TRUE,FALSE,0.017,False,HIGH,68.59
HIST_002038,AST_000046,ENGINEERING,CORRECTIVE_MAINTENANCE,52.0,99.7,53.3,5,3,240,289,29,TRUE,TRUE,0.143,True,CRITICAL,76.19
HIST_002039,AST_000013,ENGINEERING,INSPECTION,54.3,42.9,53.3,5,5,120,117,0,FALSE,TRUE,0.004,False,HIGH,48.92
HIST_002040,AST_000030,S&T,REPAIR,88.6,80.3,24.4,1,4,150,137,0,FALSE,TRUE,0.948,False,MEDIUM,59.04
HIST_002041,AST_000047,TRD,REPLACEMENT,84.5,100.0,26.0,1,10,240,260,12,TRUE,TRUE,0.489,False,HIGH,66.8
HIST_002042,AST_000014,TRD,TESTING,44.4,2.2,72.9,4,7,90,110,12,TRUE,TRUE,0.186,False,HIGH,39.7
HIST_002043,AST_000031,ENGINEERING,PREVENTIVE_MAINTENANCE,40.4,21.8,50.1,0,7,30,33,2,TRUE,FALSE,0.644,False,CRITICAL,42.59
HIST_002044,AST_000048,S&T,CORRECTIVE_MAINTENANCE,56.3,0.0,25.0,0,8,45,43,0,FALSE,FALSE,0.17,False,LOW,25.64
HIST_002045,AST_000015,S&T,INSPECTION,53.9,0.0,75.9,5,10,180,169,0,FALSE,TRUE,0.402,True,HIGH,52.6
HIST_002046,AST_000032,TRD,REPAIR,72.1,21.9,54.3,3,8,240,195,0,FALSE,TRUE,0.316,False,MEDIUM,45.46
HIST_002047,AST_000049,ENGINEERING,REPLACEMENT,67.6,21.4,56.0,3,7,90,104,8,TRUE,TRUE,0.426,False,HIGH,48.08
HIST_002048,AST_000016,ENGINEERING,TESTING,55.3,71.7,47.2,1,2,120,99,0,FALSE,TRUE,0.58,False,MEDIUM,51.45
HIST_002049,AST_000033,S&T,PREVENTIVE_MAINTENANCE,80.7,39.9,17.4,1,2,180,193,8,TRUE,TRUE,0.369,False,MEDIUM,45.16
HIST_002050,AST_000050,TRD,CORRECTIVE_MAINTENANCE,88.2,0.0,34.1,4,11,240,293,32,TRUE,TRUE,0.693,False,CRITICAL,48.28
HIST_002051,AST_000017,TRD,INSPECTION,66.6,0.0,40.3,5,10,240,226,0,FALSE,TRUE,0.259,False,MEDIUM,35.54
HIST_002052,AST_000034,ENGINEERING,REPAIR,82.4,41.9,28.4,1,10,180,212,19,TRUE,TRUE,0.9,True,LOW,54.62
HIST_002053,AST_000001,ENGINEERING,INSPECTION,50.3,89.0,32.4,4,9,60,60,0,FALSE,TRUE,0.333,False,MEDIUM,51.32
HIST_002054,AST_000018,S&T,REPAIR,94.2,21.6,30.4,1,4,120,99,0,FALSE,TRUE,0.811,False,CRITICAL,54.74
HIST_002055,AST_000035,TRD,REPLACEMENT,84.2,0.0,30.6,1,7,45,36,0,FALSE,TRUE,0.908,False,CRITICAL,46.38
HIST_002056,AST_000002,TRD,TESTING,63.8,81.3,27.6,3,3,30,32,1,TRUE,TRUE,0.455,False,CRITICAL,59.98
HIST_002057,AST_000019,ENGINEERING,PREVENTIVE_MAINTENANCE,79.6,0.0,22.6,1,1,120,123,2,TRUE,TRUE,0.502,False,MEDIUM,35.9
HIST_002058,AST_000036,S&T,CORRECTIVE_MAINTENANCE,78.2,100.0,45.0,2,1,75,76,1,TRUE,TRUE,0.455,False,LOW,61.21
HIST_002059,AST_000003,S&T,INSPECTION,55.7,59.7,53.8,2,7,30,35,3,TRUE,TRUE,0.745,True,LOW,56.15
HIST_002060,AST_000020,TRD,REPAIR,63.2,100.0,21.4,5,1,150,129,0,FALSE,TRUE,0.954,False,CRITICAL,63.24
HIST_002061,AST_000037,ENGINEERING,REPLACEMENT,81.9,47.5,38.0,0,7,120,112,0,FALSE,FALSE,0.62,False,HIGH,55.3
HIST_002062,AST_000004,ENGINEERING,TESTING,87.4,0.0,53.9,5,10,90,99,5,TRUE,TRUE,0.105,False,HIGH,48.25
HIST_002063,AST_000021,S&T,PREVENTIVE_MAINTENANCE,42.9,0.0,38.5,0,4,240,199,0,FALSE,FALSE,0.244,False,LOW,24.32
HIST_002064,AST_000038,TRD,CORRECTIVE_MAINTENANCE,95.1,55.1,47.7,5,2,240,255,9,TRUE,TRUE,0.637,False,HIGH,63.09
HIST_002065,AST_000005,TRD,INSPECTION,56.6,89.5,23.2,4,3,90,88,0,FALSE,TRUE,0.528,False,HIGH,55.25
HIST_002066,AST_000022,ENGINEERING,REPAIR,76.5,48.9,61.9,1,2,90,101,7,TRUE,TRUE,0.818,True,HIGH,68.81
HIST_002067,AST_000039,S&T,REPLACEMENT,91.8,55.6,37.9,3,8,60,63,2,TRUE,TRUE,0.997,False,LOW,52.77
HIST_002068,AST_000006,S&T,TESTING,94.3,0.0,16.1,0,11,45,51,4,TRUE,FALSE,0.489,False,CRITICAL,46.51
HIST_002069,AST_000023,TRD,PREVENTIVE_MAINTENANCE,55.6,0.0,58.2,4,9,75,77,1,TRUE,TRUE,0.181,False,CRITICAL,43.32
HIST_002070,AST_000040,ENGINEERING,CORRECTIVE_MAINTENANCE,49.9,100.0,72.2,5,10,240,242,1,TRUE,TRUE,0.409,False,CRITICAL,69.41
HIST_002071,AST_000007,ENGINEERING,INSPECTION,52.8,100.0,44.5,3,2,30,33,2,TRUE,TRUE,0.587,False,LOW,53.49
HIST_002072,AST_000024,S&T,REPAIR,66.7,23.7,22.2,3,9,120,110,0,FALSE,TRUE,0.444,False,LOW,34.12
HIST_002073,AST_000041,TRD,REPLACEMENT,89.8,0.0,48.6,5,5,150,184,20,TRUE,TRUE,0.75,True,CRITICAL,61.66
HIST_002074,AST_000008,TRD,TESTING,88.0,29.6,68.3,3,10,90,88,0,FALSE,TRUE,0.4,False,CRITICAL,62.46
HIST_002075,AST_000025,ENGINEERING,PREVENTIVE_MAINTENANCE,94.7,20.5,34.8,0,3,30,31,1,TRUE,FALSE,0.702,False,HIGH,51.74
HIST_002076,AST_000042,S&T,CORRECTIVE_MAINTENANCE,44.5,27.9,43.2,4,6,45,45,0,FALSE,TRUE,0.237,False,MEDIUM,36.47
HIST_002077,AST_000009,S&T,INSPECTION,89.0,88.5,53.1,0,12,180,218,23,TRUE,FALSE,0.029,False,MEDIUM,66.95
HIST_002078,AST_000026,TRD,REPAIR,79.3,84.3,27.4,0,3,75,76,1,TRUE,FALSE,0.058,False,CRITICAL,65.34
HIST_002079,AST_000043,ENGINEERING,INSPECTION,70.1,100.0,43.2,5,5,90,100,6,TRUE,TRUE,0.139,False,LOW,58.42
HIST_002080,AST_000010,ENGINEERING,REPAIR,83.3,0.0,43.6,1,6,180,148,0,FALSE,TRUE,0.085,True,MEDIUM,51.21
HIST_002081,AST_000027,S&T,REPLACEMENT,50.8,2.3,49.7,3,5,150,181,19,TRUE,TRUE,0.587,False,LOW,29.5
HIST_002082,AST_000044,TRD,TESTING,56.3,6.1,53.9,5,2,90,104,8,TRUE,TRUE,0.882,False,MEDIUM,36.69
HIST_002083,AST_000011,TRD,PREVENTIVE_MAINTENANCE,69.6,86.6,70.2,2,6,75,72,0,FALSE,TRUE,0.232,False,LOW,60.32
HIST_002084,AST_000028,ENGINEERING,CORRECTIVE_MAINTENANCE,49.5,24.0,19.7,0,1,45,53,5,TRUE,FALSE,0.401,False,LOW,28.54
HIST_002085,AST_000045,S&T,INSPECTION,42.3,36.9,23.2,1,12,180,206,16,TRUE,TRUE,0.283,False,MEDIUM,34.05
HIST_002086,AST_000012,S&T,REPAIR,62.0,75.6,40.1,5,2,150,178,17,TRUE,TRUE,0.559,False,MEDIUM,53.02
HIST_002087,AST_000029,TRD,REPLACEMENT,88.2,15.0,23.4,5,3,75,86,7,TRUE,TRUE,0.035,True,MEDIUM,52.39
HIST_002088,AST_000046,ENGINEERING,TESTING,52.0,100.0,52.4,5,1,240,296,34,TRUE,TRUE,0.924,False,MEDIUM,58.58
HIST_002089,AST_000013,ENGINEERING,PREVENTIVE_MAINTENANCE,54.3,23.3,54.7,3,7,240,241,1,TRUE,TRUE,0.863,False,LOW,36.8
HIST_002090,AST_000030,S&T,CORRECTIVE_MAINTENANCE,88.6,53.8,28.6,3,4,90,98,5,TRUE,TRUE,0.886,False,CRITICAL,60.75
HIST_002091,AST_000047,TRD,INSPECTION,84.5,95.5,25.4,5,8,240,246,4,TRUE,TRUE,0.353,False,MEDIUM,61.8
HIST_002092,AST_000014,TRD,REPAIR,44.4,2.5,63.3,1,3,60,53,0,FALSE,TRUE,0.337,False,LOW,30.35
HIST_002093,AST_000031,ENGINEERING,REPLACEMENT,40.4,97.8,58.9,0,4,180,191,7,TRUE,FALSE,0.035,False,CRITICAL,63.35
HIST_002094,AST_000048,S&T,TESTING,56.3,78.7,26.5,4,5,180,221,25,TRUE,TRUE,0.214,True,MEDIUM,59.36
HIST_002095,AST_000015,S&T,PREVENTIVE_MAINTENANCE,53.9,0.0,71.6,2,7,240,239,0,FALSE,TRUE,0.566,False,MEDIUM,37.99
HIST_002096,AST_000032,TRD,CORRECTIVE_MAINTENANCE,72.1,39.7,54.3,2,2,180,220,24,TRUE,TRUE,0.241,False,LOW,46.16
HIST_002097,AST_000049,ENGINEERING,INSPECTION,67.6,39.7,46.0,0,4,180,193,8,TRUE,FALSE,0.07,False,CRITICAL,54.41
HIST_002098,AST_000016,ENGINEERING,REPAIR,55.3,86.9,57.3,0,10,60,65,3,TRUE,FALSE,0.454,False,MEDIUM,57.27
HIST_002099,AST_000033,S&T,REPLACEMENT,80.7,37.5,25.9,0,9,180,153,0,FALSE,FALSE,0.81,False,MEDIUM,46.27
HIST_002100,AST_000050,TRD,TESTING,88.2,53.8,34.8,5,3,150,153,2,TRUE,TRUE,0.409,False,LOW,50.62
HIST_002101,AST_000017,TRD,PREVENTIVE_MAINTENANCE,66.6,0.0,43.3,1,9,180,177,0,FALSE,TRUE,0.692,True,HIGH,49.89
HIST_002102,AST_000034,ENGINEERING,CORRECTIVE_MAINTENANCE,82.4,98.7,19.5,0,4,240,243,2,TRUE,FALSE,0.174,False,MEDIUM,60.8
HIST_002103,AST_000001,ENGINEERING,INSPECTION,50.3,48.1,33.1,1,2,90,77,0,FALSE,TRUE,0.437,False,MEDIUM,41.23
HIST_002104,AST_000018,S&T,REPAIR,94.2,100.0,23.8,5,8,75,91,10,TRUE,TRUE,0.496,False,CRITICAL,73.02
HIST_002105,AST_000035,TRD,REPLACEMENT,84.2,14.6,18.3,2,3,90,79,0,FALSE,TRUE,0.065,False,CRITICAL,47.57
HIST_002106,AST_000002,TRD,REPAIR,63.8,3.6,29.0,0,12,120,146,16,TRUE,FALSE,0.583,False,MEDIUM,33.34
HIST_002107,AST_000019,ENGINEERING,REPLACEMENT,79.6,100.0,25.8,3,12,240,213,0,FALSE,TRUE,0.639,False,MEDIUM,61.54
HIST_002108,AST_000036,S&T,TESTING,78.2,19.9,57.2,3,3,45,39,0,FALSE,TRUE,0.173,True,LOW,53.62
HIST_002109,AST_000003,S&T,PREVENTIVE_MAINTENANCE,55.7,58.8,59.0,3,6,60,70,6,TRUE,TRUE,0.572,False,CRITICAL,58.21
HIST_002110,AST_000020,TRD,CORRECTIVE_MAINTENANCE,63.2,100.0,28.4,4,6,90,93,2,TRUE,TRUE,0.222,False,MEDIUM,57.14
HIST_002111,AST_000037,ENGINEERING,INSPECTION,81.9,0.0,41.4,0,5,90,96,4,TRUE,FALSE,0.25,False,HIGH,44.1
HIST_002112,AST_000004,ENGINEERING,REPAIR,87.4,0.0,50.5,1,6,150,130,0,FALSE,TRUE,0.49,False,MEDIUM,43.82
HIST_002113,AST_000021,S&T,REPLACEMENT,42.9,42.6,48.2,0,11,150,122,0,FALSE,FALSE,0.094,False,LOW,36.91
HIST_002114,AST_000038,TRD,TESTING,95.1,14.2,45.8,5,9,120,122,1,TRUE,TRUE,0.54,False,HIGH,52.49
HIST_002115,AST_000005,TRD,PREVENTIVE_MAINTENANCE,56.6,87.2,18.3,4,2,30,32,1,TRUE,TRUE,0.608,True,CRITICAL,67.44
HIST_002116,AST_000022,ENGINEERING,CORRECTIVE_MAINTENANCE,76.5,0.0,58.4,2,2,180,187,4,TRUE,TRUE,0.974,False,LOW,38.38
HIST_002117,AST_000039,S&T,INSPECTION,91.8,25.8,40.5,5,3,180,204,14,TRUE,TRUE,0.493,False,MEDIUM,49.59
HIST_002118,AST_000006,S&T,REPAIR,94.3,84.0,22.6,5,4,90,103,8,TRUE,TRUE,0.481,False,LOW,57.56
HIST_002119,AST_000023,TRD,REPLACEMENT,55.6,56.8,56.1,5,10,240,212,0,FALSE,TRUE,0.299,False,CRITICAL,57.1
HIST_002120,AST_000040,ENGINEERING,TESTING,49.9,0.0,79.9,4,8,30,27,0,FALSE,TRUE,0.182,False,LOW,34.7
HIST_002121,AST_000007,ENGINEERING,PREVENTIVE_MAINTENANCE,52.8,11.2,40.9,4,9,150,143,0,FALSE,TRUE,0.842,False,MEDIUM,34.32
HIST_002122,AST_000024,S&T,CORRECTIVE_MAINTENANCE,66.7,77.8,22.5,2,1,120,101,0,FALSE,TRUE,0.041,True,CRITICAL,68.96
HIST_002123,AST_000041,TRD,INSPECTION,89.8,13.2,51.5,4,8,75,86,7,TRUE,TRUE,0.435,False,HIGH,51.79
HIST_002124,AST_000008,TRD,REPAIR,88.0,18.5,68.3,2,5,60,64,2,TRUE,TRUE,0.854,False,MEDIUM,52.19
HIST_002125,AST_000025,ENGINEERING,REPLACEMENT,94.7,93.9,32.3,5,10,150,183,20,TRUE,TRUE,0.91,False,HIGH,69.59
HIST_002126,AST_000042,S&T,TESTING,44.5,0.0,46.5,3,11,30,29,0,FALSE,TRUE,0.536,False,MEDIUM,30.15
HIST_002127,AST_000009,S&T,PREVENTIVE_MAINTENANCE,89.0,100.0,63.0,1,1,90,92,1,TRUE,TRUE,0.715,False,HIGH,75.55
HIST_002128,AST_000026,TRD,CORRECTIVE_MAINTENANCE,79.3,56.1,25.7,1,6,45,42,0,FALSE,TRUE,0.405,False,MEDIUM,50.45
HIST_002129,AST_000043,ENGINEERING,INSPECTION,70.1,93.2,44.1,2,1,180,159,0,FALSE,TRUE,0.972,True,CRITICAL,78.15
HIST_002130,AST_000010,ENGINEERING,REPAIR,83.3,43.8,52.7,3,3,240,252,7,TRUE,TRUE,0.703,False,CRITICAL,61.48
HIST_002131,AST_000027,S&T,REPLACEMENT,50.8,50.5,56.4,0,10,150,173,14,TRUE,FALSE,0.714,False,MEDIUM,46.64
HIST_002132,AST_000044,TRD,REPAIR,56.3,92.5,52.2,1,12,300,243,0,FALSE,TRUE,0.387,False,MEDIUM,57.95
HIST_002133,AST_000011,TRD,REPLACEMENT,69.6,0.0,72.1,0,5,75,87,7,TRUE,FALSE,0.054,False,HIGH,46.55
HIST_002134,AST_000028,ENGINEERING,TESTING,49.5,10.1,31.0,4,3,120,107,0,FALSE,TRUE,0.15,False,CRITICAL,38.58
HIST_002135,AST_000045,S&T,PREVENTIVE_MAINTENANCE,42.3,100.0,27.0,0,5,90,90,0,FALSE,FALSE,0.895,False,MEDIUM,50.59
HIST_002136,AST_000012,S&T,CORRECTIVE_MAINTENANCE,62.0,100.0,43.5,1,8,150,121,0,FALSE,TRUE,0.723,True,CRITICAL,77.3
HIST_002137,AST_000029,TRD,INSPECTION,88.2,19.2,26.8,2,2,90,90,0,FALSE,TRUE,0.953,False,LOW,40.37
HIST_002138,AST_000046,ENGINEERING,REPAIR,52.0,0.0,50.4,1,3,120,113,0,FALSE,TRUE,0.794,False,LOW,29.43
HIST_002139,AST_000013,ENGINEERING,REPLACEMENT,54.3,100.0,53.2,0,3,30,28,0,FALSE,FALSE,0.081,False,CRITICAL,66.93
HIST_002140,AST_000030,S&T,TESTING,88.6,100.0,24.9,5,11,60,63,2,TRUE,TRUE,0.298,False,MEDIUM,64.06
HIST_002141,AST_000047,TRD,PREVENTIVE_MAINTENANCE,84.5,13.9,14.9,2,9,30,29,0,FALSE,TRUE,0.364,False,HIGH,43.05
HIST_002142,AST_000014,TRD,CORRECTIVE_MAINTENANCE,44.4,50.2,65.8,5,12,60,73,8,TRUE,TRUE,0.755,False,LOW,42.78
HIST_002143,AST_000031,ENGINEERING,INSPECTION,40.4,97.2,54.1,1,10,60,63,2,TRUE,TRUE,0.646,True,MEDIUM,64.74
HIST_002144,AST_000048,S&T,REPAIR,56.3,0.0,37.4,2,9,180,220,24,TRUE,TRUE,0.544,False,LOW,28.12
HIST_002145,AST_000015,S&T,REPLACEMENT,53.9,100.0,72.1,2,10,30,33,2,TRUE,TRUE,0.657,False,MEDIUM,63.09
HIST_002146,AST_000032,TRD,TESTING,72.1,0.0,50.4,5,2,90,88,0,FALSE,TRUE,0.563,False,LOW,35.46
HIST_002147,AST_000049,ENGINEERING,PREVENTIVE_MAINTENANCE,67.6,100.0,59.3,0,11,75,75,0,FALSE,FALSE,0.214,False,CRITICAL,72.14
HIST_002148,AST_000016,ENGINEERING,CORRECTIVE_MAINTENANCE,55.3,72.7,46.2,4,8,90,109,11,TRUE,TRUE,0.778,False,LOW,47.76
HIST_002149,AST_000033,S&T,INSPECTION,80.7,51.2,25.4,0,4,60,66,4,TRUE,FALSE,0.669,False,MEDIUM,49.59
HIST_002150,AST_000050,TRD,REPAIR,88.2,100.0,39.7,5,12,150,134,0,FALSE,TRUE,0.272,True,MEDIUM,76.9
HIST_002151,AST_000017,TRD,REPLACEMENT,66.6,20.3,40.2,3,6,180,187,4,TRUE,TRUE,0.479,False,CRITICAL,48.09
HIST_002152,AST_000034,ENGINEERING,TESTING,82.4,53.7,20.5,2,12,240,297,34,TRUE,TRUE,0.441,False,CRITICAL,57.25
HIST_002153,AST_000001,ENGINEERING,PREVENTIVE_MAINTENANCE,50.3,59.5,27.4,2,3,240,201,0,FALSE,TRUE,0.79,False,CRITICAL,50.44
HIST_002154,AST_000018,S&T,CORRECTIVE_MAINTENANCE,94.2,19.6,21.5,5,5,90,98,5,TRUE,TRUE,0.795,False,CRITICAL,52.46
HIST_002155,AST_000035,TRD,INSPECTION,84.2,32.3,31.3,2,12,240,193,0,FALSE,TRUE,0.231,False,HIGH,50.84
HIST_002156,AST_000002,TRD,REPAIR,63.8,24.3,32.5,0,1,90,109,11,TRUE,FALSE,0.449,False,CRITICAL,46.71
HIST_002157,AST_000019,ENGINEERING,REPLACEMENT,79.6,8.5,20.1,5,9,240,243,2,TRUE,TRUE,0.994,True,HIGH,51.27
HIST_002158,AST_000036,S&T,REPAIR,78.2,100.0,53.3,5,4,180,202,13,TRUE,TRUE,0.646,False,MEDIUM,66.62
HIST_002159,AST_000003,S&T,REPLACEMENT,55.7,0.0,55.5,4,10,120,138,11,TRUE,TRUE,0.802,False,CRITICAL,42.81
HIST_002160,AST_000020,TRD,TESTING,63.2,0.0,25.6,2,11,90,93,2,TRUE,TRUE,0.524,False,MEDIUM,31.58
HIST_002161,AST_000037,ENGINEERING,PREVENTIVE_MAINTENANCE,81.9,78.5,35.6,0,3,120,139,11,TRUE,FALSE,0.953,False,LOW,55.06
HIST_002162,AST_000004,ENGINEERING,CORRECTIVE_MAINTENANCE,87.4,100.0,48.2,2,12,75,83,5,TRUE,TRUE,0.746,False,CRITICAL,75.86
HIST_002163,AST_000021,S&T,INSPECTION,42.9,42.6,45.7,3,8,30,26,0,FALSE,TRUE,0.124,False,MEDIUM,40.16
HIST_002164,AST_000038,TRD,REPAIR,95.1,90.1,39.8,3,8,90,101,7,TRUE,TRUE,0.576,True,LOW,72.76
HIST_002165,AST_000005,TRD,REPLACEMENT,56.6,100.0,21.1,2,8,75,76,1,TRUE,TRUE,0.417,False,LOW,49.95
HIST_002166,AST_000022,ENGINEERING,TESTING,76.5,94.8,55.1,4,11,150,157,4,TRUE,TRUE,0.421,False,HIGH,68.92
HIST_002167,AST_000039,S&T,PREVENTIVE_MAINTENANCE,91.8,11.8,42.5,3,12,90,92,1,TRUE,TRUE,0.204,False,LOW,42.74
HIST_002168,AST_000006,S&T,CORRECTIVE_MAINTENANCE,94.3,0.0,24.9,0,4,180,172,0,FALSE,FALSE,0.93,False,CRITICAL,48.27
HIST_002169,AST_000023,TRD,INSPECTION,55.6,58.2,56.0,4,7,180,195,9,TRUE,TRUE,0.706,False,HIGH,53.68
HIST_002170,AST_000040,ENGINEERING,REPAIR,49.9,45.9,76.1,5,2,120,134,8,TRUE,TRUE,0.459,False,LOW,45.41
HIST_002171,AST_000007,ENGINEERING,REPLACEMENT,52.8,100.0,40.5,2,6,240,273,20,TRUE,TRUE,0.826,True,MEDIUM,66.44
HIST_002172,AST_000024,S&T,TESTING,66.7,100.0,22.4,2,9,180,157,0,FALSE,TRUE,0.939,False,LOW,53.24
HIST_002173,AST_000041,TRD,PREVENTIVE_MAINTENANCE,89.8,0.0,54.0,1,3,60,57,0,FALSE,TRUE,0.715,False,MEDIUM,45.24
HIST_002174,AST_000008,TRD,CORRECTIVE_MAINTENANCE,88.0,0.0,64.3,4,3,150,185,21,TRUE,TRUE,0.919,False,MEDIUM,46.76
HIST_002175,AST_000025,ENGINEERING,INSPECTION,94.7,0.0,43.1,5,3,240,257,10,TRUE,TRUE,0.162,False,CRITICAL,52.03
HIST_002176,AST_000042,S&T,REPAIR,44.5,54.4,41.9,3,10,60,73,8,TRUE,TRUE,0.029,False,MEDIUM,42.83
HIST_002177,AST_000009,S&T,REPLACEMENT,89.0,32.1,57.4,4,4,30,25,0,FALSE,TRUE,0.004,False,CRITICAL,61.2
HIST_002178,AST_000026,TRD,TESTING,79.3,100.0,18.3,1,11,75,73,0,FALSE,TRUE,0.826,True,MEDIUM,69.95
HIST_002179,AST_000043,ENGINEERING,PREVENTIVE_MAINTENANCE,70.1,87.4,53.1,1,9,60,66,4,TRUE,TRUE,0.026,False,CRITICAL,68.5
HIST_002180,AST_000010,ENGINEERING,CORRECTIVE_MAINTENANCE,83.3,56.6,53.7,0,6,120,129,5,TRUE,FALSE,0.198,False,MEDIUM,57.38
HIST_002181,AST_000027,S&T,INSPECTION,50.8,0.0,50.2,5,5,75,90,9,TRUE,TRUE,0.253,False,LOW,29.03
HIST_002182,AST_000044,TRD,REPAIR,56.3,15.4,54.0,3,8,90,95,3,TRUE,TRUE,0.98,False,CRITICAL,46.54
HIST_002183,AST_000011,TRD,REPLACEMENT,69.6,28.6,65.4,0,11,75,68,0,FALSE,FALSE,0.042,False,HIGH,52.36
HIST_002184,AST_000028,ENGINEERING,TESTING,49.5,100.0,24.9,0,10,150,176,16,TRUE,FALSE,0.501,False,LOW,48.58
HIST_002185,AST_000045,S&T,REPLACEMENT,42.3,74.4,19.6,2,2,120,132,7,TRUE,TRUE,0.125,True,MEDIUM,52.71
HIST_002186,AST_000012,S&T,TESTING,62.0,91.4,51.3,2,4,120,112,0,FALSE,TRUE,0.588,False,HIGH,62.96
HIST_002187,AST_000029,TRD,PREVENTIVE_MAINTENANCE,88.2,0.0,30.1,2,2,90,98,5,TRUE,TRUE,0.933,False,CRITICAL,47.48
HIST_002188,AST_000046,ENGINEERING,CORRECTIVE_MAINTENANCE,52.0,36.4,49.6,0,2,45,41,0,FALSE,FALSE,0.753,False,HIGH,45.87
HIST_002189,AST_000013,ENGINEERING,INSPECTION,54.3,94.8,61.4,2,9,180,215,21,TRUE,TRUE,0.918,False,LOW,56.02
HIST_002190,AST_000030,S&T,REPAIR,88.6,100.0,27.8,0,2,120,120,0,FALSE,FALSE,0.6,False,CRITICAL,72.14
HIST_002191,AST_000047,TRD,REPLACEMENT,84.5,100.0,25.3,5,9,30,24,0,FALSE,TRUE,0.242,False,LOW,59.16
HIST_002192,AST_000014,TRD,TESTING,44.4,93.3,73.9,4,6,60,48,0,FALSE,TRUE,0.705,True,LOW,65.17
HIST_002193,AST_000031,ENGINEERING,PREVENTIVE_MAINTENANCE,40.4,73.8,55.7,4,8,90,108,11,TRUE,TRUE,0.871,False,MEDIUM,49.21
HIST_002194,AST_000048,S&T,CORRECTIVE_MAINTENANCE,56.3,100.0,31.7,2,6,180,154,0,FALSE,TRUE,0.18,False,HIGH,59.48
HIST_002195,AST_000015,S&T,INSPECTION,53.9,100.0,75.2,4,7,240,280,24,TRUE,TRUE,0.867,False,MEDIUM,63.71
HIST_002196,AST_000032,TRD,REPAIR,72.1,15.3,59.4,0,8,90,99,5,TRUE,FALSE,0.46,False,LOW,41.09
HIST_002197,AST_000049,ENGINEERING,REPLACEMENT,67.6,46.4,54.6,5,2,30,35,3,TRUE,TRUE,0.065,False,MEDIUM,50.3
HIST_002198,AST_000016,ENGINEERING,TESTING,55.3,65.7,56.1,2,10,180,172,0,FALSE,TRUE,0.666,False,CRITICAL,59.23
HIST_002199,AST_000033,S&T,PREVENTIVE_MAINTENANCE,80.7,0.0,15.5,2,2,240,297,34,TRUE,TRUE,0.146,True,MEDIUM,44.81
HIST_002200,AST_000050,TRD,CORRECTIVE_MAINTENANCE,88.2,0.0,34.1,2,12,60,52,0,FALSE,TRUE,0.992,False,MEDIUM,40.78
HIST_002201,AST_000017,TRD,INSPECTION,66.6,100.0,44.8,0,12,30,35,3,TRUE,FALSE,0.619,False,MEDIUM,61.44
HIST_002202,AST_000034,ENGINEERING,REPAIR,82.4,26.5,29.4,1,12,60,72,7,TRUE,TRUE,0.237,False,LOW,40.98
HIST_002203,AST_000001,ENGINEERING,REPLACEMENT,50.3,89.6,27.7,4,8,90,96,4,TRUE,TRUE,0.73,False,HIGH,54.28
HIST_002204,AST_000018,S&T,TESTING,94.2,32.7,23.6,5,6,90,75,0,FALSE,TRUE,0.664,False,CRITICAL,56.16
HIST_002205,AST_000035,TRD,PREVENTIVE_MAINTENANCE,84.2,25.8,31.4,4,6,90,91,1,TRUE,TRUE,0.301,False,CRITICAL,52.99
HIST_002206,AST_000002,TRD,CORRECTIVE_MAINTENANCE,63.8,11.3,32.8,1,1,60,72,7,TRUE,TRUE,0.956,True,CRITICAL,53.52
HIST_002207,AST_000019,ENGINEERING,INSPECTION,79.6,73.4,28.4,2,4,150,152,1,TRUE,TRUE,0.987,False,LOW,51.66
HIST_002208,AST_000036,S&T,REPAIR,78.2,7.9,57.3,1,6,150,176,16,TRUE,TRUE,0.178,False,LOW,40.65
HIST_002209,AST_000003,S&T,REPLACEMENT,55.7,71.6,63.8,0,5,30,26,0,FALSE,FALSE,0.57,False,MEDIUM,54.87
HIST_002210,AST_000020,TRD,TESTING,63.2,98.5,28.1,2,5,45,50,3,TRUE,TRUE,0.872,False,LOW,52.95
HIST_002211,AST_000037,ENGINEERING,REPLACEMENT,81.9,97.4,34.5,2,9,300,323,14,TRUE,TRUE,0.076,False,CRITICAL,70.82
HIST_002212,AST_000004,ENGINEERING,TESTING,87.4,100.0,55.9,4,11,240,288,29,TRUE,TRUE,0.099,False,LOW,66.15
HIST_002213,AST_000021,S&T,PREVENTIVE_MAINTENANCE,42.9,100.0,38.5,5,9,45,45,0,FALSE,TRUE,0.857,True,LOW,59.32
HIST_002214,AST_000038,TRD,CORRECTIVE_MAINTENANCE,95.1,100.0,36.6,0,7,120,135,9,TRUE,FALSE,0.826,False,MEDIUM,68.35
HIST_002215,AST_000005,TRD,INSPECTION,56.6,68.2,18.9,5,2,45,50,3,TRUE,TRUE,0.275,False,HIGH,49.06
HIST_002216,AST_000022,ENGINEERING,REPAIR,76.5,0.0,60.1,3,4,120,112,0,FALSE,TRUE,0.915,False,HIGH,46.22
HIST_002217,AST_000039,S&T,REPLACEMENT,91.8,97.1,34.1,5,4,90,97,4,TRUE,TRUE,0.061,False,HIGH,69.88
HIST_002218,AST_000006,S&T,TESTING,94.3,27.7,21.4,3,6,90,96,4,TRUE,TRUE,0.285,False,HIGH,50.74
HIST_002219,AST_000023,TRD,PREVENTIVE_MAINTENANCE,55.6,55.0,50.0,3,12,90,81,0,FALSE,TRUE,0.45,False,HIGH,51.68
HIST_002220,AST_000040,ENGINEERING,CORRECTIVE_MAINTENANCE,49.9,81.6,81.5,1,5,75,62,0,FALSE,TRUE,0.512,True,HIGH,72.92
HIST_002221,AST_000007,ENGINEERING,INSPECTION,52.8,0.0,45.9,5,1,75,87,7,TRUE,TRUE,0.706,False,LOW,28.77
HIST_002222,AST_000024,S&T,REPAIR,66.7,34.4,23.8,3,5,45,47,1,TRUE,TRUE,0.431,False,MEDIUM,40.87
HIST_002223,AST_000041,TRD,REPLACEMENT,89.8,100.0,43.6,5,8,180,177,0,FALSE,TRUE,0.124,False,HIGH,71.91
HIST_002224,AST_000008,TRD,TESTING,88.0,62.5,64.0,4,3,120,109,0,FALSE,TRUE,0.147,False,HIGH,66.08
HIST_002225,AST_000025,ENGINEERING,PREVENTIVE_MAINTENANCE,94.7,26.1,32.3,1,10,120,110,0,FALSE,TRUE,0.824,False,CRITICAL,56.4
HIST_002226,AST_000042,S&T,CORRECTIVE_MAINTENANCE,44.5,100.0,51.3,2,7,120,115,0,FALSE,TRUE,0.86,False,MEDIUM,56.11
HIST_002227,AST_000009,S&T,INSPECTION,89.0,0.0,63.5,1,6,75,66,0,FALSE,TRUE,0.149,True,MEDIUM,56.9
HIST_002228,AST_000026,TRD,REPAIR,79.3,100.0,21.5,3,5,120,111,0,FALSE,TRUE,0.47,False,CRITICAL,68.09
HIST_002229,AST_000043,ENGINEERING,REPLACEMENT,70.1,0.0,46.6,5,11,120,145,15,TRUE,TRUE,0.385,False,MEDIUM,37.85
HIST_002230,AST_000010,ENGINEERING,TESTING,83.3,100.0,49.0,2,5,75,63,0,FALSE,TRUE,0.412,False,MEDIUM,67.29
HIST_002231,AST_000027,S&T,PREVENTIVE_MAINTENANCE,50.8,100.0,56.0,5,9,240,230,0,FALSE,TRUE,0.821,False,CRITICAL,66.44
HIST_002232,AST_000044,TRD,CORRECTIVE_MAINTENANCE,56.3,57.9,50.0,3,7,90,94,2,TRUE,TRUE,0.632,False,LOW,45.11
HIST_002233,AST_000011,TRD,INSPECTION,69.6,100.0,64.2,0,3,120,150,18,TRUE,FALSE,0.501,False,HIGH,69.97
HIST_002234,AST_000028,ENGINEERING,REPAIR,49.5,38.0,24.9,3,2,180,188,5,TRUE,TRUE,0.235,True,HIGH,50.58
HIST_002235,AST_000045,S&T,REPLACEMENT,42.3,62.8,24.0,2,10,90,87,0,FALSE,TRUE,0.922,False,HIGH,44.44
HIST_002236,AST_000012,S&T,TESTING,62.0,0.0,44.2,1,11,90,84,0,FALSE,TRUE,0.063,False,MEDIUM,34.94
HIST_002237,AST_000029,TRD,REPLACEMENT,88.2,23.0,23.4,3,11,60,60,0,FALSE,TRUE,0.29,False,LOW,40.64
HIST_002238,AST_000046,ENGINEERING,TESTING,52.0,100.0,55.7,3,12,60,50,0,FALSE,TRUE,0.146,False,CRITICAL,66.74
HIST_002239,AST_000013,ENGINEERING,PREVENTIVE_MAINTENANCE,54.3,92.8,50.4,2,12,120,127,4,TRUE,TRUE,0.489,False,HIGH,60.82
HIST_002240,AST_000030,S&T,CORRECTIVE_MAINTENANCE,88.6,0.0,18.6,3,10,30,25,0,FALSE,TRUE,0.855,False,LOW,34.05
HIST_002241,AST_000047,TRD,INSPECTION,84.5,99.2,18.0,1,2,60,51,0,FALSE,TRUE,0.805,True,MEDIUM,71.25
HIST_002242,AST_000014,TRD,REPAIR,44.4,0.0,65.1,2,1,90,74,0,FALSE,TRUE,0.095,False,CRITICAL,41.34
HIST_002243,AST_000031,ENGINEERING,REPLACEMENT,40.4,0.0,59.2,1,5,240,278,23,TRUE,TRUE,0.666,False,LOW,27.71
HIST_002244,AST_000048,S&T,TESTING,56.3,84.8,30.3,3,9,30,37,4,TRUE,TRUE,0.79,False,MEDIUM,51.65
HIST_002245,AST_000015,S&T,PREVENTIVE_MAINTENANCE,53.9,18.4,76.8,0,3,30,32,1,TRUE,FALSE,0.113,False,MEDIUM,43.63
HIST_002246,AST_000032,TRD,CORRECTIVE_MAINTENANCE,72.1,17.0,54.3,5,3,120,110,0,FALSE,TRUE,0.555,False,HIGH,47.99
HIST_002247,AST_000049,ENGINEERING,INSPECTION,67.6,80.7,58.7,2,11,75,80,3,TRUE,TRUE,0.876,False,LOW,55.95
HIST_002248,AST_000016,ENGINEERING,REPAIR,55.3,61.1,47.6,4,7,240,218,0,FALSE,TRUE,0.757,True,CRITICAL,66.39
HIST_002249,AST_000033,S&T,REPLACEMENT,80.7,0.0,18.0,5,11,75,61,0,FALSE,TRUE,0.637,False,MEDIUM,35.31
HIST_002250,AST_000050,TRD,TESTING,88.2,9.1,32.7,4,4,75,89,8,TRUE,TRUE,0.598,False,MEDIUM,42.77
HIST_002251,AST_000017,TRD,PREVENTIVE_MAINTENANCE,66.6,14.4,37.6,1,10,90,101,7,TRUE,TRUE,0.085,False,MEDIUM,38.6
HIST_002252,AST_000034,ENGINEERING,CORRECTIVE_MAINTENANCE,82.4,22.2,21.4,5,5,90,82,0,FALSE,TRUE,0.169,False,HIGH,45.8
HIST_002253,AST_000001,ENGINEERING,INSPECTION,50.3,31.2,32.9,2,3,120,111,0,FALSE,TRUE,0.833,False,HIGH,40.72
HIST_002254,AST_000018,S&T,REPAIR,94.2,0.0,27.9,5,5,60,54,0,FALSE,TRUE,0.545,False,HIGH,45.09
HIST_002255,AST_000035,TRD,REPLACEMENT,84.2,74.8,26.3,3,1,240,216,0,FALSE,TRUE,0.275,True,MEDIUM,66.72
HIST_002256,AST_000002,TRD,TESTING,63.8,0.0,36.7,3,8,150,138,0,FALSE,TRUE,0.493,False,LOW,30.23
HIST_002257,AST_000019,ENGINEERING,PREVENTIVE_MAINTENANCE,79.6,0.0,20.5,5,6,30,36,4,TRUE,TRUE,0.286,False,MEDIUM,35.48
HIST_002258,AST_000036,S&T,CORRECTIVE_MAINTENANCE,78.2,67.0,45.1,0,4,60,56,0,FALSE,FALSE,0.421,False,HIGH,60.48
HIST_002259,AST_000003,S&T,INSPECTION,55.7,64.4,52.7,5,8,60,57,0,FALSE,TRUE,0.644,False,MEDIUM,50.85
HIST_002260,AST_000020,TRD,REPAIR,63.2,0.0,26.4,4,6,90,97,4,TRUE,TRUE,0.565,False,LOW,27.99
HIST_002261,AST_000037,ENGINEERING,REPLACEMENT,81.9,51.8,30.3,3,11,240,248,5,TRUE,TRUE,0.182,False,LOW,47.33
HIST_002262,AST_000004,ENGINEERING,TESTING,87.4,100.0,44.5,3,12,90,93,2,TRUE,TRUE,0.386,True,MEDIUM,77.62
HIST_002263,AST_000021,S&T,PREVENTIVE_MAINTENANCE,42.9,59.6,44.6,2,10,90,111,13,TRUE,TRUE,0.966,False,LOW,40.44
HIST_002264,AST_000038,TRD,TESTING,95.1,75.3,46.7,3,8,90,97,4,TRUE,TRUE,0.011,False,HIGH,67.94
HIST_002265,AST_000005,TRD,PREVENTIVE_MAINTENANCE,56.6,100.0,19.9,3,8,120,103,0,FALSE,TRUE,0.693,False,CRITICAL,60.96
HIST_002266,AST_000022,ENGINEERING,CORRECTIVE_MAINTENANCE,76.5,69.3,51.7,1,4,150,138,0,FALSE,TRUE,0.573,False,CRITICAL,65.62
HIST_002267,AST_000039,S&T,INSPECTION,91.8,26.2,36.3,2,10,90,89,0,FALSE,TRUE,0.034,False,MEDIUM,48.85
HIST_002268,AST_000006,S&T,REPAIR,94.3,59.8,25.7,5,3,60,56,0,FALSE,TRUE,0.171,False,CRITICAL,63.38
HIST_002269,AST_000023,TRD,REPLACEMENT,55.6,87.2,61.1,2,8,45,49,2,TRUE,TRUE,0.729,True,CRITICAL,75.7
HIST_002270,AST_000040,ENGINEERING,TESTING,49.9,95.4,74.7,0,5,180,193,8,TRUE,FALSE,0.542,False,CRITICAL,68.76
HIST_002271,AST_000007,ENGINEERING,PREVENTIVE_MAINTENANCE,52.8,50.4,44.2,1,6,150,158,5,TRUE,TRUE,0.602,False,MEDIUM,44.78
HIST_002272,AST_000024,S&T,CORRECTIVE_MAINTENANCE,66.7,58.3,21.3,5,4,120,123,2,TRUE,TRUE,0.712,False,HIGH,50.09
HIST_002273,AST_000041,TRD,INSPECTION,89.8,94.1,52.4,1,2,90,73,0,FALSE,TRUE,0.186,False,LOW,64.69
HIST_002274,AST_000008,TRD,REPAIR,88.0,88.9,68.3,1,9,150,154,2,TRUE,TRUE,0.617,False,LOW,66.03
HIST_002275,AST_000025,ENGINEERING,REPLACEMENT,94.7,37.3,39.9,3,9,180,156,0,FALSE,TRUE,0.381,False,HIGH,56.97
HIST_002276,AST_000042,S&T,TESTING,44.5,100.0,48.6,1,11,90,110,12,TRUE,TRUE,0.603,True,LOW,61.82
HIST_002277,AST_000009,S&T,PREVENTIVE_MAINTENANCE,89.0,0.0,57.2,2,10,120,102,0,FALSE,TRUE,0.243,False,CRITICAL,53.14
HIST_002278,AST_000026,TRD,CORRECTIVE_MAINTENANCE,79.3,80.9,28.4,5,1,90,84,0,FALSE,TRUE,0.785,False,MEDIUM,57.2
HIST_002279,AST_000043,ENGINEERING,INSPECTION,70.1,93.6,43.2,2,4,30,36,4,TRUE,TRUE,0.782,False,MEDIUM,60.57
HIST_002280,AST_000010,ENGINEERING,REPAIR,83.3,91.6,45.8,0,10,120,135,9,TRUE,FALSE,0.118,False,CRITICAL,72.05
HIST_002281,AST_000027,S&T,REPLACEMENT,50.8,24.1,60.9,3,4,240,251,7,TRUE,TRUE,0.588,False,MEDIUM,40.95
HIST_002282,AST_000044,TRD,TESTING,56.3,79.6,46.1,3,3,75,82,4,TRUE,TRUE,0.824,False,LOW,49.76
HIST_002283,AST_000011,TRD,PREVENTIVE_MAINTENANCE,69.6,54.1,74.0,5,4,150,152,1,TRUE,TRUE,0.591,True,LOW,62.95
HIST_002284,AST_000028,ENGINEERING,CORRECTIVE_MAINTENANCE,49.5,65.8,21.9,4,10,75,69,0,FALSE,TRUE,0.832,False,LOW,39.43
HIST_002285,AST_000045,S&T,INSPECTION,42.3,96.3,25.4,3,4,240,285,27,TRUE,TRUE,0.136,False,MEDIUM,49.34
HIST_002286,AST_000012,S&T,REPAIR,62.0,0.0,47.3,5,9,180,222,25,TRUE,TRUE,0.109,False,HIGH,39.31
HIST_002287,AST_000029,TRD,REPLACEMENT,88.2,100.0,17.3,0,5,60,66,4,TRUE,FALSE,0.418,False,CRITICAL,69.92
HIST_002288,AST_000046,ENGINEERING,TESTING,52.0,25.5,50.0,1,9,30,35,3,TRUE,TRUE,0.589,False,LOW,35.73
HIST_002289,AST_000013,ENGINEERING,PREVENTIVE_MAINTENANCE,54.3,0.0,62.4,4,7,120,117,0,FALSE,TRUE,0.954,False,LOW,32.52
HIST_002290,AST_000030,S&T,TESTING,88.6,94.9,27.9,5,6,300,279,0,FALSE,TRUE,0.729,True,HIGH,77.13
HIST_002291,AST_000047,TRD,PREVENTIVE_MAINTENANCE,84.5,0.0,15.9,1,3,150,156,4,TRUE,TRUE,0.376,False,HIGH,39.78
HIST_002292,AST_000014,TRD,CORRECTIVE_MAINTENANCE,44.4,100.0,74.4,0,8,180,179,0,FALSE,FALSE,0.061,False,CRITICAL,68.2
HIST_002293,AST_000031,ENGINEERING,INSPECTION,40.4,9.9,58.1,0,3,75,61,0,FALSE,FALSE,0.933,False,HIGH,37.47
HIST_002294,AST_000048,S&T,REPAIR,56.3,0.0,34.5,4,11,45,39,0,FALSE,TRUE,0.276,False,LOW,27.54
HIST_002295,AST_000015,S&T,REPLACEMENT,53.9,15.2,71.0,0,8,150,163,8,TRUE,FALSE,0.607,False,MEDIUM,41.67
HIST_002296,AST_000032,TRD,TESTING,72.1,54.8,55.7,5,5,60,60,0,FALSE,TRUE,0.421,False,CRITICAL,61.47
HIST_002297,AST_000049,ENGINEERING,PREVENTIVE_MAINTENANCE,67.6,68.9,59.7,4,2,45,46,1,TRUE,TRUE,0.068,True,LOW,63.19
HIST_002298,AST_000016,ENGINEERING,CORRECTIVE_MAINTENANCE,55.3,100.0,54.2,1,11,120,123,2,TRUE,TRUE,0.555,False,CRITICAL,67.43
HIST_002299,AST_000033,S&T,INSPECTION,80.7,100.0,27.9,3,12,90,77,0,FALSE,TRUE,0.107,False,LOW,58.54
HIST_002300,AST_000050,TRD,REPAIR,88.2,100.0,35.1,4,10,75,85,6,TRUE,TRUE,0.487,False,MEDIUM,65.98
HIST_002301,AST_000017,TRD,REPLACEMENT,66.6,0.0,38.2,4,9,240,245,3,TRUE,TRUE,0.643,False,LOW,31.37
HIST_002302,AST_000034,ENGINEERING,TESTING,82.4,31.1,24.6,3,11,60,63,2,TRUE,TRUE,0.754,False,MEDIUM,44.92
HIST_002303,AST_000001,ENGINEERING,PREVENTIVE_MAINTENANCE,50.3,100.0,27.6,4,11,60,72,7,TRUE,TRUE,0.793,False,HIGH,56.86
HIST_002304,AST_000018,S&T,CORRECTIVE_MAINTENANCE,94.2,100.0,32.2,3,12,30,35,3,TRUE,TRUE,0.37,True,CRITICAL,84.7
HIST_002305,AST_000035,TRD,INSPECTION,84.2,100.0,22.2,0,2,150,143,0,FALSE,FALSE,0.798,False,HIGH,65.95
HIST_002306,AST_000002,TRD,REPAIR,63.8,100.0,34.8,3,12,30,35,3,TRUE,TRUE,0.64,False,MEDIUM,58.6
HIST_002307,AST_000019,ENGINEERING,REPLACEMENT,79.6,100.0,18.1,3,5,150,126,0,FALSE,TRUE,0.884,False,HIGH,63.75
HIST_002308,AST_000036,S&T,TESTING,78.2,94.2,48.5,4,8,30,33,2,TRUE,TRUE,0.929,False,LOW,60.46
HIST_002309,AST_000003,S&T,PREVENTIVE_MAINTENANCE,55.7,17.4,61.0,2,11,60,48,0,FALSE,TRUE,0.013,False,HIGH,44.51
HIST_002310,AST_000020,TRD,CORRECTIVE_MAINTENANCE,63.2,57.5,30.5,5,9,240,237,0,FALSE,TRUE,0.663,False,MEDIUM,46.94
HIST_002311,AST_000037,ENGINEERING,INSPECTION,81.9,1.7,31.3,1,6,240,258,11,TRUE,TRUE,0.358,True,CRITICAL,56.26
HIST_002312,AST_000004,ENGINEERING,REPAIR,87.4,79.0,48.7,2,12,75,74,0,FALSE,TRUE,0.089,False,MEDIUM,63.21
HIST_002313,AST_000021,S&T,REPLACEMENT,42.9,45.5,44.3,5,10,240,281,25,TRUE,TRUE,0.78,False,CRITICAL,48.1
HIST_002314,AST_000038,TRD,TESTING,95.1,100.0,40.5,3,2,60,53,0,FALSE,TRUE,0.264,False,HIGH,72.88
HIST_002315,AST_000005,TRD,PREVENTIVE_MAINTENANCE,56.6,100.0,19.0,4,6,120,125,3,TRUE,TRUE,0.001,False,CRITICAL,60.78
HIST_002316,AST_000022,ENGINEERING,TESTING,76.5,9.3,56.3,5,3,180,182,1,TRUE,TRUE,0.08,False,HIGH,47.78
HIST_002317,AST_000039,S&T,PREVENTIVE_MAINTENANCE,91.8,48.5,36.2,5,12,90,95,3,TRUE,TRUE,0.744,False,MEDIUM,54.41
HIST_002318,AST_000006,S&T,CORRECTIVE_MAINTENANCE,94.3,6.9,16.0,1,10,150,124,0,FALSE,TRUE,0.581,True,HIGH,54.47
HIST_002319,AST_000023,TRD,INSPECTION,55.6,18.6,62.0,2,6,60,54,0,FALSE,TRUE,0.581,False,HIGH,44.98
HIST_002320,AST_000040,ENGINEERING,REPAIR,49.9,25.4,70.3,5,3,90,106,10,TRUE,TRUE,0.963,False,HIGH,46.63
HIST_002321,AST_000007,ENGINEERING,REPLACEMENT,52.8,100.0,35.2,3,4,180,179,0,FALSE,TRUE,0.319,False,HIGH,59.13
HIST_002322,AST_000024,S&T,TESTING,66.7,48.1,23.6,4,12,150,130,0,FALSE,TRUE,0.177,False,MEDIUM,44.26
HIST_002323,AST_000041,TRD,PREVENTIVE_MAINTENANCE,89.8,0.7,53.9,0,5,45,50,3,TRUE,FALSE,0.694,False,CRITICAL,52.89
HIST_002324,AST_000008,TRD,CORRECTIVE_MAINTENANCE,88.0,100.0,61.0,2,9,60,74,8,TRUE,TRUE,0.087,False,MEDIUM,71.1
HIST_002325,AST_000025,ENGINEERING,INSPECTION,94.7,100.0,40.4,4,6,180,186,4,TRUE,TRUE,0.91,True,MEDIUM,78.99
HIST_002326,AST_000042,S&T,REPAIR,44.5,100.0,49.8,4,8,180,188,5,TRUE,TRUE,0.113,False,CRITICAL,63.31
HIST_002327,AST_000009,S&T,REPLACEMENT,89.0,0.0,56.3,3,5,240,267,16,TRUE,TRUE,0.035,False,HIGH,49.21
HIST_002328,AST_000026,TRD,TESTING,79.3,59.5,27.8,0,3,60,52,0,FALSE,FALSE,0.99,False,MEDIUM,51.73
HIST_002329,AST_000043,ENGINEERING,PREVENTIVE_MAINTENANCE,70.1,32.6,45.2,2,9,90,97,4,TRUE,TRUE,0.976,False,MEDIUM,45.72
HIST_002330,AST_000010,ENGINEERING,CORRECTIVE_MAINTENANCE,83.3,40.9,46.2,2,11,75,86,7,TRUE,TRUE,0.578,False,HIGH,55.7
HIST_002331,AST_000027,S&T,INSPECTION,50.8,47.6,60.3,3,4,240,202,0,FALSE,TRUE,0.887,False,MEDIUM,46.7
HIST_002332,AST_000044,TRD,REPAIR,56.3,5.7,47.8,5,11,75,92,10,TRUE,TRUE,0.302,True,LOW,41.62
HIST_002333,AST_000011,TRD,REPLACEMENT,69.6,100.0,64.9,0,9,90,103,8,TRUE,FALSE,0.718,False,CRITICAL,73.86
HIST_002334,AST_000028,ENGINEERING,TESTING,49.5,0.0,27.7,4,9,30,37,4,TRUE,TRUE,0.969,False,MEDIUM,27.89
HIST_002335,AST_000045,S&T,PREVENTIVE_MAINTENANCE,42.3,43.1,29.7,0,8,75,68,0,FALSE,FALSE,0.349,False,MEDIUM,36.91
HIST_002336,AST_000012,S&T,CORRECTIVE_MAINTENANCE,62.0,73.4,46.4,2,12,90,88,0,FALSE,TRUE,0.124,False,CRITICAL,61.23
HIST_002337,AST_000029,TRD,INSPECTION,88.2,100.0,18.3,1,2,150,142,0,FALSE,TRUE,0.54,False,MEDIUM,62.62
HIST_002338,AST_000046,ENGINEERING,REPAIR,52.0,73.2,59.7,0,10,75,76,1,TRUE,FALSE,0.515,False,LOW,49.59
HIST_002339,AST_000013,ENGINEERING,REPLACEMENT,54.3,81.8,53.8,2,1,120,109,0,FALSE,TRUE,0.154,True,CRITICAL,72.5
HIST_002340,AST_000030,S&T,TESTING,88.6,73.2,20.0,5,12,180,156,0,FALSE,TRUE,0.351,False,LOW,52.63
HIST_002341,AST_000047,TRD,PREVENTIVE_MAINTENANCE,84.5,100.0,24.4,5,12,90,100,6,TRUE,TRUE,0.967,False,MEDIUM,62.73
HIST_002342,AST_000014,TRD,CORRECTIVE_MAINTENANCE,44.4,10.9,73.5,0,4,30,34,2,TRUE,FALSE,0.309,False,CRITICAL,45.74
HIST_002343,AST_000031,ENGINEERING,PREVENTIVE_MAINTENANCE,40.4,59.8,53.7,4,8,150,127,0,FALSE,TRUE,0.607,False,HIGH,49.06
HIST_002344,AST_000048,S&T,CORRECTIVE_MAINTENANCE,56.3,74.6,37.2,5,4,120,116,0,FALSE,TRUE,0.707,False,LOW,46.73
HIST_002345,AST_000015,S&T,INSPECTION,53.9,99.7,69.6,1,5,180,224,26,TRUE,TRUE,0.578,False,LOW,58.77
HIST_002346,AST_000032,TRD,REPAIR,72.1,69.8,54.9,1,3,60,64,2,TRUE,TRUE,0.572,True,CRITICAL,75.06
HIST_002347,AST_000049,ENGINEERING,REPLACEMENT,67.6,100.0,55.3,5,9,120,136,10,TRUE,TRUE,0.164,False,MEDIUM,63.84
HIST_002348,AST_000016,ENGINEERING,TESTING,55.3,100.0,48.3,5,7,150,128,0,FALSE,TRUE,0.908,False,LOW,55.0
HIST_002349,AST_000033,S&T,PREVENTIVE_MAINTENANCE,80.7,74.9,17.4,1,11,180,176,0,FALSE,TRUE,0.927,False,HIGH,57.66
HIST_002350,AST_000050,TRD,CORRECTIVE_MAINTENANCE,88.2,26.1,35.4,2,3,180,219,23,TRUE,TRUE,0.822,False,LOW,43.81
HIST_002351,AST_000017,TRD,INSPECTION,66.6,7.2,43.4,0,5,90,107,10,TRUE,FALSE,0.95,False,HIGH,41.71
HIST_002352,AST_000034,ENGINEERING,REPAIR,82.4,0.0,18.3,2,6,60,49,0,FALSE,TRUE,0.684,False,HIGH,39.63
HIST_002353,AST_000001,ENGINEERING,REPLACEMENT,50.3,0.0,34.3,1,8,120,138,11,TRUE,TRUE,0.985,True,CRITICAL,46.95
HIST_002354,AST_000018,S&T,TESTING,94.2,0.0,21.5,1,9,90,82,0,FALSE,TRUE,0.262,False,HIGH,43.81
HIST_002355,AST_000035,TRD,PREVENTIVE_MAINTENANCE,84.2,83.3,29.5,5,11,120,121,1,TRUE,TRUE,0.681,False,HIGH,63.23
HIST_002356,AST_000002,TRD,CORRECTIVE_MAINTENANCE,63.8,0.0,34.7,0,5,90,85,0,FALSE,FALSE,0.433,False,HIGH,37.33
HIST_002357,AST_000019,ENGINEERING,INSPECTION,79.6,100.0,28.5,1,6,150,154,2,TRUE,TRUE,0.656,False,MEDIUM,62.08
HIST_002358,AST_000036,S&T,REPAIR,78.2,71.1,57.9,1,1,75,65,0,FALSE,TRUE,0.49,False,MEDIUM,60.31
HIST_002359,AST_000003,S&T,REPLACEMENT,55.7,72.3,57.3,5,10,180,165,0,FALSE,TRUE,0.841,False,CRITICAL,61.24
HIST_002360,AST_000020,TRD,TESTING,63.2,26.7,22.6,4,12,120,125,3,TRUE,TRUE,0.673,True,MEDIUM,47.66
HIST_002361,AST_000037,ENGINEERING,PREVENTIVE_MAINTENANCE,81.9,62.2,34.1,4,7,150,183,20,TRUE,TRUE,0.317,False,HIGH,58.19
HIST_002362,AST_000004,ENGINEERING,CORRECTIVE_MAINTENANCE,87.4,0.0,50.4,2,2,150,179,17,TRUE,TRUE,0.382,False,CRITICAL,51.3
HIST_002363,AST_000021,S&T,INSPECTION,42.9,100.0,44.5,5,9,240,297,34,TRUE,TRUE,0.845,False,HIGH,58.02
HIST_002364,AST_000038,TRD,REPAIR,95.1,100.0,46.7,1,7,45,45,0,FALSE,TRUE,0.521,False,HIGH,74.12
HIST_002365,AST_000005,TRD,REPLACEMENT,56.6,100.0,24.7,2,8,150,146,0,FALSE,TRUE,0.585,False,CRITICAL,61.92
HIST_002366,AST_000022,ENGINEERING,TESTING,76.5,16.0,50.4,3,2,180,150,0,FALSE,TRUE,0.907,False,HIGH,48.28
HIST_002367,AST_000039,S&T,PREVENTIVE_MAINTENANCE,91.8,0.0,35.9,1,2,60,51,0,FALSE,TRUE,0.879,True,MEDIUM,52.22
HIST_002368,AST_000006,S&T,CORRECTIVE_MAINTENANCE,94.3,89.2,21.7,5,11,75,86,7,TRUE,TRUE,0.146,False,CRITICAL,69.93
HIST_002369,AST_000023,TRD,PREVENTIVE_MAINTENANCE,55.6,22.4,55.1,1,4,60,67,4,TRUE,TRUE,0.867,False,LOW,37.05
HIST_002370,AST_000040,ENGINEERING,CORRECTIVE_MAINTENANCE,49.9,78.5,75.1,3,9,75,66,0,FALSE,TRUE,0.442,False,CRITICAL,64.61
HIST_002371,AST_000007,ENGINEERING,INSPECTION,52.8,62.5,39.5,5,5,180,145,0,FALSE,TRUE,0.516,False,LOW,43.11
HIST_002372,AST_000024,S&T,REPAIR,66.7,0.0,29.7,0,11,75,81,4,TRUE,FALSE,0.284,False,LOW,29.7
HIST_002373,AST_000041,TRD,REPLACEMENT,89.8,100.0,46.1,3,6,30,26,0,FALSE,TRUE,0.816,False,HIGH,72.41
HIST_002374,AST_000008,TRD,TESTING,88.0,81.6,60.9,4,7,30,25,0,FALSE,TRUE,0.998,True,MEDIUM,76.48
HIST_002375,AST_000025,ENGINEERING,PREVENTIVE_MAINTENANCE,94.7,82.2,39.7,5,7,45,45,0,FALSE,TRUE,0.46,False,HIGH,68.15
HIST_002376,AST_000042,S&T,CORRECTIVE_MAINTENANCE,44.5,100.0,39.3,5,9,240,263,14,TRUE,TRUE,0.138,False,CRITICAL,61.21
HIST_002377,AST_000009,S&T,INSPECTION,89.0,0.0,61.0,0,7,60,60,0,FALSE,FALSE,0.044,False,MEDIUM,46.4
HIST_002378,AST_000026,TRD,REPAIR,79.3,78.6,20.7,1,3,60,62,1,TRUE,TRUE,0.804,False,MEDIUM,55.08
HIST_002379,AST_000043,ENGINEERING,REPLACEMENT,70.1,70.3,51.0,4,4,60,72,7,TRUE,TRUE,0.443,False,MEDIUM,56.3
HIST_002380,AST_000010,ENGINEERING,TESTING,83.3,96.1,52.4,4,11,180,144,0,FALSE,TRUE,0.76,False,MEDIUM,67.0
HIST_002381,AST_000027,S&T,PREVENTIVE_MAINTENANCE,50.8,60.9,48.5,1,3,120,148,17,TRUE,TRUE,0.919,True,MEDIUM,57.66
HIST_002382,AST_000044,TRD,CORRECTIVE_MAINTENANCE,56.3,0.0,47.6,4,1,180,197,10,TRUE,TRUE,0.75,False,HIGH,37.66
HIST_002383,AST_000011,TRD,INSPECTION,69.6,10.8,71.0,3,2,30,36,4,TRUE,TRUE,0.23,False,HIGH,49.03
HIST_002384,AST_000028,ENGINEERING,REPAIR,49.5,54.2,23.9,3,8,45,37,0,FALSE,TRUE,0.939,False,CRITICAL,48.18
HIST_002385,AST_000045,S&T,REPLACEMENT,42.3,19.2,23.2,3,3,60,75,9,TRUE,TRUE,0.014,False,MEDIUM,29.63
HIST_002386,AST_000012,S&T,TESTING,62.0,0.0,42.1,1,9,150,161,7,TRUE,TRUE,0.075,False,HIGH,38.27
HIST_002387,AST_000029,TRD,PREVENTIVE_MAINTENANCE,88.2,0.0,30.3,4,6,120,147,16,TRUE,TRUE,0.939,False,MEDIUM,40.02
HIST_002388,AST_000046,ENGINEERING,CORRECTIVE_MAINTENANCE,52.0,0.0,61.4,3,4,150,129,0,FALSE,TRUE,0.073,True,CRITICAL,52.88
HIST_002389,AST_000013,ENGINEERING,INSPECTION,54.3,88.2,61.5,1,9,30,27,0,FALSE,TRUE,0.828,False,MEDIUM,58.14
HIST_002390,AST_000030,S&T,REPAIR,88.6,100.0,27.4,1,6,60,49,0,FALSE,TRUE,0.5,False,CRITICAL,72.06
HIST_002391,AST_000047,TRD,REPLACEMENT,84.5,0.0,19.8,2,3,30,35,3,TRUE,TRUE,0.666,False,HIGH,40.56
HIST_002392,AST_000014,TRD,TESTING,44.4,71.8,72.4,5,8,90,98,5,TRUE,TRUE,0.708,False,LOW,49.5
HIST_002393,AST_000031,ENGINEERING,PREVENTIVE_MAINTENANCE,40.4,100.0,50.0,3,12,180,165,0,FALSE,TRUE,0.57,False,HIGH,58.37
HIST_002394,AST_000048,S&T,CORRECTIVE_MAINTENANCE,56.3,39.3,37.7,5,8,75,77,1,TRUE,TRUE,0.837,False,MEDIUM,41.75
HIST_002395,AST_000015,S&T,PREVENTIVE_MAINTENANCE,53.9,69.1,69.0,1,11,180,147,0,FALSE,TRUE,0.266,True,HIGH,68.49
HIST_002396,AST_000032,TRD,CORRECTIVE_MAINTENANCE,72.1,80.0,57.0,3,5,120,129,5,TRUE,TRUE,0.092,False,MEDIUM,60.53
HIST_002397,AST_000049,ENGINEERING,INSPECTION,67.6,0.0,50.5,5,8,60,69,5,TRUE,TRUE,0.419,False,MEDIUM,37.88
HIST_002398,AST_000016,ENGINEERING,REPAIR,55.3,63.7,43.4,3,12,90,78,0,FALSE,TRUE,0.464,False,MEDIUM,48.7
HIST_002399,AST_000033,S&T,REPLACEMENT,80.7,75.6,24.8,5,10,75,85,6,TRUE,TRUE,0.565,False,CRITICAL,63.07
HIST_002400,AST_000050,TRD,TESTING,88.2,35.6,35.5,1,11,30,31,1,TRUE,TRUE,0.375,False,CRITICAL,57.46
HIST_002401,AST_000017,TRD,PREVENTIVE_MAINTENANCE,66.6,100.0,43.2,3,5,30,28,0,FALSE,TRUE,0.673,False,CRITICAL,68.62
HIST_002402,AST_000034,ENGINEERING,CORRECTIVE_MAINTENANCE,82.4,0.0,25.1,4,7,150,142,0,FALSE,TRUE,0.827,True,MEDIUM,47.24
HIST_002403,AST_000001,ENGINEERING,INSPECTION,50.3,19.7,27.1,4,7,75,62,0,FALSE,TRUE,0.188,False,LOW,29.18
HIST_002404,AST_000018,S&T,REPAIR,94.2,40.6,26.1,0,8,240,224,0,FALSE,FALSE,0.459,False,LOW,47.38
HIST_002405,AST_000035,TRD,REPLACEMENT,84.2,100.0,23.3,0,1,60,66,4,TRUE,FALSE,0.331,False,CRITICAL,69.92
HIST_002406,AST_000002,TRD,TESTING,63.8,100.0,39.9,1,11,60,63,2,TRUE,TRUE,0.796,False,CRITICAL,67.12
HIST_002407,AST_000019,ENGINEERING,PREVENTIVE_MAINTENANCE,79.6,42.0,22.7,4,5,120,118,0,FALSE,TRUE,0.345,False,HIGH,50.17
HIST_002408,AST_000036,S&T,CORRECTIVE_MAINTENANCE,78.2,100.0,44.8,5,1,240,200,0,FALSE,TRUE,0.065,False,MEDIUM,64.92
HIST_002409,AST_000003,S&T,INSPECTION,55.7,0.0,54.3,3,11,30,28,0,FALSE,TRUE,0.651,True,HIGH,48.82
HIST_002410,AST_000020,TRD,REPAIR,63.2,77.6,28.3,4,11,90,104,8,TRUE,TRUE,0.066,False,HIGH,55.27
HIST_002411,AST_000037,ENGINEERING,REPLACEMENT,81.9,74.4,29.5,5,1,180,181,1,TRUE,TRUE,0.122,False,LOW,52.82
HIST_002412,AST_000004,ENGINEERING,TESTING,87.4,100.0,43.6,1,1,120,119,0,FALSE,TRUE,0.858,False,MEDIUM,67.44
HIST_002413,AST_000021,S&T,PREVENTIVE_MAINTENANCE,42.9,17.6,48.8,0,6,30,37,4,TRUE,FALSE,0.329,False,MEDIUM,34.53
HIST_002414,AST_000038,TRD,CORRECTIVE_MAINTENANCE,95.1,86.1,40.6,0,1,180,186,4,TRUE,FALSE,0.564,False,LOW,61.92
HIST_002415,AST_000005,TRD,INSPECTION,56.6,82.3,21.0,5,6,60,67,4,TRUE,TRUE,0.809,False,HIGH,53.01
HIST_002416,AST_000022,ENGINEERING,REPAIR,76.5,100.0,54.0,2,4,240,259,11,TRUE,TRUE,0.19,True,CRITICAL,83.75
HIST_002417,AST_000039,S&T,REPLACEMENT,91.8,100.0,44.8,5,2,60,70,6,TRUE,TRUE,0.022,False,CRITICAL,76.5
HIST_002418,AST_000006,S&T,TESTING,94.3,62.3,16.1,0,8,75,65,0,FALSE,FALSE,0.778,False,LOW,50.83
HIST_002419,AST_000023,TRD,PREVENTIVE_MAINTENANCE,55.6,88.7,57.5,1,9,60,63,2,TRUE,TRUE,0.014,False,HIGH,61.61
HIST_002420,AST_000040,ENGINEERING,CORRECTIVE_MAINTENANCE,49.9,0.0,81.8,3,12,75,92,10,TRUE,TRUE,0.677,False,HIGH,42.58
HIST_002421,AST_000007,ENGINEERING,INSPECTION,52.8,17.5,37.0,2,7,120,121,1,TRUE,TRUE,0.48,False,LOW,31.36
HIST_002422,AST_000024,S&T,CORRECTIVE_MAINTENANCE,66.7,10.8,27.7,0,1,240,262,13,TRUE,FALSE,0.703,False,CRITICAL,43.25
HIST_002423,AST_000041,TRD,INSPECTION,89.8,100.0,51.7,5,10,90,74,0,FALSE,TRUE,0.562,True,CRITICAL,87.28
HIST_002424,AST_000008,TRD,REPAIR,88.0,57.6,58.6,2,11,75,93,11,TRUE,TRUE,0.217,False,HIGH,63.77
HIST_002425,AST_000025,ENGINEERING,REPLACEMENT,94.7,98.7,40.5,5,3,180,145,0,FALSE,TRUE,0.681,False,LOW,64.94
HIST_002426,AST_000042,S&T,TESTING,44.5,100.0,51.0,4,4,180,180,0,FALSE,TRUE,0.367,False,CRITICAL,63.55
HIST_002427,AST_000009,S&T,PREVENTIVE_MAINTENANCE,89.0,97.0,52.7,2,4,150,156,4,TRUE,TRUE,0.333,False,MEDIUM,68.99
HIST_002428,AST_000026,TRD,CORRECTIVE_MAINTENANCE,79.3,0.0,22.1,5,8,75,75,0,FALSE,TRUE,0.911,False,HIGH,39.46
HIST_002429,AST_000043,ENGINEERING,INSPECTION,70.1,100.0,44.3,3,6,150,144,0,FALSE,TRUE,0.071,False,CRITICAL,69.89
HIST_002430,AST_000010,ENGINEERING,REPAIR,83.3,0.0,53.3,3,12,75,89,8,TRUE,TRUE,0.335,True,MEDIUM,53.15
HIST_002431,AST_000027,S&T,REPLACEMENT,50.8,3.4,52.9,4,10,30,32,1,TRUE,TRUE,0.074,False,CRITICAL,41.67
HIST_002432,AST_000044,TRD,TESTING,56.3,91.6,52.4,5,12,75,84,5,TRUE,TRUE,0.874,False,LOW,54.02
HIST_002433,AST_000011,TRD,PREVENTIVE_MAINTENANCE,69.6,57.1,74.5,3,10,180,181,1,TRUE,TRUE,0.106,False,MEDIUM,57.55
HIST_002434,AST_000028,ENGINEERING,CORRECTIVE_MAINTENANCE,49.5,100.0,23.3,2,11,120,103,0,FALSE,TRUE,0.594,False,CRITICAL,59.51
HIST_002435,AST_000045,S&T,INSPECTION,42.3,100.0,26.5,0,9,180,159,0,FALSE,FALSE,0.675,False,HIGH,54.24
HIST_002436,AST_000012,S&T,REPAIR,62.0,34.5,47.7,0,5,120,119,0,FALSE,FALSE,0.442,False,LOW,40.52
HIST_002437,AST_000029,TRD,REPLACEMENT,88.2,100.0,20.6,2,10,30,29,0,FALSE,TRUE,0.609,True,CRITICAL,80.58
HIST_002438,AST_000046,ENGINEERING,TESTING,52.0,0.0,49.0,4,7,240,258,11,TRUE,TRUE,0.078,False,MEDIUM,32.9
HIST_002439,AST_000013,ENGINEERING,PREVENTIVE_MAINTENANCE,54.3,100.0,53.2,0,10,75,85,6,TRUE,FALSE,0.074,False,MEDIUM,59.43
HIST_002440,AST_000030,S&T,CORRECTIVE_MAINTENANCE,88.6,54.3,29.8,2,7,240,209,0,FALSE,TRUE,0.911,False,HIGH,57.37
HIST_002441,AST_000047,TRD,INSPECTION,84.5,89.4,26.8,5,1,180,149,0,FALSE,TRUE,0.713,False,CRITICAL,68.06
HIST_002442,AST_000014,TRD,REPAIR,44.4,1.6,63.6,2,11,60,63,2,TRUE,TRUE,0.185,False,HIGH,37.69
HIST_002443,AST_000031,ENGINEERING,REPLACEMENT,40.4,11.6,58.3,0,2,240,279,23,TRUE,FALSE,0.148,False,LOW,30.43
HIST_002444,AST_000048,S&T,TESTING,56.3,100.0,33.3,1,3,90,76,0,FALSE,TRUE,0.398,True,LOW,62.3
HIST_002445,AST_000015,S&T,PREVENTIVE_MAINTENANCE,53.9,29.9,68.0,4,3,60,63,2,TRUE,TRUE,0.958,False,MEDIUM,44.74
HIST_002446,AST_000032,TRD,CORRECTIVE_MAINTENANCE,72.1,0.0,54.6,0,5,240,251,7,TRUE,FALSE,0.753,False,LOW,36.3
HIST_002447,AST_000049,ENGINEERING,INSPECTION,67.6,81.9,53.4,0,4,150,141,0,FALSE,FALSE,0.046,False,CRITICAL,66.44
HIST_002448,AST_000016,ENGINEERING,CORRECTIVE_MAINTENANCE,55.3,100.0,47.3,2,7,61,54,0,FALSE,TRUE,0.597,False,CRITICAL,66.05
HIST_002449,AST_000033,S&T,INSPECTION,80.7,96.8,17.5,1,2,240,239,0,FALSE,TRUE,0.895,False,LOW,55.66
HIST_002450,AST_000050,TRD,REPAIR,88.2,57.0,30.9,4,10,180,187,4,TRUE,TRUE,0.72,False,HIGH,58.14
HIST_002451,AST_000017,TRD,REPLACEMENT,66.6,100.0,44.2,1,11,60,74,8,TRUE,TRUE,0.865,True,LOW,67.57
HIST_002452,AST_000034,ENGINEERING,TESTING,82.4,99.0,26.0,3,11,75,86,7,TRUE,TRUE,0.845,False,MEDIUM,62.17
HIST_002453,AST_000001,ENGINEERING,PREVENTIVE_MAINTENANCE,50.3,100.0,28.8,1,2,60,65,3,TRUE,TRUE,0.109,False,MEDIUM,53.35
HIST_002454,AST_000018,S&T,CORRECTIVE_MAINTENANCE,94.2,71.6,28.3,4,4,150,157,4,TRUE,TRUE,0.901,False,HIGH,63.07
HIST_002455,AST_000035,TRD,INSPECTION,84.2,100.0,26.0,4,5,75,79,2,TRUE,TRUE,0.466,False,HIGH,66.71
HIST_002456,AST_000002,TRD,REPAIR,63.8,10.9,40.2,2,11,90,105,9,TRUE,TRUE,0.789,False,LOW,33.66
HIST_002457,AST_000019,ENGINEERING,REPLACEMENT,79.6,71.1,21.3,1,1,75,89,8,TRUE,TRUE,0.279,False,MEDIUM,53.41
HIST_002458,AST_000036,S&T,TESTING,78.2,94.5,54.3,2,9,45,45,0,FALSE,TRUE,0.826,True,HIGH,79.19
HIST_002459,AST_000003,S&T,PREVENTIVE_MAINTENANCE,55.7,75.5,52.8,3,2,90,75,0,FALSE,TRUE,0.53,False,MEDIUM,53.65
HIST_002460,AST_000020,TRD,CORRECTIVE_MAINTENANCE,63.2,100.0,29.2,2,11,75,69,0,FALSE,TRUE,0.531,False,HIGH,61.05
HIST_002461,AST_000037,ENGINEERING,INSPECTION,81.9,54.4,41.5,4,10,75,61,0,FALSE,TRUE,0.396,False,HIGH,57.72
HIST_002462,AST_000004,ENGINEERING,REPAIR,87.4,100.0,43.9,3,6,75,86,7,TRUE,TRUE,0.107,False,HIGH,71.25
HIST_002463,AST_000021,S&T,REPLACEMENT,42.9,0.0,45.7,4,11,30,37,4,TRUE,TRUE,0.182,False,LOW,25.76
HIST_002464,AST_000038,TRD,TESTING,95.1,100.0,44.3,5,2,45,43,0,FALSE,TRUE,0.727,False,CRITICAL,77.39
HIST_002465,AST_000005,TRD,PREVENTIVE_MAINTENANCE,56.6,66.7,11.2,1,4,120,117,0,FALSE,TRUE,0.878,True,MEDIUM,53.4
HIST_002466,AST_000022,ENGINEERING,CORRECTIVE_MAINTENANCE,76.5,51.8,53.6,2,2,45,49,2,TRUE,TRUE,0.756,False,LOW,50.37
HIST_002467,AST_000039,S&T,INSPECTION,91.8,15.5,41.4,0,2,180,161,0,FALSE,FALSE,0.483,False,MEDIUM,47.2
HIST_002468,AST_000006,S&T,REPAIR,94.3,0.0,14.0,5,10,75,77,1,TRUE,TRUE,0.061,False,MEDIUM,38.59
HIST_002469,AST_000023,TRD,REPLACEMENT,55.6,24.2,62.7,5,11,30,37,4,TRUE,TRUE,0.874,False,LOW,39.02
HIST_002470,AST_000040,ENGINEERING,TESTING,49.9,75.5,71.1,3,2,75,67,0,FALSE,TRUE,0.837,False,CRITICAL,63.06
HIST_002471,AST_000007,ENGINEERING,PREVENTIVE_MAINTENANCE,52.8,20.3,42.5,1,3,75,91,10,TRUE,TRUE,0.987,False,LOW,33.16
HIST_002472,AST_000024,S&T,CORRECTIVE_MAINTENANCE,66.7,0.0,22.4,1,11,90,95,3,TRUE,TRUE,0.955,True,CRITICAL,49.49
HIST_002473,AST_000041,TRD,INSPECTION,89.8,100.0,51.6,5,1,150,173,14,TRUE,TRUE,0.883,False,HIGH,73.51
HIST_002474,AST_000008,TRD,CORRECTIVE_MAINTENANCE,88.0,10.5,59.8,5,5,60,69,5,TRUE,TRUE,0.755,False,CRITICAL,55.98
HIST_002475,AST_000025,ENGINEERING,INSPECTION,94.7,71.1,33.7,0,12,45,54,5,TRUE,FALSE,0.763,False,CRITICAL,67.93
HIST_002476,AST_000042,S&T,REPAIR,44.5,42.4,38.7,2,5,120,128,5,TRUE,TRUE,0.454,False,MEDIUM,39.19
HIST_002477,AST_000009,S&T,REPLACEMENT,89.0,0.0,60.6,3,8,30,27,0,FALSE,TRUE,0.784,False,LOW,42.57
HIST_002478,AST_000026,TRD,TESTING,79.3,77.7,17.8,0,8,240,273,20,TRUE,FALSE,0.866,False,LOW,50.53
HIST_002479,AST_000043,ENGINEERING,PREVENTIVE_MAINTENANCE,70.1,0.0,44.0,4,4,120,128,5,TRUE,TRUE,0.711,True,CRITICAL,54.83
HIST_002480,AST_000010,ENGINEERING,CORRECTIVE_MAINTENANCE,83.3,100.0,42.3,0,10,180,194,8,TRUE,FALSE,0.729,False,HIGH,69.7
HIST_002481,AST_000027,S&T,INSPECTION,50.8,24.5,60.7,3,1,45,38,0,FALSE,TRUE,0.615,False,LOW,37.25
HIST_002482,AST_000044,TRD,REPAIR,56.3,100.0,49.2,1,6,60,62,1,TRUE,TRUE,0.475,False,CRITICAL,66.73
HIST_002483,AST_000011,TRD,REPLACEMENT,69.6,98.8,66.3,5,10,240,259,11,TRUE,TRUE,0.097,False,HIGH,70.09
HIST_002484,AST_000028,ENGINEERING,TESTING,49.5,96.7,31.2,4,7,90,97,4,TRUE,TRUE,0.805,False,MEDIUM,52.77
HIST_002485,AST_000045,S&T,PREVENTIVE_MAINTENANCE,42.3,100.0,24.6,1,11,75,80,3,TRUE,TRUE,0.66,False,LOW,46.36
HIST_002486,AST_000012,S&T,CORRECTIVE_MAINTENANCE,62.0,100.0,43.8,1,6,180,204,14,TRUE,TRUE,0.302,True,LOW,66.11
HIST_002487,AST_000029,TRD,INSPECTION,88.2,92.9,25.1,0,9,90,109,11,TRUE,FALSE,0.721,False,HIGH,65.96
HIST_002488,AST_000046,ENGINEERING,REPAIR,52.0,40.2,56.4,5,9,30,34,2,TRUE,TRUE,0.05,False,LOW,40.68
HIST_002489,AST_000013,ENGINEERING,REPLACEMENT,54.3,33.1,58.0,5,6,60,57,0,FALSE,TRUE,0.266,False,CRITICAL,51.16
HIST_002490,AST_000030,S&T,TESTING,88.6,16.7,24.1,2,10,75,93,11,TRUE,TRUE,0.573,False,CRITICAL,50.58
HIST_002491,AST_000047,TRD,PREVENTIVE_MAINTENANCE,84.5,0.0,20.4,5,12,120,138,11,TRUE,TRUE,0.406,False,CRITICAL,44.43
HIST_002492,AST_000014,TRD,CORRECTIVE_MAINTENANCE,44.4,100.0,66.0,1,6,180,184,2,TRUE,TRUE,0.267,False,CRITICAL,66.52
HIST_002493,AST_000031,ENGINEERING,INSPECTION,40.4,100.0,50.0,3,9,120,140,12,TRUE,TRUE,0.825,True,LOW,60.87
HIST_002494,AST_000048,S&T,REPAIR,56.3,65.4,35.2,5,6,180,212,19,TRUE,TRUE,0.662,False,MEDIUM,47.78
HIST_002495,AST_000015,S&T,REPLACEMENT,53.9,66.0,70.1,1,12,45,43,0,FALSE,TRUE,0.995,False,HIGH,57.94
HIST_002496,AST_000032,TRD,TESTING,72.1,100.0,51.7,1,12,45,37,0,FALSE,TRUE,0.114,False,CRITICAL,71.97
HIST_002497,AST_000049,ENGINEERING,PREVENTIVE_MAINTENANCE,67.6,100.0,49.6,4,6,150,174,14,TRUE,TRUE,0.437,False,CRITICAL,70.2
HIST_002498,AST_000016,ENGINEERING,CORRECTIVE_MAINTENANCE,55.3,0.2,47.4,3,7,90,79,0,FALSE,TRUE,0.904,False,MEDIUM,33.62
HIST_002499,AST_000033,S&T,INSPECTION,80.7,43.6,18.8,1,3,120,139,11,TRUE,TRUE,0.511,False,CRITICAL,53.87
HIST_002500,AST_000050,TRD,REPAIR,88.2,100.0,40.4,2,12,120,100,0,FALSE,TRUE,0.197,True,LOW,73.29
HIST_002501,AST_000017,TRD,INSPECTION,66.6,72.3,34.2,5,8,180,155,0,FALSE,TRUE,0.245,False,HIGH,56.14
HIST_002502,AST_000034,ENGINEERING,REPAIR,82.4,16.2,28.0,0,6,60,60,0,FALSE,FALSE,0.33,False,LOW,38.12
HIST_002503,AST_000001,ENGINEERING,REPLACEMENT,50.3,0.4,27.4,1,2,180,183,2,TRUE,TRUE,0.806,False,HIGH,31.92
HIST_002504,AST_000018,S&T,TESTING,94.2,97.7,26.8,0,11,150,167,10,TRUE,FALSE,0.281,False,CRITICAL,73.05
HIST_002505,AST_000035,TRD,PREVENTIVE_MAINTENANCE,84.2,100.0,25.2,3,7,60,56,0,FALSE,TRUE,0.331,False,LOW,59.05
HIST_002506,AST_000002,TRD,CORRECTIVE_MAINTENANCE,63.8,100.0,40.0,5,10,60,50,0,FALSE,TRUE,0.489,False,LOW,55.89
HIST_002507,AST_000019,ENGINEERING,INSPECTION,79.6,30.4,28.8,4,5,60,54,0,FALSE,TRUE,0.446,True,MEDIUM,54.74
HIST_002508,AST_000036,S&T,REPAIR,78.2,6.1,58.4,4,11,240,224,0,FALSE,TRUE,0.041,False,CRITICAL,51.66
HIST_002509,AST_000003,S&T,REPLACEMENT,55.7,89.5,64.4,0,3,45,37,0,FALSE,FALSE,0.055,False,HIGH,63.22
HIST_002510,AST_000020,TRD,TESTING,63.2,51.7,28.4,3,2,240,209,0,FALSE,TRUE,0.47,False,HIGH,48.81
HIST_002511,AST_000037,ENGINEERING,PREVENTIVE_MAINTENANCE,81.9,0.7,32.8,2,7,150,137,0,FALSE,TRUE,0.274,False,MEDIUM,38.8
HIST_002512,AST_000004,ENGINEERING,CORRECTIVE_MAINTENANCE,87.4,100.0,50.6,5,8,180,178,0,FALSE,TRUE,0.392,False,HIGH,72.59
HIST_002513,AST_000021,S&T,INSPECTION,42.9,21.7,49.7,0,12,240,248,5,TRUE,FALSE,0.953,False,LOW,31.98
HIST_002514,AST_000038,TRD,REPAIR,95.1,99.4,36.0,1,10,240,225,0,FALSE,TRUE,0.435,True,MEDIUM,78.08
HIST_002515,AST_000005,TRD,REPLACEMENT,56.6,0.0,20.4,0,2,150,177,16,TRUE,FALSE,0.727,False,MEDIUM,28.56
HIST_002516,AST_000022,ENGINEERING,TESTING,76.5,22.5,50.9,4,11,240,283,26,TRUE,TRUE,0.676,False,MEDIUM,46.25
HIST_002517,AST_000039,S&T,PREVENTIVE_MAINTENANCE,91.8,50.3,38.9,0,2,180,152,0,FALSE,FALSE,0.732,False,LOW,51.64
HIST_002518,AST_000006,S&T,CORRECTIVE_MAINTENANCE,94.3,39.9,13.1,1,9,150,137,0,FALSE,TRUE,0.991,False,LOW,44.63
HIST_002519,AST_000023,TRD,INSPECTION,55.6,36.5,58.2,0,9,180,180,0,FALSE,FALSE,0.911,False,CRITICAL,52.45
HIST_002520,AST_000040,ENGINEERING,REPAIR,49.9,49.9,70.1,5,8,75,71,0,FALSE,TRUE,0.348,False,CRITICAL,56.47
HIST_002521,AST_000007,ENGINEERING,REPLACEMENT,52.8,73.1,43.5,3,3,30,37,4,TRUE,TRUE,0.544,True,CRITICAL,67.81
HIST_002522,AST_000024,S&T,TESTING,66.7,12.0,19.5,5,5,60,71,7,TRUE,TRUE,0.843,False,HIGH,38.16
HIST_002523,AST_000041,TRD,PREVENTIVE_MAINTENANCE,89.8,100.0,44.4,0,3,180,168,0,FALSE,FALSE,0.608,False,CRITICAL,75.82
HIST_002524,AST_000008,TRD,CORRECTIVE_MAINTENANCE,88.0,97.6,58.6,5,4,240,236,0,FALSE,TRUE,0.596,False,CRITICAL,77.52
HIST_002525,AST_000025,ENGINEERING,INSPECTION,94.7,52.4,34.9,4,8,30,30,0,FALSE,TRUE,0.644,False,LOW,52.24
HIST_002526,AST_000042,S&T,REPAIR,44.5,0.0,48.8,1,9,240,215,0,FALSE,TRUE,0.043,False,CRITICAL,38.11
HIST_002527,AST_000009,S&T,INSPECTION,89.0,47.3,64.9,1,6,30,29,0,FALSE,TRUE,0.269,False,LOW,55.26
HIST_002528,AST_000026,TRD,REPAIR,79.3,14.6,21.0,1,2,180,209,17,TRUE,TRUE,0.531,True,HIGH,52.89
HIST_002529,AST_000043,ENGINEERING,REPLACEMENT,70.1,82.3,52.2,0,2,30,31,1,TRUE,FALSE,0.576,False,CRITICAL,67.05
HIST_002530,AST_000010,ENGINEERING,TESTING,83.3,17.1,47.2,4,12,240,260,12,TRUE,TRUE,0.681,False,CRITICAL,53.7
HIST_002531,AST_000027,S&T,PREVENTIVE_MAINTENANCE,50.8,0.0,50.4,2,5,120,141,13,TRUE,TRUE,0.265,False,LOW,29.07
HIST_002532,AST_000044,TRD,CORRECTIVE_MAINTENANCE,56.3,100.0,41.6,2,1,60,51,0,FALSE,TRUE,0.589,False,HIGH,61.46
HIST_002533,AST_000011,TRD,INSPECTION,69.6,59.0,71.2,1,7,120,138,11,TRUE,TRUE,0.4,False,HIGH,61.12
HIST_002534,AST_000028,ENGINEERING,REPAIR,49.5,0.0,24.2,4,1,180,176,0,FALSE,TRUE,0.056,False,MEDIUM,27.19
HIST_002535,AST_000045,S&T,REPLACEMENT,42.3,68.1,19.7,5,9,45,47,1,TRUE,TRUE,0.831,True,HIGH,54.9
HIST_002536,AST_000012,S&T,TESTING,62.0,0.0,42.3,5,6,75,62,0,FALSE,TRUE,0.267,False,CRITICAL,42.06
HIST_002537,AST_000029,TRD,PREVENTIVE_MAINTENANCE,88.2,100.0,29.4,1,8,60,59,0,FALSE,TRUE,0.679,False,HIGH,68.59
HIST_002538,AST_000046,ENGINEERING,CORRECTIVE_MAINTENANCE,52.0,99.7,53.3,3,7,240,198,0,FALSE,TRUE,0.81,False,LOW,54.94
HIST_002539,AST_000013,ENGINEERING,INSPECTION,54.3,42.9,53.3,0,10,120,123,2,TRUE,FALSE,0.101,False,MEDIUM,45.17
HIST_002540,AST_000030,S&T,REPAIR,88.6,80.3,24.4,4,8,150,164,8,TRUE,TRUE,0.365,False,MEDIUM,59.04
HIST_002541,AST_000047,TRD,REPLACEMENT,84.5,100.0,26.0,0,6,240,264,14,TRUE,FALSE,0.727,False,MEDIUM,63.05
HIST_002542,AST_000014,TRD,TESTING,44.4,2.2,72.9,5,3,90,102,7,TRUE,TRUE,0.547,True,MEDIUM,45.95
HIST_002543,AST_000031,ENGINEERING,PREVENTIVE_MAINTENANCE,40.4,21.8,50.1,1,1,30,33,2,TRUE,TRUE,0.993,False,LOW,31.34
HIST_002544,AST_000048,S&T,CORRECTIVE_MAINTENANCE,56.3,0.0,25.0,4,5,45,37,0,FALSE,TRUE,0.866,False,CRITICAL,36.89
HIST_002545,AST_000015,S&T,INSPECTION,53.9,0.0,75.9,5,4,180,216,22,TRUE,TRUE,0.376,False,CRITICAL,46.35
HIST_002546,AST_000032,TRD,REPAIR,72.1,21.9,54.3,1,8,240,239,0,FALSE,TRUE,0.533,False,CRITICAL,52.96
HIST_002547,AST_000049,ENGINEERING,REPLACEMENT,67.6,21.4,56.0,5,11,90,98,5,TRUE,TRUE,0.263,False,MEDIUM,44.33
HIST_002548,AST_000016,ENGINEERING,TESTING,55.3,71.7,47.2,4,4,120,149,17,TRUE,TRUE,0.393,False,CRITICAL,58.95
HIST_002549,AST_000033,S&T,PREVENTIVE_MAINTENANCE,80.7,39.9,17.4,3,9,180,199,11,TRUE,TRUE,0.999,True,LOW,51.41
HIST_002550,AST_000050,TRD,CORRECTIVE_MAINTENANCE,88.2,0.0,34.1,2,7,240,263,14,TRUE,TRUE,0.931,False,MEDIUM,40.78
HIST_002551,AST_000017,TRD,INSPECTION,66.6,0.0,40.3,2,7,240,202,0,FALSE,TRUE,0.215,False,MEDIUM,35.54
HIST_002552,AST_000034,ENGINEERING,REPAIR,82.4,41.9,28.4,4,10,180,145,0,FALSE,TRUE,0.827,False,LOW,44.62
HIST_002553,AST_000001,ENGINEERING,INSPECTION,50.3,89.0,32.4,1,10,60,50,0,FALSE,TRUE,0.566,False,CRITICAL,58.82
HIST_002554,AST_000018,S&T,REPAIR,94.2,21.6,30.4,5,8,120,106,0,FALSE,TRUE,0.574,False,HIGH,50.99
HIST_002555,AST_000035,TRD,REPLACEMENT,84.2,0.0,30.6,1,9,45,43,0,FALSE,TRUE,0.957,False,CRITICAL,46.38
HIST_002556,AST_000002,TRD,TESTING,63.8,81.3,27.6,2,12,30,31,1,TRUE,TRUE,0.145,True,LOW,58.73
HIST_002557,AST_000019,ENGINEERING,PREVENTIVE_MAINTENANCE,79.6,0.0,22.6,0,9,120,110,0,FALSE,FALSE,0.976,False,HIGH,39.65
HIST_002558,AST_000036,S&T,CORRECTIVE_MAINTENANCE,78.2,100.0,45.0,3,1,75,88,8,TRUE,TRUE,0.437,False,MEDIUM,64.96
HIST_002559,AST_000003,S&T,INSPECTION,55.7,59.7,53.8,3,6,30,29,0,FALSE,TRUE,0.296,False,HIGH,53.65
HIST_002560,AST_000020,TRD,REPAIR,63.2,100.0,21.4,5,4,150,133,0,FALSE,TRUE,0.697,False,CRITICAL,63.24
HIST_002561,AST_000037,ENGINEERING,REPLACEMENT,81.9,47.5,38.0,2,6,120,100,0,FALSE,TRUE,0.314,False,CRITICAL,59.05
HIST_002562,AST_000004,ENGINEERING,TESTING,87.4,0.0,53.9,3,8,90,107,10,TRUE,TRUE,0.994,False,CRITICAL,52.0
HIST_002563,AST_000021,S&T,PREVENTIVE_MAINTENANCE,42.9,0.0,38.5,4,7,240,196,0,FALSE,TRUE,0.61,True,HIGH,41.82
HIST_002564,AST_000038,TRD,CORRECTIVE_MAINTENANCE,95.1,55.1,47.7,1,10,240,246,4,TRUE,TRUE,0.728,False,CRITICAL,66.84
HIST_002565,AST_000005,TRD,INSPECTION,56.6,89.5,23.2,4,3,90,82,0,FALSE,TRUE,0.744,False,CRITICAL,59.0
HIST_002566,AST_000022,ENGINEERING,REPAIR,76.5,48.9,61.9,4,1,90,108,11,TRUE,TRUE,0.782,False,CRITICAL,62.55
HIST_002567,AST_000039,S&T,REPLACEMENT,91.8,55.6,37.9,4,3,60,57,0,FALSE,TRUE,0.039,False,LOW,52.77
HIST_002568,AST_000006,S&T,TESTING,94.3,0.0,16.1,2,10,45,36,0,FALSE,TRUE,0.538,False,HIGH,42.76
HIST_002569,AST_000023,TRD,PREVENTIVE_MAINTENANCE,55.6,0.0,58.2,0,10,75,62,0,FALSE,FALSE,0.979,False,LOW,32.07
HIST_002570,AST_000040,ENGINEERING,CORRECTIVE_MAINTENANCE,49.9,100.0,72.2,5,3,240,205,0,FALSE,TRUE,0.653,True,HIGH,75.66
HIST_002571,AST_000007,ENGINEERING,INSPECTION,52.8,100.0,44.5,5,10,30,37,4,TRUE,TRUE,0.435,False,LOW,53.49
HIST_002572,AST_000024,S&T,REPAIR,66.7,23.7,22.2,2,4,120,144,14,TRUE,TRUE,0.817,False,CRITICAL,45.38
HIST_002573,AST_000041,TRD,REPLACEMENT,89.8,0.0,48.6,2,3,150,168,11,TRUE,TRUE,0.929,False,MEDIUM,44.16
HIST_002574,AST_000008,TRD,TESTING,88.0,29.6,68.3,2,1,90,110,12,TRUE,TRUE,0.436,False,HIGH,58.71
HIST_002575,AST_000025,ENGINEERING,PREVENTIVE_MAINTENANCE,94.7,20.5,34.8,3,9,30,26,0,FALSE,TRUE,0.725,False,LOW,44.24
HIST_002576,AST_000042,S&T,CORRECTIVE_MAINTENANCE,44.5,27.9,43.2,2,5,45,48,2,TRUE,TRUE,0.96,False,CRITICAL,43.97
HIST_002577,AST_000009,S&T,INSPECTION,89.0,88.5,53.1,2,8,180,201,13,TRUE,TRUE,0.836,True,HIGH,80.7
HIST_002578,AST_000026,TRD,REPAIR,79.3,84.3,27.4,1,1,75,71,0,FALSE,TRUE,0.811,False,HIGH,61.59
HIST_002579,AST_000043,ENGINEERING,INSPECTION,70.1,100.0,43.2,1,5,90,93,2,TRUE,TRUE,0.504,False,CRITICAL,69.67
HIST_002580,AST_000010,ENGINEERING,REPAIR,83.3,0.0,43.6,1,6,180,186,4,TRUE,TRUE,0.231,False,LOW,37.46
HIST_002581,AST_000027,S&T,REPLACEMENT,50.8,2.3,49.7,5,11,150,121,0,FALSE,TRUE,0.879,False,CRITICAL,40.75
HIST_002582,AST_000044,TRD,TESTING,56.3,6.1,53.9,1,5,90,93,2,TRUE,TRUE,0.087,False,CRITICAL,44.19
HIST_002583,AST_000011,TRD,PREVENTIVE_MAINTENANCE,69.6,86.6,70.2,5,11,75,65,0,FALSE,TRUE,0.665,False,MEDIUM,64.07
HIST_002584,AST_000028,ENGINEERING,CORRECTIVE_MAINTENANCE,49.5,24.0,19.7,4,1,45,42,0,FALSE,TRUE,0.761,True,MEDIUM,42.29
HIST_002585,AST_000045,S&T,INSPECTION,42.3,36.9,23.2,4,2,180,182,1,TRUE,TRUE,0.099,False,LOW,30.3
HIST_002586,AST_000012,S&T,REPAIR,62.0,75.6,40.1,0,1,150,131,0,FALSE,FALSE,0.862,False,LOW,49.27
HIST_002587,AST_000029,TRD,REPLACEMENT,88.2,15.0,23.4,3,11,75,93,11,TRUE,TRUE,0.88,False,HIGH,46.14
HIST_002588,AST_000046,ENGINEERING,TESTING,52.0,100.0,52.4,5,3,240,277,22,TRUE,TRUE,0.939,False,LOW,54.83
HIST_002589,AST_000013,ENGINEERING,PREVENTIVE_MAINTENANCE,54.3,23.3,54.7,3,9,240,261,13,TRUE,TRUE,0.082,False,LOW,36.8
HIST_002590,AST_000030,S&T,CORRECTIVE_MAINTENANCE,88.6,53.8,28.6,2,9,90,87,0,FALSE,TRUE,0.156,False,MEDIUM,53.25
HIST_002591,AST_000047,TRD,INSPECTION,84.5,95.5,25.4,5,6,240,234,0,FALSE,TRUE,0.999,True,MEDIUM,71.8
HIST_002592,AST_000014,TRD,REPAIR,44.4,2.5,63.3,3,9,60,59,0,FALSE,TRUE,0.793,False,MEDIUM,34.1
HIST_002593,AST_000031,ENGINEERING,REPLACEMENT,40.4,97.8,58.9,1,1,180,171,0,FALSE,TRUE,0.589,False,MEDIUM,55.85
HIST_002594,AST_000048,S&T,TESTING,56.3,78.7,26.5,3,5,180,209,17,TRUE,TRUE,0.717,False,LOW,45.61
HIST_002595,AST_000015,S&T,PREVENTIVE_MAINTENANCE,53.9,0.0,71.6,1,12,240,215,0,FALSE,TRUE,0.062,False,LOW,34.24
HIST_002596,AST_000032,TRD,CORRECTIVE_MAINTENANCE,72.1,39.7,54.3,3,3,180,170,0,FALSE,TRUE,0.2,False,HIGH,53.66
HIST_002597,AST_000049,ENGINEERING,INSPECTION,67.6,39.7,46.0,4,6,180,193,8,TRUE,TRUE,0.223,False,CRITICAL,54.41
HIST_002598,AST_000016,ENGINEERING,REPAIR,55.3,86.9,57.3,3,12,60,51,0,FALSE,TRUE,0.796,True,CRITICAL,74.78
HIST_002599,AST_000033,S&T,REPLACEMENT,80.7,37.5,25.9,1,7,180,188,5,TRUE,TRUE,0.513,False,HIGH,50.02
HIST_002600,AST_000050,TRD,TESTING,88.2,53.8,34.8,3,5,150,155,3,TRUE,TRUE,0.789,False,LOW,50.62
HIST_002601,AST_000017,TRD,PREVENTIVE_MAINTENANCE,66.6,0.0,43.3,0,8,180,178,0,FALSE,FALSE,0.164,False,MEDIUM,36.14
HIST_002602,AST_000034,ENGINEERING,CORRECTIVE_MAINTENANCE,82.4,98.7,19.5,5,8,240,268,17,TRUE,TRUE,1.0,False,MEDIUM,60.8
HIST_002603,AST_000001,ENGINEERING,INSPECTION,50.3,48.1,33.1,1,3,90,111,13,TRUE,TRUE,0.896,False,HIGH,44.98
HIST_002604,AST_000018,S&T,REPAIR,94.2,100.0,23.8,5,3,75,63,0,FALSE,TRUE,0.958,False,CRITICAL,73.02
HIST_002605,AST_000035,TRD,REPLACEMENT,84.2,14.6,18.3,5,7,90,91,1,TRUE,TRUE,0.714,True,CRITICAL,57.57
HIST_002606,AST_000002,TRD,REPAIR,63.8,3.6,29.0,5,2,120,115,0,FALSE,TRUE,0.36,False,MEDIUM,33.34
HIST_002607,AST_000019,ENGINEERING,REPLACEMENT,79.6,100.0,25.8,2,10,240,287,28,TRUE,TRUE,0.203,False,LOW,57.79
HIST_002608,AST_000036,S&T,TESTING,78.2,19.9,57.2,2,11,45,49,2,TRUE,TRUE,0.555,False,MEDIUM,47.38
HIST_002609,AST_000003,S&T,PREVENTIVE_MAINTENANCE,55.7,58.8,59.0,4,6,60,54,0,FALSE,TRUE,0.067,False,MEDIUM,50.71
HIST_002610,AST_000020,TRD,CORRECTIVE_MAINTENANCE,63.2,100.0,28.4,3,4,90,93,2,TRUE,TRUE,0.762,False,LOW,53.39
HIST_002611,AST_000037,ENGINEERING,INSPECTION,81.9,0.0,41.4,0,11,90,76,0,FALSE,FALSE,0.104,False,LOW,36.6
HIST_002612,AST_000004,ENGINEERING,REPAIR,87.4,0.0,50.5,1,6,150,128,0,FALSE,TRUE,0.6,True,CRITICAL,61.32
HIST_002613,AST_000021,S&T,REPLACEMENT,42.9,42.6,48.2,0,5,150,176,16,TRUE,FALSE,0.426,False,LOW,36.91
HIST_002614,AST_000038,TRD,TESTING,95.1,14.2,45.8,0,8,120,117,0,FALSE,FALSE,0.771,False,HIGH,52.49
HIST_002615,AST_000005,TRD,PREVENTIVE_MAINTENANCE,56.6,87.2,18.3,5,6,30,33,2,TRUE,TRUE,0.353,False,HIGH,53.69
HIST_002616,AST_000022,ENGINEERING,CORRECTIVE_MAINTENANCE,76.5,0.0,58.4,2,3,180,166,0,FALSE,TRUE,0.865,False,MEDIUM,42.13
HIST_002617,AST_000039,S&T,INSPECTION,91.8,25.8,40.5,2,9,180,203,14,TRUE,TRUE,0.587,False,HIGH,53.34
HIST_002618,AST_000006,S&T,REPAIR,94.3,84.0,22.6,0,11,90,72,0,FALSE,FALSE,0.527,False,LOW,57.56
HIST_002619,AST_000023,TRD,REPLACEMENT,55.6,56.8,56.1,4,3,240,240,0,FALSE,TRUE,0.473,True,LOW,55.85
HIST_002620,AST_000040,ENGINEERING,TESTING,49.9,0.0,79.9,2,4,30,24,0,FALSE,TRUE,0.295,False,LOW,34.7
HIST_002621,AST_000007,ENGINEERING,PREVENTIVE_MAINTENANCE,52.8,11.2,40.9,1,8,150,184,20,TRUE,TRUE,0.125,False,LOW,30.57
HIST_002622,AST_000024,S&T,CORRECTIVE_MAINTENANCE,66.7,77.8,22.5,0,2,120,138,11,TRUE,FALSE,0.321,False,LOW,47.71
HIST_002623,AST_000041,TRD,INSPECTION,89.8,13.2,51.5,1,7,75,78,2,TRUE,TRUE,0.695,False,LOW,44.29
HIST_002624,AST_000008,TRD,REPAIR,88.0,18.5,68.3,0,7,60,49,0,FALSE,FALSE,0.036,False,CRITICAL,59.69
HIST_002625,AST_000025,ENGINEERING,REPLACEMENT,94.7,93.9,32.3,4,10,150,144,0,FALSE,TRUE,0.235,False,MEDIUM,65.84
HIST_002626,AST_000042,S&T,TESTING,44.5,0.0,46.5,1,6,30,31,1,TRUE,TRUE,0.79,True,HIGH,43.9
HIST_002627,AST_000009,S&T,PREVENTIVE_MAINTENANCE,89.0,100.0,63.0,3,9,90,109,11,TRUE,TRUE,0.248,False,HIGH,75.55
HIST_002628,AST_000026,TRD,CORRECTIVE_MAINTENANCE,79.3,56.1,25.7,5,7,45,49,2,TRUE,TRUE,0.165,False,MEDIUM,50.45
HIST_002629,AST_000043,ENGINEERING,INSPECTION,70.1,93.2,44.1,3,3,180,157,0,FALSE,TRUE,0.942,False,CRITICAL,68.15
HIST_002630,AST_000010,ENGINEERING,REPAIR,83.3,43.8,52.7,5,12,240,292,31,TRUE,TRUE,0.923,False,LOW,50.23
HIST_002631,AST_000027,S&T,REPLACEMENT,50.8,50.5,56.4,3,8,150,150,0,FALSE,TRUE,0.972,False,LOW,42.89
HIST_002632,AST_000044,TRD,REPAIR,56.3,92.5,52.2,3,11,300,330,18,TRUE,TRUE,0.68,False,LOW,54.2
HIST_002633,AST_000011,TRD,REPLACEMENT,69.6,0.0,72.1,3,9,75,88,8,TRUE,TRUE,0.199,True,MEDIUM,52.8
HIST_002634,AST_000028,ENGINEERING,TESTING,49.5,10.1,31.0,2,4,120,116,0,FALSE,TRUE,0.628,False,LOW,27.32
HIST_002635,AST_000045,S&T,PREVENTIVE_MAINTENANCE,42.3,100.0,27.0,1,10,90,72,0,FALSE,TRUE,0.799,False,MEDIUM,50.59
HIST_002636,AST_000012,S&T,CORRECTIVE_MAINTENANCE,62.0,100.0,43.5,4,5,150,155,3,TRUE,TRUE,0.9,False,HIGH,63.55
HIST_002637,AST_000029,TRD,INSPECTION,88.2,19.2,26.8,0,5,90,77,0,FALSE,FALSE,0.116,False,LOW,40.37
HIST_002638,AST_000046,ENGINEERING,REPAIR,52.0,0.0,50.4,4,3,120,132,7,TRUE,TRUE,0.499,False,LOW,29.43
HIST_002639,AST_000013,ENGINEERING,REPLACEMENT,54.3,100.0,53.2,1,2,30,36,4,TRUE,TRUE,0.25,False,MEDIUM,59.43
HIST_002640,AST_000030,S&T,TESTING,88.6,100.0,24.9,4,5,60,73,8,TRUE,TRUE,0.2,True,LOW,70.31
HIST_002641,AST_000047,TRD,PREVENTIVE_MAINTENANCE,84.5,13.9,14.9,2,3,30,33,2,TRUE,TRUE,0.167,False,HIGH,43.05
HIST_002642,AST_000014,TRD,CORRECTIVE_MAINTENANCE,44.4,50.2,65.8,5,4,60,74,8,TRUE,TRUE,0.803,False,CRITICAL,54.03
HIST_002643,AST_000031,ENGINEERING,INSPECTION,40.4,97.2,54.1,4,2,60,59,0,FALSE,TRUE,0.845,False,MEDIUM,54.74
HIST_002644,AST_000048,S&T,REPAIR,56.3,0.0,37.4,5,3,180,215,21,TRUE,TRUE,0.873,False,MEDIUM,31.87
HIST_002645,AST_000015,S&T,REPLACEMENT,53.9,100.0,72.1,4,10,30,28,0,FALSE,TRUE,0.183,False,HIGH,66.84
HIST_002646,AST_000032,TRD,TESTING,72.1,0.0,50.4,5,6,90,77,0,FALSE,TRUE,0.571,False,CRITICAL,46.71
HIST_002647,AST_000049,ENGINEERING,PREVENTIVE_MAINTENANCE,67.6,100.0,59.3,5,9,75,71,0,FALSE,TRUE,0.242,True,LOW,70.89
HIST_002648,AST_000016,ENGINEERING,CORRECTIVE_MAINTENANCE,55.3,72.7,46.2,4,7,90,102,7,TRUE,TRUE,0.856,False,CRITICAL,59.01
HIST_002649,AST_000033,S&T,INSPECTION,80.7,51.2,25.4,2,3,60,65,3,TRUE,TRUE,0.211,False,LOW,45.84
HIST_002650,AST_000050,TRD,REPAIR,88.2,100.0,39.7,3,3,150,136,0,FALSE,TRUE,0.11,False,CRITICAL,74.4
HIST_002651,AST_000017,TRD,REPLACEMENT,66.6,20.3,40.2,0,5,180,190,6,TRUE,FALSE,0.019,False,MEDIUM,40.59
HIST_002652,AST_000034,ENGINEERING,TESTING,82.4,53.7,20.5,1,10,240,240,0,FALSE,TRUE,0.901,False,LOW,46.0
HIST_002653,AST_000001,ENGINEERING,PREVENTIVE_MAINTENANCE,50.3,59.5,27.4,0,10,240,255,9,TRUE,FALSE,0.732,False,HIGH,46.69
HIST_002654,AST_000018,S&T,CORRECTIVE_MAINTENANCE,94.2,19.6,21.5,3,5,90,106,10,TRUE,TRUE,0.72,True,HIGH,58.71
HIST_002655,AST_000035,TRD,INSPECTION,84.2,32.3,31.3,2,8,240,242,1,TRUE,TRUE,0.18,False,HIGH,50.84
HIST_002656,AST_000002,TRD,REPAIR,63.8,24.3,32.5,3,10,90,74,0,FALSE,TRUE,0.199,False,HIGH,42.96
HIST_002657,AST_000019,ENGINEERING,REPLACEMENT,79.6,8.5,20.1,1,1,240,202,0,FALSE,TRUE,0.435,False,LOW,33.77
HIST_002658,AST_000036,S&T,REPAIR,78.2,100.0,53.3,2,8,180,210,18,TRUE,TRUE,0.141,False,HIGH,70.37
HIST_002659,AST_000003,S&T,REPLACEMENT,55.7,0.0,55.5,0,11,120,113,0,FALSE,FALSE,0.337,False,HIGH,39.06
HIST_002660,AST_000020,TRD,TESTING,63.2,0.0,25.6,4,11,90,81,0,FALSE,TRUE,0.256,False,LOW,27.83
HIST_002661,AST_000037,ENGINEERING,PREVENTIVE_MAINTENANCE,81.9,78.5,35.6,1,8,120,113,0,FALSE,TRUE,0.247,True,MEDIUM,68.81
HIST_002662,AST_000004,ENGINEERING,CORRECTIVE_MAINTENANCE,87.4,100.0,48.2,3,3,75,65,0,FALSE,TRUE,0.523,False,MEDIUM,68.36
HIST_002663,AST_000021,S&T,INSPECTION,42.9,42.6,45.7,3,10,30,31,1,TRUE,TRUE,0.086,False,MEDIUM,40.16
HIST_002664,AST_000038,TRD,REPAIR,95.1,90.1,39.8,1,10,90,96,4,TRUE,TRUE,0.014,False,MEDIUM,66.51
HIST_002665,AST_000005,TRD,REPLACEMENT,56.6,100.0,21.1,4,8,75,80,3,TRUE,TRUE,0.851,False,MEDIUM,53.7
HIST_002666,AST_000022,ENGINEERING,TESTING,76.5,94.8,55.1,4,9,150,156,4,TRUE,TRUE,0.083,False,LOW,61.42
HIST_002667,AST_000039,S&T,PREVENTIVE_MAINTENANCE,91.8,11.8,42.5,4,5,90,86,0,FALSE,TRUE,0.208,False,LOW,42.74
HIST_002668,AST_000006,S&T,CORRECTIVE_MAINTENANCE,94.3,0.0,24.9,5,5,180,145,0,FALSE,TRUE,0.654,True,CRITICAL,58.27
HIST_002669,AST_000023,TRD,INSPECTION,55.6,58.2,56.0,2,5,180,153,0,FALSE,TRUE,0.789,False,CRITICAL,57.43
HIST_002670,AST_000040,ENGINEERING,REPAIR,49.9,45.9,76.1,2,9,120,140,12,TRUE,TRUE,0.609,False,MEDIUM,49.16
HIST_002671,AST_000007,ENGINEERING,REPLACEMENT,52.8,100.0,40.5,0,1,240,252,7,TRUE,FALSE,0.63,False,CRITICAL,63.94
HIST_002672,AST_000024,S&T,TESTING,66.7,100.0,22.4,4,1,180,156,0,FALSE,TRUE,0.556,False,LOW,53.24
HIST_002673,AST_000041,TRD,PREVENTIVE_MAINTENANCE,89.8,0.0,54.0,2,5,60,48,0,FALSE,TRUE,0.798,False,CRITICAL,52.74
HIST_002674,AST_000008,TRD,CORRECTIVE_MAINTENANCE,88.0,0.0,64.3,5,6,150,173,14,TRUE,TRUE,0.72,False,CRITICAL,54.26
HIST_002675,AST_000025,ENGINEERING,INSPECTION,94.7,0.0,43.1,3,7,240,206,0,FALSE,TRUE,0.957,True,CRITICAL,62.03
HIST_002676,AST_000042,S&T,REPAIR,44.5,54.4,41.9,1,11,60,58,0,FALSE,TRUE,0.455,False,MEDIUM,42.83
HIST_002677,AST_000009,S&T,REPLACEMENT,89.0,32.1,57.4,2,6,30,33,2,TRUE,TRUE,0.172,False,CRITICAL,61.2
HIST_002678,AST_000026,TRD,TESTING,79.3,100.0,18.3,5,1,75,69,0,FALSE,TRUE,0.188,False,MEDIUM,59.95
HIST_002679,AST_000043,ENGINEERING,PREVENTIVE_MAINTENANCE,70.1,87.4,53.1,3,12,60,65,3,TRUE,TRUE,0.578,False,HIGH,64.75
HIST_002680,AST_000010,ENGINEERING,CORRECTIVE_MAINTENANCE,83.3,56.6,53.7,5,7,120,126,4,TRUE,TRUE,0.538,False,LOW,53.63
HIST_002681,AST_000027,S&T,INSPECTION,50.8,0.0,50.2,4,12,75,61,0,FALSE,TRUE,0.489,False,CRITICAL,40.28
HIST_002682,AST_000044,TRD,REPAIR,56.3,15.4,54.0,5,12,90,111,13,TRUE,TRUE,0.754,True,MEDIUM,49.04
HIST_002683,AST_000011,TRD,REPLACEMENT,69.6,28.6,65.4,1,7,75,83,5,TRUE,TRUE,0.342,False,CRITICAL,56.11
HIST_002684,AST_000028,ENGINEERING,TESTING,49.5,100.0,24.9,2,7,150,120,0,FALSE,TRUE,0.321,False,MEDIUM,52.33
HIST_002685,AST_000045,S&T,REPLACEMENT,42.3,74.4,19.6,2,3,120,110,0,FALSE,TRUE,0.54,False,LOW,38.96
HIST_002686,AST_000012,S&T,TESTING,62.0,91.4,51.3,3,8,120,135,9,TRUE,TRUE,0.741,False,MEDIUM,59.21
HIST_002687,AST_000029,TRD,PREVENTIVE_MAINTENANCE,88.2,0.0,30.1,4,12,90,97,4,TRUE,TRUE,0.118,False,MEDIUM,39.98
HIST_002688,AST_000046,ENGINEERING,CORRECTIVE_MAINTENANCE,52.0,36.4,49.6,3,7,45,39,0,FALSE,TRUE,0.009,False,MEDIUM,42.12
HIST_002689,AST_000013,ENGINEERING,INSPECTION,54.3,94.8,61.4,1,5,180,167,0,FALSE,TRUE,0.413,True,LOW,66.02
HIST_002690,AST_000030,S&T,REPAIR,88.6,100.0,27.8,0,6,120,127,4,TRUE,FALSE,0.94,False,CRITICAL,72.14
HIST_002691,AST_000047,TRD,REPLACEMENT,84.5,100.0,25.3,4,5,30,28,0,FALSE,TRUE,0.292,False,HIGH,66.66
HIST_002692,AST_000014,TRD,TESTING,44.4,93.3,73.9,4,2,60,54,0,FALSE,TRUE,0.362,False,HIGH,62.67
HIST_002693,AST_000031,ENGINEERING,PREVENTIVE_MAINTENANCE,40.4,73.8,55.7,1,8,90,86,0,FALSE,TRUE,0.685,False,MEDIUM,49.21
HIST_002694,AST_000048,S&T,CORRECTIVE_MAINTENANCE,56.3,100.0,31.7,3,2,180,172,0,FALSE,TRUE,0.167,False,LOW,51.98
HIST_002695,AST_000015,S&T,INSPECTION,53.9,100.0,75.2,5,11,240,286,28,TRUE,TRUE,0.498,False,LOW,59.96
HIST_002696,AST_000032,TRD,REPAIR,72.1,15.3,59.4,1,1,90,84,0,FALSE,TRUE,0.516,True,CRITICAL,62.34
HIST_002697,AST_000049,ENGINEERING,REPLACEMENT,67.6,46.4,54.6,4,8,30,32,1,TRUE,TRUE,0.358,False,CRITICAL,57.8
HIST_002698,AST_000016,ENGINEERING,TESTING,55.3,65.7,56.1,5,12,180,185,3,TRUE,TRUE,0.014,False,MEDIUM,51.73
HIST_002699,AST_000033,S&T,PREVENTIVE_MAINTENANCE,80.7,0.0,15.5,3,5,240,195,0,FALSE,TRUE,0.176,False,CRITICAL,42.31
HIST_002700,AST_000050,TRD,CORRECTIVE_MAINTENANCE,88.2,0.0,34.1,4,4,60,52,0,FALSE,TRUE,0.475,False,CRITICAL,48.28
HIST_002701,AST_000017,TRD,INSPECTION,66.6,100.0,44.8,0,7,30,25,0,FALSE,FALSE,0.958,False,LOW,57.69
HIST_002702,AST_000034,ENGINEERING,REPAIR,82.4,26.5,29.4,3,8,60,55,0,FALSE,TRUE,0.765,False,HIGH,48.48
HIST_002703,AST_000001,ENGINEERING,REPLACEMENT,50.3,89.6,27.7,1,10,90,79,0,FALSE,TRUE,0.147,True,HIGH,64.28
HIST_002704,AST_000018,S&T,TESTING,94.2,32.7,23.6,4,1,90,80,0,FALSE,TRUE,0.021,False,HIGH,52.41
HIST_002705,AST_000035,TRD,PREVENTIVE_MAINTENANCE,84.2,25.8,31.4,3,9,90,91,1,TRUE,TRUE,0.124,False,MEDIUM,45.49
HIST_002706,AST_000002,TRD,CORRECTIVE_MAINTENANCE,63.8,11.3,32.8,1,2,60,58,0,FALSE,TRUE,0.497,False,MEDIUM,36.02
HIST_002707,AST_000019,ENGINEERING,INSPECTION,79.6,73.4,28.4,3,10,150,156,4,TRUE,TRUE,0.858,False,CRITICAL,62.91
HIST_002708,AST_000036,S&T,REPAIR,78.2,7.9,57.3,5,2,150,172,13,TRUE,TRUE,0.546,False,HIGH,48.15
HIST_002709,AST_000003,S&T,REPLACEMENT,55.7,71.6,63.8,4,8,30,30,0,FALSE,TRUE,0.239,False,LOW,51.12
HIST_002710,AST_000020,TRD,TESTING,63.2,98.5,28.1,2,9,45,38,0,FALSE,TRUE,0.624,True,LOW,62.95
HIST_002711,AST_000037,ENGINEERING,REPLACEMENT,81.9,97.4,34.5,0,9,300,325,15,TRUE,FALSE,0.559,False,HIGH,67.07
HIST_002712,AST_000004,ENGINEERING,TESTING,87.4,100.0,55.9,0,11,240,235,0,FALSE,FALSE,0.894,False,LOW,66.15
HIST_002713,AST_000021,S&T,PREVENTIVE_MAINTENANCE,42.9,100.0,38.5,2,10,45,41,0,FALSE,TRUE,0.996,False,LOW,49.32
HIST_002714,AST_000038,TRD,CORRECTIVE_MAINTENANCE,95.1,100.0,36.6,4,2,120,111,0,FALSE,TRUE,0.014,False,LOW,64.6
HIST_002715,AST_000005,TRD,INSPECTION,56.6,68.2,18.9,1,11,45,37,0,FALSE,TRUE,0.087,False,HIGH,49.06
HIST_002716,AST_000022,ENGINEERING,REPAIR,76.5,0.0,60.1,4,1,120,115,0,FALSE,TRUE,0.738,False,CRITICAL,49.97
HIST_002717,AST_000039,S&T,REPLACEMENT,91.8,97.1,34.1,1,12,90,83,0,FALSE,TRUE,0.528,True,LOW,72.38
HIST_002718,AST_000006,S&T,TESTING,94.3,27.7,21.4,3,6,90,86,0,FALSE,TRUE,0.64,False,MEDIUM,46.99
HIST_002719,AST_000023,TRD,PREVENTIVE_MAINTENANCE,55.6,55.0,50.0,2,1,90,100,6,TRUE,TRUE,0.642,False,HIGH,51.68
HIST_002720,AST_000040,ENGINEERING,CORRECTIVE_MAINTENANCE,49.9,81.6,81.5,5,2,75,87,7,TRUE,TRUE,0.855,False,CRITICAL,66.67
HIST_002721,AST_000007,ENGINEERING,INSPECTION,52.8,0.0,45.9,2,12,75,69,0,FALSE,TRUE,0.121,False,MEDIUM,32.52
HIST_002722,AST_000024,S&T,REPAIR,66.7,34.4,23.8,1,7,45,56,7,TRUE,TRUE,0.604,False,HIGH,44.62
HIST_002723,AST_000041,TRD,REPLACEMENT,89.8,100.0,43.6,0,9,180,144,0,FALSE,FALSE,0.344,False,MEDIUM,68.16
HIST_002724,AST_000008,TRD,TESTING,88.0,62.5,64.0,1,6,120,104,0,FALSE,TRUE,0.165,True,CRITICAL,79.83
HIST_002725,AST_000025,ENGINEERING,PREVENTIVE_MAINTENANCE,94.7,26.1,32.3,3,9,120,134,8,TRUE,TRUE,0.144,False,MEDIUM,48.9
HIST_002726,AST_000042,S&T,CORRECTIVE_MAINTENANCE,44.5,100.0,51.3,1,2,120,105,0,FALSE,TRUE,0.978,False,LOW,52.36
HIST_002727,AST_000009,S&T,INSPECTION,89.0,0.0,63.5,0,2,75,86,7,TRUE,FALSE,0.193,False,CRITICAL,54.4
HIST_002728,AST_000026,TRD,REPAIR,79.3,100.0,21.5,0,2,120,110,0,FALSE,FALSE,0.885,False,MEDIUM,60.59
HIST_002729,AST_000043,ENGINEERING,REPLACEMENT,70.1,0.0,46.6,1,2,120,130,6,TRUE,TRUE,0.051,False,LOW,34.1
HIST_002730,AST_000010,ENGINEERING,TESTING,83.3,100.0,49.0,0,7,75,83,5,TRUE,FALSE,0.228,False,HIGH,71.04
HIST_002731,AST_000027,S&T,PREVENTIVE_MAINTENANCE,50.8,100.0,56.0,3,2,240,239,0,FALSE,TRUE,0.359,True,CRITICAL,76.44
HIST_002732,AST_000044,TRD,CORRECTIVE_MAINTENANCE,56.3,57.9,50.0,5,2,90,103,8,TRUE,TRUE,0.729,False,LOW,45.11
HIST_002733,AST_000011,TRD,INSPECTION,69.6,100.0,64.2,4,7,120,135,9,TRUE,TRUE,0.831,False,MEDIUM,66.22
HIST_002734,AST_000028,ENGINEERING,REPAIR,49.5,38.0,24.9,0,4,180,170,0,FALSE,FALSE,0.919,False,CRITICAL,44.33
HIST_002735,AST_000045,S&T,REPLACEMENT,42.3,62.8,24.0,5,6,90,85,0,FALSE,TRUE,0.771,False,HIGH,44.44
HIST_002736,AST_000012,S&T,TESTING,62.0,0.0,44.2,3,12,90,98,5,TRUE,TRUE,0.014,False,MEDIUM,34.94
HIST_002737,AST_000029,TRD,REPLACEMENT,88.2,23.0,23.4,5,1,60,71,7,TRUE,TRUE,0.102,False,LOW,40.64
HIST_002738,AST_000046,ENGINEERING,TESTING,52.0,100.0,55.7,2,12,60,53,0,FALSE,TRUE,0.035,True,HIGH,72.99
HIST_002739,AST_000013,ENGINEERING,PREVENTIVE_MAINTENANCE,54.3,92.8,50.4,2,9,120,146,16,TRUE,TRUE,0.066,False,LOW,53.32
HIST_002740,AST_000030,S&T,CORRECTIVE_MAINTENANCE,88.6,0.0,18.6,3,9,30,28,0,FALSE,TRUE,0.375,False,HIGH,41.55
HIST_002741,AST_000047,TRD,INSPECTION,84.5,99.2,18.0,5,9,60,65,3,TRUE,TRUE,0.462,False,CRITICAL,68.75
HIST_002742,AST_000014,TRD,REPAIR,44.4,0.0,65.1,4,2,90,93,2,TRUE,TRUE,0.75,False,HIGH,37.59
HIST_002743,AST_000031,ENGINEERING,REPLACEMENT,40.4,0.0,59.2,3,11,240,222,0,FALSE,TRUE,0.948,False,CRITICAL,38.96
HIST_002744,AST_000048,S&T,TESTING,56.3,84.8,30.3,1,6,30,34,2,TRUE,TRUE,0.131,False,MEDIUM,51.65
HIST_002745,AST_000015,S&T,PREVENTIVE_MAINTENANCE,53.9,18.4,76.8,3,9,30,25,0,FALSE,TRUE,0.5,True,CRITICAL,61.13
HIST_002746,AST_000032,TRD,CORRECTIVE_MAINTENANCE,72.1,17.0,54.3,5,9,120,100,0,FALSE,TRUE,0.648,False,LOW,40.49
HIST_002747,AST_000049,ENGINEERING,INSPECTION,67.6,80.7,58.7,4,11,75,90,9,TRUE,TRUE,0.903,False,LOW,55.95
HIST_002748,AST_000016,ENGINEERING,REPAIR,55.3,61.1,47.6,5,3,240,237,0,FALSE,TRUE,0.052,False,MEDIUM,48.89
HIST_002749,AST_000033,S&T,REPLACEMENT,80.7,0.0,18.0,1,9,75,82,4,TRUE,TRUE,0.418,False,MEDIUM,35.31
HIST_002750,AST_000050,TRD,TESTING,88.2,9.1,32.7,1,11,75,88,8,TRUE,TRUE,0.991,False,LOW,39.02
HIST_002751,AST_000017,TRD,PREVENTIVE_MAINTENANCE,66.6,14.4,37.6,5,8,90,79,0,FALSE,TRUE,0.171,False,MEDIUM,38.6
HIST_002752,AST_000034,ENGINEERING,CORRECTIVE_MAINTENANCE,82.4,22.2,21.4,3,12,90,80,0,FALSE,TRUE,0.578,True,HIGH,55.8
HIST_002753,AST_000001,ENGINEERING,INSPECTION,50.3,31.2,32.9,4,6,120,133,8,TRUE,TRUE,0.793,False,HIGH,40.72
HIST_002754,AST_000018,S&T,REPAIR,94.2,0.0,27.9,3,1,60,65,3,TRUE,TRUE,0.465,False,LOW,37.59
HIST_002755,AST_000035,TRD,REPLACEMENT,84.2,74.8,26.3,3,4,240,250,6,TRUE,TRUE,0.928,False,HIGH,60.47
HIST_002756,AST_000002,TRD,TESTING,63.8,0.0,36.7,3,7,150,173,14,TRUE,TRUE,0.924,False,HIGH,37.73
HIST_002757,AST_000019,ENGINEERING,PREVENTIVE_MAINTENANCE,79.6,0.0,20.5,5,10,30,26,0,FALSE,TRUE,0.293,False,CRITICAL,42.98
HIST_002758,AST_000036,S&T,CORRECTIVE_MAINTENANCE,78.2,67.0,45.1,1,9,60,52,0,FALSE,TRUE,0.15,False,HIGH,60.48
HIST_002759,AST_000003,S&T,INSPECTION,55.7,64.4,52.7,1,11,60,63,2,TRUE,TRUE,0.508,True,MEDIUM,60.85
HIST_002760,AST_000020,TRD,REPAIR,63.2,0.0,26.4,1,4,90,109,11,TRUE,TRUE,0.303,False,CRITICAL,39.24
HIST_002761,AST_000037,ENGINEERING,REPLACEMENT,81.9,51.8,30.3,4,2,240,245,3,TRUE,TRUE,0.508,False,CRITICAL,58.58
HIST_002762,AST_000004,ENGINEERING,TESTING,87.4,100.0,44.5,1,12,90,101,7,TRUE,TRUE,0.819,False,LOW,63.87
HIST_002763,AST_000021,S&T,PREVENTIVE_MAINTENANCE,42.9,59.6,44.6,4,3,90,105,9,TRUE,TRUE,0.932,False,LOW,40.44
HIST_002764,AST_000038,TRD,TESTING,95.1,75.3,46.7,2,8,90,76,0,FALSE,TRUE,0.743,False,LOW,60.45
HIST_002765,AST_000005,TRD,PREVENTIVE_MAINTENANCE,56.6,100.0,19.9,0,2,120,146,16,TRUE,FALSE,0.698,False,MEDIUM,53.46
HIST_002766,AST_000022,ENGINEERING,CORRECTIVE_MAINTENANCE,76.5,69.3,51.7,1,9,150,169,11,TRUE,TRUE,0.29,True,HIGH,71.87
HIST_002767,AST_000039,S&T,INSPECTION,91.8,26.2,36.3,1,9,90,97,4,TRUE,TRUE,0.17,False,LOW,45.1
HIST_002768,AST_000006,S&T,REPAIR,94.3,59.8,25.7,2,1,60,69,5,TRUE,TRUE,0.963,False,LOW,52.13
HIST_002769,AST_000023,TRD,REPLACEMENT,55.6,87.2,61.1,1,6,45,49,2,TRUE,TRUE,0.215,False,LOW,54.45
HIST_002770,AST_000040,ENGINEERING,TESTING,49.9,95.4,74.7,4,8,180,194,8,TRUE,TRUE,0.673,False,LOW,57.51
HIST_002771,AST_000007,ENGINEERING,PREVENTIVE_MAINTENANCE,52.8,50.4,44.2,3,2,150,142,0,FALSE,TRUE,0.703,False,LOW,41.03
HIST_002772,AST_000024,S&T,CORRECTIVE_MAINTENANCE,66.7,58.3,21.3,2,9,120,133,8,TRUE,TRUE,0.568,False,MEDIUM,46.34
HIST_002773,AST_000041,TRD,INSPECTION,89.8,94.1,52.4,1,8,90,94,2,TRUE,TRUE,0.799,True,LOW,74.69
HIST_002774,AST_000008,TRD,REPAIR,88.0,88.9,68.3,5,6,150,157,4,TRUE,TRUE,0.859,False,LOW,66.03
HIST_002775,AST_000025,ENGINEERING,REPLACEMENT,94.7,37.3,39.9,0,2,180,211,19,TRUE,FALSE,0.806,False,MEDIUM,53.22
HIST_002776,AST_000042,S&T,TESTING,44.5,100.0,48.6,0,4,90,87,0,FALSE,FALSE,0.681,False,LOW,51.82
HIST_002777,AST_000009,S&T,PREVENTIVE_MAINTENANCE,89.0,0.0,57.2,1,11,120,145,15,TRUE,TRUE,0.76,False,LOW,41.89
HIST_002778,AST_000026,TRD,CORRECTIVE_MAINTENANCE,79.3,80.9,28.4,1,8,90,76,0,FALSE,TRUE,0.845,False,LOW,53.45
HIST_002779,AST_000043,ENGINEERING,INSPECTION,70.1,93.6,43.2,1,5,30,26,0,FALSE,TRUE,0.554,False,CRITICAL,68.07
HIST_002780,AST_000010,ENGINEERING,REPAIR,83.3,91.6,45.8,1,7,120,135,9,TRUE,TRUE,0.589,True,MEDIUM,74.55
HIST_002781,AST_000027,S&T,REPLACEMENT,50.8,24.1,60.9,0,6,240,277,22,TRUE,FALSE,0.813,False,HIGH,44.7
HIST_002782,AST_000044,TRD,TESTING,56.3,79.6,46.1,0,3,75,91,10,TRUE,FALSE,0.988,False,MEDIUM,53.51
HIST_002783,AST_000011,TRD,PREVENTIVE_MAINTENANCE,69.6,54.1,74.0,3,7,150,152,1,TRUE,TRUE,0.624,False,MEDIUM,56.7
HIST_002784,AST_000028,ENGINEERING,CORRECTIVE_MAINTENANCE,49.5,65.8,21.9,0,9,75,88,8,TRUE,FALSE,0.537,False,HIGH,46.93
HIST_002785,AST_000045,S&T,INSPECTION,42.3,96.3,25.4,5,10,240,226,0,FALSE,TRUE,0.905,False,HIGH,53.09
HIST_002786,AST_000012,S&T,REPAIR,62.0,0.0,47.3,0,3,180,210,18,TRUE,FALSE,0.449,False,CRITICAL,43.06
HIST_002787,AST_000029,TRD,REPLACEMENT,88.2,100.0,17.3,4,8,60,71,7,TRUE,TRUE,0.195,True,HIGH,76.17
HIST_002788,AST_000046,ENGINEERING,TESTING,52.0,25.5,50.0,3,9,30,35,3,TRUE,TRUE,0.048,False,HIGH,43.23
HIST_002789,AST_000013,ENGINEERING,PREVENTIVE_MAINTENANCE,54.3,0.0,62.4,4,8,120,115,0,FALSE,TRUE,0.711,False,MEDIUM,36.27
HIST_002790,AST_000030,S&T,TESTING,88.6,94.9,27.9,4,11,300,329,17,TRUE,TRUE,0.124,False,LOW,59.63
HIST_002791,AST_000047,TRD,PREVENTIVE_MAINTENANCE,84.5,0.0,15.9,5,10,150,178,17,TRUE,TRUE,0.525,False,MEDIUM,36.03
HIST_002792,AST_000014,TRD,CORRECTIVE_MAINTENANCE,44.4,100.0,74.4,0,2,180,220,24,TRUE,FALSE,0.891,False,MEDIUM,60.7
HIST_002793,AST_000031,ENGINEERING,INSPECTION,40.4,9.9,58.1,3,12,75,69,0,FALSE,TRUE,0.412,False,LOW,29.96
HIST_002794,AST_000048,S&T,REPAIR,56.3,0.0,34.5,3,4,45,49,2,TRUE,TRUE,0.997,True,CRITICAL,48.79
HIST_002795,AST_000015,S&T,REPLACEMENT,53.9,15.2,71.0,3,7,150,132,0,FALSE,TRUE,0.029,False,MEDIUM,41.67
HIST_002796,AST_000032,TRD,TESTING,72.1,54.8,55.7,5,4,60,68,5,TRUE,TRUE,0.735,False,MEDIUM,53.97
HIST_002797,AST_000049,ENGINEERING,PREVENTIVE_MAINTENANCE,67.6,68.9,59.7,4,1,45,56,7,TRUE,TRUE,0.075,False,MEDIUM,56.94
HIST_002798,AST_000016,ENGINEERING,CORRECTIVE_MAINTENANCE,55.3,100.0,54.2,4,8,120,115,0,FALSE,TRUE,0.506,False,CRITICAL,67.43
HIST_002799,AST_000033,S&T,INSPECTION,80.7,100.0,27.9,4,12,90,92,1,TRUE,TRUE,0.77,False,CRITICAL,69.79
HIST_002800,AST_000050,TRD,REPAIR,88.2,100.0,35.1,1,11,75,80,3,TRUE,TRUE,0.728,False,MEDIUM,65.98
HIST_002801,AST_000017,TRD,REPLACEMENT,66.6,0.0,38.2,3,6,240,297,34,TRUE,TRUE,0.083,True,HIGH,48.87
HIST_002802,AST_000034,ENGINEERING,TESTING,82.4,31.1,24.6,4,8,60,57,0,FALSE,TRUE,0.123,False,MEDIUM,44.92
HIST_002803,AST_000001,ENGINEERING,PREVENTIVE_MAINTENANCE,50.3,100.0,27.6,1,10,60,51,0,FALSE,TRUE,0.029,False,MEDIUM,53.11
HIST_002804,AST_000018,S&T,CORRECTIVE_MAINTENANCE,94.2,100.0,32.2,4,3,30,27,0,FALSE,TRUE,0.161,False,CRITICAL,74.7
HIST_002805,AST_000035,TRD,INSPECTION,84.2,100.0,22.2,1,5,150,166,10,TRUE,TRUE,0.16,False,LOW,58.45
HIST_002806,AST_000002,TRD,REPAIR,63.8,100.0,34.8,3,3,30,30,0,FALSE,TRUE,0.577,False,CRITICAL,66.1
HIST_002807,AST_000019,ENGINEERING,REPLACEMENT,79.6,100.0,18.1,3,1,150,138,0,FALSE,TRUE,0.591,False,HIGH,63.75
HIST_002808,AST_000036,S&T,TESTING,78.2,94.2,48.5,1,7,30,32,1,TRUE,TRUE,0.188,True,MEDIUM,74.21
HIST_002809,AST_000003,S&T,PREVENTIVE_MAINTENANCE,55.7,17.4,61.0,2,9,60,68,5,TRUE,TRUE,0.306,False,LOW,37.01
HIST_002810,AST_000020,TRD,CORRECTIVE_MAINTENANCE,63.2,57.5,30.5,2,3,240,292,31,TRUE,TRUE,0.79,False,HIGH,50.69
HIST_002811,AST_000037,ENGINEERING,INSPECTION,81.9,1.7,31.3,3,6,240,205,0,FALSE,TRUE,0.108,False,HIGH,42.51
HIST_002812,AST_000004,ENGINEERING,REPAIR,87.4,79.0,48.7,5,2,75,75,0,FALSE,TRUE,0.473,False,CRITICAL,70.71
HIST_002813,AST_000021,S&T,REPLACEMENT,42.9,45.5,44.3,1,4,240,239,0,FALSE,TRUE,0.356,False,CRITICAL,48.1
HIST_002814,AST_000038,TRD,TESTING,95.1,100.0,40.5,0,11,60,62,1,TRUE,FALSE,0.412,False,CRITICAL,76.63
HIST_002815,AST_000005,TRD,PREVENTIVE_MAINTENANCE,56.6,100.0,19.0,5,10,120,135,9,TRUE,TRUE,0.196,True,LOW,59.53
HIST_002816,AST_000022,ENGINEERING,TESTING,76.5,9.3,56.3,3,6,180,145,0,FALSE,TRUE,0.76,False,LOW,40.28
HIST_002817,AST_000039,S&T,PREVENTIVE_MAINTENANCE,91.8,48.5,36.2,5,8,90,102,7,TRUE,TRUE,0.949,False,CRITICAL,61.91
HIST_002818,AST_000006,S&T,CORRECTIVE_MAINTENANCE,94.3,6.9,16.0,5,10,150,167,10,TRUE,TRUE,0.258,False,LOW,36.97
HIST_002819,AST_000023,TRD,INSPECTION,55.6,18.6,62.0,0,11,60,53,0,FALSE,FALSE,0.534,False,LOW,37.48
HIST_002820,AST_000040,ENGINEERING,REPAIR,49.9,25.4,70.3,2,1,90,92,1,TRUE,TRUE,0.546,False,CRITICAL,50.38
HIST_002821,AST_000007,ENGINEERING,REPLACEMENT,52.8,100.0,35.2,5,11,180,211,19,TRUE,TRUE,0.678,False,HIGH,59.13
HIST_002822,AST_000024,S&T,TESTING,66.7,48.1,23.6,1,8,150,138,0,FALSE,TRUE,0.9,True,LOW,50.51
HIST_002823,AST_000041,TRD,PREVENTIVE_MAINTENANCE,89.8,0.7,53.9,0,11,45,54,5,TRUE,FALSE,0.191,False,LOW,41.64
HIST_002824,AST_000008,TRD,CORRECTIVE_MAINTENANCE,88.0,100.0,61.0,5,10,60,54,0,FALSE,TRUE,0.034,False,HIGH,74.85
HIST_002825,AST_000025,ENGINEERING,INSPECTION,94.7,100.0,40.4,5,11,180,214,20,TRUE,TRUE,0.505,False,CRITICAL,76.49
HIST_002826,AST_000042,S&T,REPAIR,44.5,100.0,49.8,2,4,180,206,16,TRUE,TRUE,0.242,False,HIGH,59.56
HIST_002827,AST_000009,S&T,REPLACEMENT,89.0,0.0,56.3,3,4,240,265,15,TRUE,TRUE,0.683,False,LOW,41.71
HIST_002828,AST_000026,TRD,TESTING,79.3,59.5,27.8,4,3,60,56,0,FALSE,TRUE,0.02,False,LOW,47.98
HIST_002829,AST_000043,ENGINEERING,PREVENTIVE_MAINTENANCE,70.1,32.6,45.2,2,11,90,101,7,TRUE,TRUE,0.811,True,CRITICAL,63.22
HIST_002830,AST_000010,ENGINEERING,CORRECTIVE_MAINTENANCE,83.3,40.9,46.2,3,4,75,74,0,FALSE,TRUE,0.34,False,MEDIUM,51.95
HIST_002831,AST_000027,S&T,INSPECTION,50.8,47.6,60.3,5,8,240,235,0,FALSE,TRUE,0.265,False,CRITICAL,54.2
HIST_002832,AST_000044,TRD,REPAIR,56.3,5.7,47.8,5,7,75,82,4,TRUE,TRUE,0.429,False,LOW,31.62
HIST_002833,AST_000011,TRD,REPLACEMENT,69.6,100.0,64.9,5,11,90,88,0,FALSE,TRUE,0.432,False,CRITICAL,73.86
HIST_002834,AST_000028,ENGINEERING,TESTING,49.5,0.0,27.7,2,3,30,26,0,FALSE,TRUE,0.956,False,LOW,24.14
HIST_002835,AST_000045,S&T,PREVENTIVE_MAINTENANCE,42.3,43.1,29.7,5,2,75,86,7,TRUE,TRUE,0.709,False,HIGH,40.66
HIST_002836,AST_000012,S&T,CORRECTIVE_MAINTENANCE,62.0,73.4,46.4,5,12,90,109,11,TRUE,TRUE,0.684,True,HIGH,67.48
HIST_002837,AST_000029,TRD,INSPECTION,88.2,100.0,18.3,0,1,150,139,0,FALSE,FALSE,0.027,False,MEDIUM,62.62
HIST_002838,AST_000046,ENGINEERING,REPAIR,52.0,73.2,59.7,3,8,75,75,0,FALSE,TRUE,0.698,False,CRITICAL,60.84
HIST_002839,AST_000013,ENGINEERING,REPLACEMENT,54.3,81.8,53.8,2,11,120,131,7,TRUE,TRUE,0.08,False,HIGH,58.75
HIST_002840,AST_000030,S&T,TESTING,88.6,73.2,20.0,3,11,180,217,22,TRUE,TRUE,0.29,False,LOW,52.63
HIST_002841,AST_000047,TRD,PREVENTIVE_MAINTENANCE,84.5,100.0,24.4,0,6,90,79,0,FALSE,FALSE,0.741,False,LOW,58.98
HIST_002842,AST_000014,TRD,CORRECTIVE_MAINTENANCE,44.4,10.9,73.5,1,8,30,37,4,TRUE,TRUE,0.515,False,HIGH,41.99
HIST_002843,AST_000031,ENGINEERING,PREVENTIVE_MAINTENANCE,40.4,59.8,53.7,2,11,150,165,9,TRUE,TRUE,0.006,True,CRITICAL,62.81
HIST_002844,AST_000048,S&T,CORRECTIVE_MAINTENANCE,56.3,74.6,37.2,4,5,120,142,13,TRUE,TRUE,0.761,False,CRITICAL,57.98
HIST_002845,AST_000015,S&T,INSPECTION,53.9,99.7,69.6,1,7,180,190,6,TRUE,TRUE,0.449,False,HIGH,66.27
HIST_002846,AST_000032,TRD,REPAIR,72.1,69.8,54.9,0,7,60,52,0,FALSE,FALSE,0.231,False,LOW,53.81
HIST_002847,AST_000049,ENGINEERING,REPLACEMENT,67.6,100.0,55.3,5,4,120,116,0,FALSE,TRUE,0.441,False,HIGH,67.59
HIST_002848,AST_000016,ENGINEERING,TESTING,55.3,100.0,48.3,4,10,150,173,14,TRUE,TRUE,0.297,False,HIGH,62.5
HIST_002849,AST_000033,S&T,PREVENTIVE_MAINTENANCE,80.7,74.9,17.4,0,3,180,150,0,FALSE,FALSE,0.942,False,HIGH,57.66
HIST_002850,AST_000050,TRD,CORRECTIVE_MAINTENANCE,88.2,26.1,35.4,2,7,180,146,0,FALSE,TRUE,0.233,True,LOW,53.81
HIST_002851,AST_000017,TRD,INSPECTION,66.6,7.2,43.4,5,4,90,102,7,TRUE,TRUE,0.175,False,LOW,34.21
HIST_002852,AST_000034,ENGINEERING,REPAIR,82.4,0.0,18.3,1,9,60,57,0,FALSE,TRUE,0.922,False,HIGH,39.63
HIST_002853,AST_000001,ENGINEERING,REPLACEMENT,50.3,0.0,34.3,0,8,120,139,11,TRUE,FALSE,0.991,False,LOW,25.7
HIST_002854,AST_000018,S&T,TESTING,94.2,0.0,21.5,4,6,90,87,0,FALSE,TRUE,0.782,False,HIGH,43.81
HIST_002855,AST_000035,TRD,PREVENTIVE_MAINTENANCE,84.2,83.3,29.5,2,1,120,138,11,TRUE,TRUE,0.169,False,LOW,55.73
HIST_002856,AST_000002,TRD,CORRECTIVE_MAINTENANCE,63.8,0.0,34.7,2,3,90,89,0,FALSE,TRUE,0.871,False,HIGH,37.33
HIST_002857,AST_000019,ENGINEERING,INSPECTION,79.6,100.0,28.5,1,5,150,184,20,TRUE,TRUE,0.302,True,LOW,68.33
HIST_002858,AST_000036,S&T,REPAIR,78.2,71.1,57.9,4,6,75,90,9,TRUE,TRUE,0.397,False,LOW,56.56
HIST_002859,AST_000003,S&T,REPLACEMENT,55.7,72.3,57.3,1,12,180,145,0,FALSE,TRUE,0.399,False,LOW,49.99
HIST_002860,AST_000020,TRD,TESTING,63.2,26.7,22.6,1,1,120,130,6,TRUE,TRUE,0.902,False,HIGH,41.41
HIST_002861,AST_000037,ENGINEERING,PREVENTIVE_MAINTENANCE,81.9,62.2,34.1,0,10,150,132,0,FALSE,FALSE,0.355,False,LOW,50.69
HIST_002862,AST_000004,ENGINEERING,CORRECTIVE_MAINTENANCE,87.4,0.0,50.4,4,7,150,136,0,FALSE,TRUE,0.698,False,CRITICAL,51.3
HIST_002863,AST_000021,S&T,INSPECTION,42.9,100.0,44.5,0,1,240,221,0,FALSE,FALSE,0.938,False,HIGH,58.02
HIST_002864,AST_000038,TRD,REPAIR,95.1,100.0,46.7,4,4,45,52,4,TRUE,TRUE,0.349,True,LOW,76.62
HIST_002865,AST_000005,TRD,REPLACEMENT,56.6,100.0,24.7,5,6,150,155,3,TRUE,TRUE,0.502,False,CRITICAL,61.92
HIST_002866,AST_000022,ENGINEERING,TESTING,76.5,16.0,50.4,0,2,180,206,16,TRUE,FALSE,0.26,False,LOW,40.78
HIST_002867,AST_000039,S&T,PREVENTIVE_MAINTENANCE,91.8,0.0,35.9,2,6,60,57,0,FALSE,TRUE,0.281,False,HIGH,45.97
HIST_002868,AST_000006,S&T,CORRECTIVE_MAINTENANCE,94.3,89.2,21.7,0,5,75,88,8,TRUE,FALSE,0.32,False,HIGH,66.18
HIST_002869,AST_000023,TRD,PREVENTIVE_MAINTENANCE,55.6,22.4,55.1,3,10,60,59,0,FALSE,TRUE,0.85,False,MEDIUM,40.8
HIST_002870,AST_000040,ENGINEERING,CORRECTIVE_MAINTENANCE,49.9,78.5,75.1,0,11,75,80,3,TRUE,FALSE,0.212,False,LOW,53.36
HIST_002871,AST_000007,ENGINEERING,INSPECTION,52.8,62.5,39.5,2,9,180,163,0,FALSE,TRUE,0.672,True,LOW,53.11
HIST_002872,AST_000024,S&T,REPAIR,66.7,0.0,29.7,1,4,75,85,6,TRUE,TRUE,0.457,False,MEDIUM,33.45
HIST_002873,AST_000041,TRD,REPLACEMENT,89.8,100.0,46.1,4,7,30,36,4,TRUE,TRUE,0.263,False,CRITICAL,76.16
HIST_002874,AST_000008,TRD,TESTING,88.0,81.6,60.9,0,8,30,32,1,TRUE,FALSE,0.011,False,CRITICAL,73.98
HIST_002875,AST_000025,ENGINEERING,PREVENTIVE_MAINTENANCE,94.7,82.2,39.7,1,7,45,56,7,TRUE,TRUE,0.081,False,MEDIUM,64.4
HIST_002876,AST_000042,S&T,CORRECTIVE_MAINTENANCE,44.5,100.0,39.3,2,1,240,245,3,TRUE,TRUE,0.401,False,CRITICAL,61.21
HIST_002877,AST_000009,S&T,INSPECTION,89.0,0.0,61.0,5,5,60,61,1,TRUE,TRUE,0.342,False,CRITICAL,53.9
HIST_002878,AST_000026,TRD,REPAIR,79.3,78.6,20.7,4,11,60,50,0,FALSE,TRUE,0.8,True,MEDIUM,65.08
HIST_002879,AST_000043,ENGINEERING,REPLACEMENT,70.1,70.3,51.0,5,12,60,74,8,TRUE,TRUE,0.049,False,MEDIUM,56.3
HIST_002880,AST_000010,ENGINEERING,TESTING,83.3,96.1,52.4,0,3,180,149,0,FALSE,FALSE,0.632,False,MEDIUM,67.0
HIST_002881,AST_000027,S&T,PREVENTIVE_MAINTENANCE,50.8,60.9,48.5,3,10,120,148,17,TRUE,TRUE,0.75,False,HIGH,51.41
HIST_002882,AST_000044,TRD,CORRECTIVE_MAINTENANCE,56.3,0.0,47.6,2,8,180,208,17,TRUE,TRUE,0.362,False,LOW,30.16
HIST_002883,AST_000011,TRD,INSPECTION,69.6,10.8,71.0,3,6,30,32,1,TRUE,TRUE,0.836,False,HIGH,49.03
HIST_002884,AST_000028,ENGINEERING,REPAIR,49.5,54.2,23.9,0,5,45,47,1,TRUE,FALSE,0.432,False,MEDIUM,40.68
HIST_002885,AST_000045,S&T,REPLACEMENT,42.3,19.2,23.2,2,7,60,53,0,FALSE,TRUE,0.315,True,MEDIUM,39.63
HIST_002886,AST_000012,S&T,TESTING,62.0,0.0,42.1,4,9,150,141,0,FALSE,TRUE,0.062,False,LOW,30.77
HIST_002887,AST_000029,TRD,PREVENTIVE_MAINTENANCE,88.2,0.0,30.3,2,9,120,111,0,FALSE,TRUE,0.133,False,LOW,36.27
HIST_002888,AST_000046,ENGINEERING,CORRECTIVE_MAINTENANCE,52.0,0.0,61.4,0,5,150,166,10,TRUE,FALSE,0.362,False,MEDIUM,35.38
HIST_002889,AST_000013,ENGINEERING,INSPECTION,54.3,88.2,61.5,2,6,30,26,0,FALSE,TRUE,0.66,False,MEDIUM,58.14
HIST_002890,AST_000030,S&T,REPAIR,88.6,100.0,27.4,5,7,60,52,0,FALSE,TRUE,0.06,False,CRITICAL,72.06
HIST_002891,AST_000047,TRD,REPLACEMENT,84.5,0.0,19.8,2,5,30,33,2,TRUE,TRUE,0.765,False,CRITICAL,44.31
HIST_002892,AST_000014,TRD,TESTING,44.4,71.8,72.4,3,1,90,82,0,FALSE,TRUE,0.415,True,MEDIUM,63.25
HIST_002893,AST_000031,ENGINEERING,PREVENTIVE_MAINTENANCE,40.4,100.0,50.0,1,11,180,222,25,TRUE,TRUE,0.072,False,CRITICAL,62.12
HIST_002894,AST_000048,S&T,CORRECTIVE_MAINTENANCE,56.3,39.3,37.7,3,11,75,72,0,FALSE,TRUE,0.208,False,HIGH,45.5
HIST_002895,AST_000015,S&T,PREVENTIVE_MAINTENANCE,53.9,69.1,69.0,4,1,180,153,0,FALSE,TRUE,0.24,False,HIGH,58.49
HIST_002896,AST_000032,TRD,CORRECTIVE_MAINTENANCE,72.1,80.0,57.0,0,2,120,133,8,TRUE,FALSE,0.985,False,LOW,56.78
HIST_002897,AST_000049,ENGINEERING,INSPECTION,67.6,0.0,50.5,2,7,60,68,5,TRUE,TRUE,0.879,False,CRITICAL,45.38
HIST_002898,AST_000016,ENGINEERING,REPAIR,55.3,63.7,43.4,1,2,90,103,8,TRUE,TRUE,0.138,False,CRITICAL,56.2
HIST_002899,AST_000033,S&T,REPLACEMENT,80.7,75.6,24.8,4,2,75,82,4,TRUE,TRUE,0.634,True,MEDIUM,65.57
HIST_002900,AST_000050,TRD,TESTING,88.2,35.6,35.5,2,11,30,29,0,FALSE,TRUE,0.681,False,LOW,46.21
HIST_002901,AST_000017,TRD,PREVENTIVE_MAINTENANCE,66.6,100.0,43.2,5,11,30,33,2,TRUE,TRUE,0.266,False,HIGH,64.87
HIST_002902,AST_000034,ENGINEERING,CORRECTIVE_MAINTENANCE,82.4,0.0,25.1,3,1,150,183,20,TRUE,TRUE,0.112,False,MEDIUM,37.24
HIST_002903,AST_000001,ENGINEERING,INSPECTION,50.3,19.7,27.1,4,3,75,83,5,TRUE,TRUE,0.894,False,HIGH,36.69
HIST_002904,AST_000018,S&T,REPAIR,94.2,40.6,26.1,4,4,240,225,0,FALSE,TRUE,0.779,False,CRITICAL,58.63
HIST_002905,AST_000035,TRD,REPLACEMENT,84.2,100.0,23.3,4,7,60,58,0,FALSE,TRUE,0.617,False,HIGH,66.17
HIST_002906,AST_000002,TRD,TESTING,63.8,100.0,39.9,2,4,60,57,0,FALSE,TRUE,0.374,True,MEDIUM,69.62
HIST_002907,AST_000019,ENGINEERING,PREVENTIVE_MAINTENANCE,79.6,42.0,22.7,3,10,120,126,4,TRUE,TRUE,0.183,False,HIGH,50.17
HIST_002908,AST_000036,S&T,CORRECTIVE_MAINTENANCE,78.2,100.0,44.8,5,7,240,197,0,FALSE,TRUE,0.422,False,HIGH,68.67
HIST_002909,AST_000003,S&T,INSPECTION,55.7,0.0,54.3,0,7,30,32,1,TRUE,FALSE,0.164,False,HIGH,38.82
HIST_002910,AST_000020,TRD,REPAIR,63.2,77.6,28.3,3,2,90,79,0,FALSE,TRUE,0.234,False,LOW,47.77
HIST_002911,AST_000037,ENGINEERING,REPLACEMENT,81.9,74.4,29.5,5,8,180,218,23,TRUE,TRUE,0.779,False,MEDIUM,56.57
HIST_002912,AST_000004,ENGINEERING,TESTING,87.4,100.0,43.6,1,2,120,121,1,TRUE,TRUE,0.571,False,CRITICAL,74.94
HIST_002913,AST_000021,S&T,PREVENTIVE_MAINTENANCE,42.9,17.6,48.8,5,3,30,26,0,FALSE,TRUE,0.931,True,LOW,40.78
HIST_002914,AST_000038,TRD,CORRECTIVE_MAINTENANCE,95.1,86.1,40.6,4,1,180,203,14,TRUE,TRUE,0.066,False,LOW,61.92
HIST_002915,AST_000005,TRD,INSPECTION,56.6,82.3,21.0,3,8,60,50,0,FALSE,TRUE,0.424,False,LOW,45.51
HIST_002916,AST_000022,ENGINEERING,REPAIR,76.5,100.0,54.0,0,10,240,240,0,FALSE,FALSE,0.246,False,CRITICAL,73.75
HIST_002917,AST_000039,S&T,REPLACEMENT,91.8,100.0,44.8,0,11,60,50,0,FALSE,FALSE,0.864,False,MEDIUM,69.0
HIST_002918,AST_000006,S&T,TESTING,94.3,62.3,16.1,3,9,75,73,0,FALSE,TRUE,0.898,False,CRITICAL,62.08
HIST_002919,AST_000023,TRD,PREVENTIVE_MAINTENANCE,55.6,88.7,57.5,4,3,60,52,0,FALSE,TRUE,0.474,False,LOW,54.11
HIST_002920,AST_000040,ENGINEERING,CORRECTIVE_MAINTENANCE,49.9,0.0,81.8,5,12,75,88,8,TRUE,TRUE,0.08,True,LOW,45.08
HIST_002921,AST_000007,ENGINEERING,INSPECTION,52.8,17.5,37.0,2,2,120,112,0,FALSE,TRUE,0.727,False,MEDIUM,35.11
HIST_002922,AST_000024,S&T,CORRECTIVE_MAINTENANCE,66.7,10.8,27.7,5,10,240,273,20,TRUE,TRUE,0.297,False,CRITICAL,43.25
HIST_002923,AST_000041,TRD,INSPECTION,89.8,100.0,51.7,4,2,90,76,0,FALSE,TRUE,0.536,False,MEDIUM,69.78
HIST_002924,AST_000008,TRD,REPAIR,88.0,57.6,58.6,2,10,75,66,0,FALSE,TRUE,0.912,False,HIGH,63.77
HIST_002925,AST_000025,ENGINEERING,REPLACEMENT,94.7,98.7,40.5,0,12,180,202,13,TRUE,FALSE,0.855,False,CRITICAL,76.19
HIST_002926,AST_000042,S&T,TESTING,44.5,100.0,51.0,1,1,180,193,8,TRUE,TRUE,0.228,False,CRITICAL,63.55
HIST_002927,AST_000009,S&T,PREVENTIVE_MAINTENANCE,89.0,97.0,52.7,4,9,150,155,3,TRUE,TRUE,0.481,True,LOW,75.24
HIST_002928,AST_000026,TRD,CORRECTIVE_MAINTENANCE,79.3,0.0,22.1,1,2,75,66,0,FALSE,TRUE,0.102,False,CRITICAL,43.21
HIST_002929,AST_000043,ENGINEERING,INSPECTION,70.1,100.0,44.3,1,12,150,177,16,TRUE,TRUE,0.346,False,CRITICAL,69.89
HIST_002930,AST_000010,ENGINEERING,REPAIR,83.3,0.0,53.3,1,11,75,73,0,FALSE,TRUE,0.294,False,LOW,39.4
HIST_002931,AST_000027,S&T,REPLACEMENT,50.8,3.4,52.9,4,8,30,24,0,FALSE,TRUE,0.336,False,CRITICAL,41.67
HIST_002932,AST_000044,TRD,TESTING,56.3,91.6,52.4,0,7,75,80,3,TRUE,FALSE,0.688,False,CRITICAL,65.27
HIST_002933,AST_000011,TRD,PREVENTIVE_MAINTENANCE,69.6,57.1,74.5,3,6,180,180,0,FALSE,TRUE,0.133,False,CRITICAL,65.06
HIST_002934,AST_000028,ENGINEERING,CORRECTIVE_MAINTENANCE,49.5,100.0,23.3,3,11,120,108,0,FALSE,TRUE,0.804,True,CRITICAL,69.51
HIST_002935,AST_000045,S&T,INSPECTION,42.3,100.0,26.5,3,1,180,170,0,FALSE,TRUE,0.979,False,HIGH,54.24
HIST_002936,AST_000012,S&T,REPAIR,62.0,34.5,47.7,4,1,120,142,13,TRUE,TRUE,0.858,False,CRITICAL,51.77
HIST_002937,AST_000029,TRD,REPLACEMENT,88.2,100.0,20.6,1,10,30,34,2,TRUE,TRUE,0.823,False,HIGH,66.83
HIST_002938,AST_000046,ENGINEERING,TESTING,52.0,0.0,49.0,3,10,240,238,0,FALSE,TRUE,0.578,False,MEDIUM,32.9
HIST_002939,AST_000013,ENGINEERING,PREVENTIVE_MAINTENANCE,54.3,100.0,53.2,4,2,75,79,2,TRUE,TRUE,0.865,False,MEDIUM,59.43
HIST_002940,AST_000030,S&T,CORRECTIVE_MAINTENANCE,88.6,54.3,29.8,3,1,240,250,6,TRUE,TRUE,0.692,False,HIGH,57.37
HIST_002941,AST_000047,TRD,INSPECTION,84.5,89.4,26.8,2,7,180,149,0,FALSE,TRUE,0.202,True,LOW,66.81
HIST_002942,AST_000014,TRD,REPAIR,44.4,1.6,63.6,4,3,60,51,0,FALSE,TRUE,0.386,False,MEDIUM,33.94
HIST_002943,AST_000031,ENGINEERING,REPLACEMENT,40.4,11.6,58.3,1,5,240,300,36,TRUE,TRUE,0.07,False,HIGH,37.93
HIST_002944,AST_000048,S&T,TESTING,56.3,100.0,33.3,1,4,90,88,0,FALSE,TRUE,0.234,False,HIGH,59.8
HIST_002945,AST_000015,S&T,PREVENTIVE_MAINTENANCE,53.9,29.9,68.0,0,11,60,74,8,TRUE,FALSE,0.32,False,LOW,40.99
HIST_002946,AST_000032,TRD,CORRECTIVE_MAINTENANCE,72.1,0.0,54.6,1,10,240,290,30,TRUE,TRUE,0.072,False,MEDIUM,40.05
HIST_002947,AST_000049,ENGINEERING,INSPECTION,67.6,81.9,53.4,5,5,150,148,0,FALSE,TRUE,0.181,False,CRITICAL,66.44
HIST_002948,AST_000016,ENGINEERING,CORRECTIVE_MAINTENANCE,55.3,100.0,47.3,4,4,61,63,1,TRUE,TRUE,0.726,True,MEDIUM,68.55
HIST_002949,AST_000033,S&T,INSPECTION,80.7,96.8,17.5,5,4,240,271,19,TRUE,TRUE,0.593,False,HIGH,63.16
HIST_002950,AST_000050,TRD,REPAIR,88.2,57.0,30.9,2,12,180,193,8,TRUE,TRUE,0.528,False,HIGH,58.14
HIST_002951,AST_000017,TRD,REPLACEMENT,66.6,100.0,44.2,1,12,60,60,0,FALSE,TRUE,0.422,False,LOW,57.57
HIST_002952,AST_000034,ENGINEERING,TESTING,82.4,99.0,26.0,3,12,75,63,0,FALSE,TRUE,0.514,False,LOW,58.42
HIST_002953,AST_000001,ENGINEERING,PREVENTIVE_MAINTENANCE,50.3,100.0,28.8,1,2,60,70,6,TRUE,TRUE,0.287,False,MEDIUM,53.35
HIST_002954,AST_000018,S&T,CORRECTIVE_MAINTENANCE,94.2,71.6,28.3,5,12,150,147,0,FALSE,TRUE,0.673,False,LOW,55.57
HIST_002955,AST_000035,TRD,INSPECTION,84.2,100.0,26.0,4,8,75,88,8,TRUE,TRUE,0.605,True,HIGH,76.71
HIST_002956,AST_000002,TRD,REPAIR,63.8,10.9,40.2,4,10,90,81,0,FALSE,TRUE,0.181,False,HIGH,41.16
HIST_002957,AST_000019,ENGINEERING,REPLACEMENT,79.6,71.1,21.3,0,3,75,81,4,TRUE,FALSE,0.908,False,MEDIUM,53.41
HIST_002958,AST_000036,S&T,TESTING,78.2,94.5,54.3,1,7,45,54,5,TRUE,TRUE,0.652,False,HIGH,69.19
HIST_002959,AST_000003,S&T,PREVENTIVE_MAINTENANCE,55.7,75.5,52.8,0,3,90,80,0,FALSE,FALSE,0.338,False,LOW,49.9
HIST_002960,AST_000020,TRD,CORRECTIVE_MAINTENANCE,63.2,100.0,29.2,5,3,75,80,3,TRUE,TRUE,0.899,False,MEDIUM,57.3
HIST_002961,AST_000037,ENGINEERING,INSPECTION,81.9,54.4,41.5,2,5,75,75,0,FALSE,TRUE,0.458,False,CRITICAL,61.47
HIST_002962,AST_000004,ENGINEERING,REPAIR,87.4,100.0,43.9,4,6,75,67,0,FALSE,TRUE,0.565,True,HIGH,81.25
HIST_002963,AST_000021,S&T,REPLACEMENT,42.9,0.0,45.7,2,4,30,27,0,FALSE,TRUE,0.843,False,HIGH,33.26
HIST_002964,AST_000038,TRD,TESTING,95.1,100.0,44.3,5,6,45,47,1,TRUE,TRUE,0.01,False,CRITICAL,77.39
HIST_002965,AST_000005,TRD,PREVENTIVE_MAINTENANCE,56.6,66.7,11.2,5,3,120,105,0,FALSE,TRUE,0.653,False,HIGH,47.15
HIST_002966,AST_000022,ENGINEERING,CORRECTIVE_MAINTENANCE,76.5,51.8,53.6,0,7,45,55,6,TRUE,FALSE,0.039,False,CRITICAL,61.62
HIST_002967,AST_000039,S&T,INSPECTION,91.8,15.5,41.4,1,5,180,172,0,FALSE,TRUE,0.322,False,CRITICAL,54.7
HIST_002968,AST_000006,S&T,REPAIR,94.3,0.0,14.0,5,7,75,92,10,TRUE,TRUE,0.089,False,MEDIUM,38.59
HIST_002969,AST_000023,TRD,REPLACEMENT,55.6,24.2,62.7,5,10,30,32,1,TRUE,TRUE,0.456,True,HIGH,56.52
HIST_002970,AST_000040,ENGINEERING,TESTING,49.9,75.5,71.1,0,1,75,93,11,TRUE,FALSE,0.613,False,HIGH,59.31
HIST_002971,AST_000007,ENGINEERING,PREVENTIVE_MAINTENANCE,52.8,20.3,42.5,0,6,75,74,0,FALSE,FALSE,0.129,False,MEDIUM,36.91
HIST_002972,AST_000024,S&T,CORRECTIVE_MAINTENANCE,66.7,0.0,22.4,1,11,90,103,8,TRUE,TRUE,0.869,False,HIGH,35.74
HIST_002973,AST_000041,TRD,INSPECTION,89.8,100.0,51.6,4,11,150,138,0,FALSE,TRUE,0.742,False,MEDIUM,69.76
HIST_002974,AST_000008,TRD,CORRECTIVE_MAINTENANCE,88.0,10.5,59.8,2,4,60,56,0,FALSE,TRUE,0.765,False,LOW,44.73
HIST_002975,AST_000025,ENGINEERING,INSPECTION,94.7,71.1,33.7,2,5,45,41,0,FALSE,TRUE,0.768,False,MEDIUM,60.43
HIST_002976,AST_000042,S&T,REPAIR,44.5,42.4,38.7,1,8,120,132,7,TRUE,TRUE,0.973,True,MEDIUM,49.19
HIST_002977,AST_000009,S&T,REPLACEMENT,89.0,0.0,60.6,3,5,30,36,4,TRUE,TRUE,0.223,False,MEDIUM,46.32
HIST_002978,AST_000026,TRD,TESTING,79.3,77.7,17.8,5,8,240,210,0,FALSE,TRUE,0.876,False,HIGH,58.03
HIST_002979,AST_000043,ENGINEERING,PREVENTIVE_MAINTENANCE,70.1,0.0,44.0,5,2,120,106,0,FALSE,TRUE,0.835,False,MEDIUM,37.33
HIST_002980,AST_000010,ENGINEERING,CORRECTIVE_MAINTENANCE,83.3,100.0,42.3,3,7,180,199,11,TRUE,TRUE,0.772,False,HIGH,69.7
HIST_002981,AST_000027,S&T,INSPECTION,50.8,24.5,60.7,1,6,45,40,0,FALSE,TRUE,0.876,False,LOW,37.25
HIST_002982,AST_000044,TRD,REPAIR,56.3,100.0,49.2,4,10,60,49,0,FALSE,TRUE,0.56,False,LOW,55.48
HIST_002983,AST_000011,TRD,REPLACEMENT,69.6,98.8,66.3,4,7,240,211,0,FALSE,TRUE,0.974,True,HIGH,80.09
HIST_002984,AST_000028,ENGINEERING,TESTING,49.5,96.7,31.2,3,5,90,101,7,TRUE,TRUE,0.166,False,LOW,49.02
HIST_002985,AST_000045,S&T,PREVENTIVE_MAINTENANCE,42.3,100.0,24.6,2,1,75,73,0,FALSE,TRUE,0.734,False,LOW,46.36
HIST_002986,AST_000012,S&T,CORRECTIVE_MAINTENANCE,62.0,100.0,43.8,5,8,180,170,0,FALSE,TRUE,0.368,False,LOW,56.11
HIST_002987,AST_000029,TRD,INSPECTION,88.2,92.9,25.1,3,8,90,87,0,FALSE,TRUE,0.468,False,CRITICAL,69.71
HIST_002988,AST_000046,ENGINEERING,REPAIR,52.0,40.2,56.4,1,10,30,36,4,TRUE,TRUE,0.156,False,HIGH,48.18
HIST_002989,AST_000013,ENGINEERING,REPLACEMENT,54.3,33.1,58.0,1,6,60,48,0,FALSE,TRUE,0.461,False,CRITICAL,51.16
HIST_002990,AST_000030,S&T,TESTING,88.6,16.7,24.1,1,12,75,75,0,FALSE,TRUE,0.926,True,MEDIUM,53.08
HIST_002991,AST_000047,TRD,PREVENTIVE_MAINTENANCE,84.5,0.0,20.4,3,12,120,136,10,TRUE,TRUE,0.922,False,LOW,33.18
HIST_002992,AST_000014,TRD,CORRECTIVE_MAINTENANCE,44.4,100.0,66.0,0,3,180,155,0,FALSE,FALSE,0.688,False,MEDIUM,59.02
HIST_002993,AST_000031,ENGINEERING,INSPECTION,40.4,100.0,50.0,5,7,120,122,1,TRUE,TRUE,0.781,False,CRITICAL,62.12
HIST_002994,AST_000048,S&T,REPAIR,56.3,65.4,35.2,4,10,180,154,0,FALSE,TRUE,0.246,False,LOW,44.03
HIST_002995,AST_000015,S&T,REPLACEMENT,53.9,66.0,70.1,4,12,45,53,5,TRUE,TRUE,0.995,False,HIGH,57.94
HIST_002996,AST_000032,TRD,TESTING,72.1,100.0,51.7,0,1,45,44,0,FALSE,FALSE,0.954,False,LOW,60.72
HIST_002997,AST_000049,ENGINEERING,PREVENTIVE_MAINTENANCE,67.6,100.0,49.6,4,5,150,149,0,FALSE,TRUE,0.773,True,HIGH,76.45
HIST_002998,AST_000016,ENGINEERING,CORRECTIVE_MAINTENANCE,55.3,0.2,47.4,1,2,90,73,0,FALSE,TRUE,0.373,False,LOW,29.87
HIST_002999,AST_000033,S&T,INSPECTION,80.7,43.6,18.8,0,6,120,105,0,FALSE,FALSE,0.122,False,LOW,42.62
HIST_003000,AST_000050,TRD,REPAIR,88.2,100.0,40.4,1,4,120,96,0,FALSE,TRUE,0.304,False,LOW,63.29
HIST_003001,AST_000017,TRD,INSPECTION,66.6,72.3,34.2,2,5,180,150,0,FALSE,TRUE,0.783,False,MEDIUM,52.39
HIST_003002,AST_000034,ENGINEERING,REPAIR,82.4,16.2,28.0,3,3,60,67,4,TRUE,TRUE,0.66,False,CRITICAL,49.37
HIST_003003,AST_000001,ENGINEERING,REPLACEMENT,50.3,0.4,27.4,2,8,180,152,0,FALSE,TRUE,0.344,False,CRITICAL,35.67
HIST_003004,AST_000018,S&T,TESTING,94.2,97.7,26.8,5,7,150,146,0,FALSE,TRUE,0.925,True,CRITICAL,83.05
HIST_003005,AST_000035,TRD,PREVENTIVE_MAINTENANCE,84.2,100.0,25.2,1,10,60,60,0,FALSE,TRUE,0.635,False,CRITICAL,70.3
HIST_003006,AST_000002,TRD,CORRECTIVE_MAINTENANCE,63.8,100.0,40.0,2,10,60,55,0,FALSE,TRUE,0.024,False,HIGH,63.39
HIST_003007,AST_000019,ENGINEERING,INSPECTION,79.6,30.4,28.8,5,8,60,48,0,FALSE,TRUE,0.105,False,MEDIUM,44.74
HIST_003008,AST_000036,S&T,REPAIR,78.2,6.1,58.4,4,3,240,239,0,FALSE,TRUE,0.551,False,LOW,40.41
HIST_003009,AST_000003,S&T,REPLACEMENT,55.7,89.5,64.4,0,10,45,45,0,FALSE,FALSE,0.703,False,MEDIUM,59.47
HIST_003010,AST_000020,TRD,TESTING,63.2,51.7,28.4,5,1,240,263,14,TRUE,TRUE,0.219,False,LOW,41.31
HIST_003011,AST_000037,ENGINEERING,PREVENTIVE_MAINTENANCE,81.9,0.7,32.8,1,3,150,164,8,TRUE,TRUE,0.596,True,LOW,45.05
HIST_003012,AST_000004,ENGINEERING,CORRECTIVE_MAINTENANCE,87.4,100.0,50.6,5,2,180,202,13,TRUE,TRUE,0.144,False,HIGH,72.59
HIST_003013,AST_000021,S&T,INSPECTION,42.9,21.7,49.7,2,1,240,243,2,TRUE,TRUE,0.377,False,CRITICAL,43.23
HIST_003014,AST_000038,TRD,REPAIR,95.1,99.4,36.0,4,6,240,216,0,FALSE,TRUE,0.19,False,CRITICAL,75.58
HIST_003015,AST_000005,TRD,REPLACEMENT,56.6,0.0,20.4,4,7,150,150,0,FALSE,TRUE,0.714,False,CRITICAL,36.06
HIST_003016,AST_000022,ENGINEERING,TESTING,76.5,22.5,50.9,5,5,240,195,0,FALSE,TRUE,0.683,False,CRITICAL,53.75
HIST_003017,AST_000039,S&T,PREVENTIVE_MAINTENANCE,91.8,50.3,38.9,3,6,180,149,0,FALSE,TRUE,0.23,False,LOW,51.64
HIST_003018,AST_000006,S&T,CORRECTIVE_MAINTENANCE,94.3,39.9,13.1,4,8,150,164,8,TRUE,TRUE,0.948,True,LOW,54.63
HIST_003019,AST_000023,TRD,INSPECTION,55.6,36.5,58.2,3,6,180,193,8,TRUE,TRUE,0.366,False,LOW,41.2
HIST_003020,AST_000040,ENGINEERING,REPAIR,49.9,49.9,70.1,5,11,75,68,0,FALSE,TRUE,0.716,False,MEDIUM,48.97
HIST_003021,AST_000007,ENGINEERING,REPLACEMENT,52.8,73.1,43.5,4,11,30,25,0,FALSE,TRUE,0.203,False,MEDIUM,50.31
HIST_003022,AST_000024,S&T,TESTING,66.7,12.0,19.5,0,12,60,70,6,TRUE,FALSE,0.596,False,HIGH,38.16
HIST_003023,AST_000041,TRD,PREVENTIVE_MAINTENANCE,89.8,100.0,44.4,1,6,180,205,15,TRUE,TRUE,0.329,False,MEDIUM,68.32
HIST_003024,AST_000008,TRD,CORRECTIVE_MAINTENANCE,88.0,97.6,58.6,2,4,240,241,1,TRUE,TRUE,0.395,False,MEDIUM,70.02
HIST_003025,AST_000025,ENGINEERING,INSPECTION,94.7,52.4,34.9,5,2,30,29,0,FALSE,TRUE,0.121,True,MEDIUM,65.99
HIST_003026,AST_000042,S&T,REPAIR,44.5,0.0,48.8,4,2,240,205,0,FALSE,TRUE,0.826,False,MEDIUM,30.61
HIST_003027,AST_000009,S&T,INSPECTION,89.0,47.3,64.9,3,6,30,29,0,FALSE,TRUE,0.938,False,MEDIUM,59.01
HIST_003028,AST_000026,TRD,REPAIR,79.3,14.6,21.0,0,10,180,198,11,TRUE,FALSE,0.006,False,LOW,35.39
HIST_003029,AST_000043,ENGINEERING,REPLACEMENT,70.1,82.3,52.2,4,2,30,33,2,TRUE,TRUE,0.753,False,LOW,55.8
HIST_003030,AST_000010,ENGINEERING,TESTING,83.3,17.1,47.2,1,10,240,275,21,TRUE,TRUE,0.983,False,MEDIUM,46.2
HIST_003031,AST_000027,S&T,PREVENTIVE_MAINTENANCE,50.8,0.0,50.4,5,6,120,101,0,FALSE,TRUE,0.648,False,MEDIUM,32.82
HIST_003032,AST_000044,TRD,CORRECTIVE_MAINTENANCE,56.3,100.0,41.6,2,12,60,60,0,FALSE,TRUE,0.759,True,CRITICAL,75.21
HIST_003033,AST_000011,TRD,INSPECTION,69.6,59.0,71.2,1,8,120,124,2,TRUE,TRUE,0.376,False,MEDIUM,57.37
HIST_003034,AST_000028,ENGINEERING,REPAIR,49.5,0.0,24.2,5,1,180,217,22,TRUE,TRUE,0.666,False,LOW,23.44
HIST_003035,AST_000045,S&T,REPLACEMENT,42.3,68.1,19.7,0,5,45,50,3,TRUE,FALSE,0.702,False,HIGH,44.9
HIST_003036,AST_000012,S&T,TESTING,62.0,0.0,42.3,5,4,75,65,0,FALSE,TRUE,0.919,False,LOW,30.81
HIST_003037,AST_000029,TRD,PREVENTIVE_MAINTENANCE,88.2,100.0,29.4,3,5,60,54,0,FALSE,TRUE,0.616,False,LOW,61.09
HIST_003038,AST_000046,ENGINEERING,CORRECTIVE_MAINTENANCE,52.0,99.7,53.3,4,7,240,296,34,TRUE,TRUE,0.657,False,MEDIUM,58.69
HIST_003039,AST_000013,ENGINEERING,INSPECTION,54.3,42.9,53.3,4,7,120,121,1,TRUE,TRUE,0.518,True,CRITICAL,62.67
HIST_003040,AST_000030,S&T,REPAIR,88.6,80.3,24.4,1,3,150,148,0,FALSE,TRUE,0.378,False,HIGH,62.79
HIST_003041,AST_000047,TRD,REPLACEMENT,84.5,100.0,26.0,4,8,240,197,0,FALSE,TRUE,0.095,False,CRITICAL,70.55
HIST_003042,AST_000014,TRD,TESTING,44.4,2.2,72.9,4,3,90,88,0,FALSE,TRUE,0.416,False,HIGH,39.7
HIST_003043,AST_000031,ENGINEERING,PREVENTIVE_MAINTENANCE,40.4,21.8,50.1,4,3,30,35,3,TRUE,TRUE,0.281,False,CRITICAL,42.59
HIST_003044,AST_000048,S&T,CORRECTIVE_MAINTENANCE,56.3,0.0,25.0,4,11,45,39,0,FALSE,TRUE,0.956,False,MEDIUM,29.39
HIST_003045,AST_000015,S&T,INSPECTION,53.9,0.0,75.9,1,4,180,206,16,TRUE,TRUE,0.59,False,LOW,35.1
HIST_003046,AST_000032,TRD,REPAIR,72.1,21.9,54.3,2,10,240,206,0,FALSE,TRUE,0.056,True,HIGH,59.21
HIST_003047,AST_000049,ENGINEERING,REPLACEMENT,67.6,21.4,56.0,4,2,90,97,4,TRUE,TRUE,0.005,False,MEDIUM,44.33
HIST_003048,AST_000016,ENGINEERING,TESTING,55.3,71.7,47.2,2,11,120,122,1,TRUE,TRUE,0.803,False,HIGH,55.2
HIST_003049,AST_000033,S&T,PREVENTIVE_MAINTENANCE,80.7,39.9,17.4,1,6,180,153,0,FALSE,TRUE,0.236,False,MEDIUM,45.16
HIST_003050,AST_000050,TRD,CORRECTIVE_MAINTENANCE,88.2,0.0,34.1,2,1,240,297,34,TRUE,TRUE,0.191,False,CRITICAL,48.28
HIST_003051,AST_000017,TRD,INSPECTION,66.6,0.0,40.3,3,3,240,278,23,TRUE,TRUE,0.386,False,CRITICAL,43.04
HIST_003052,AST_000034,ENGINEERING,REPAIR,82.4,41.9,28.4,5,3,180,186,4,TRUE,TRUE,0.537,False,LOW,44.62
HIST_003053,AST_000001,ENGINEERING,INSPECTION,50.3,89.0,32.4,1,10,60,50,0,FALSE,TRUE,0.322,True,CRITICAL,68.82
HIST_003054,AST_000018,S&T,REPAIR,94.2,21.6,30.4,5,4,120,127,4,TRUE,TRUE,0.97,False,CRITICAL,54.74
HIST_003055,AST_000035,TRD,REPLACEMENT,84.2,0.0,30.6,4,9,45,50,3,TRUE,TRUE,0.127,False,MEDIUM,38.88
HIST_003056,AST_000002,TRD,TESTING,63.8,81.3,27.6,3,7,30,31,1,TRUE,TRUE,0.134,False,HIGH,56.23
HIST_003057,AST_000019,ENGINEERING,PREVENTIVE_MAINTENANCE,79.6,0.0,22.6,3,1,120,138,11,TRUE,TRUE,0.211,False,HIGH,39.65
HIST_003058,AST_000036,S&T,CORRECTIVE_MAINTENANCE,78.2,100.0,45.0,0,5,75,83,5,TRUE,FALSE,0.223,False,MEDIUM,64.96
HIST_003059,AST_000003,S&T,INSPECTION,55.7,59.7,53.8,2,1,30,24,0,FALSE,TRUE,0.126,False,MEDIUM,49.9
HIST_003060,AST_000020,TRD,REPAIR,63.2,100.0,21.4,4,12,150,132,0,FALSE,TRUE,0.893,True,CRITICAL,73.24
HIST_003061,AST_000037,ENGINEERING,REPLACEMENT,81.9,47.5,38.0,5,8,120,129,5,TRUE,TRUE,0.691,False,MEDIUM,51.55
HIST_003062,AST_000004,ENGINEERING,TESTING,87.4,0.0,53.9,5,12,90,84,0,FALSE,TRUE,0.64,False,MEDIUM,44.5
HIST_003063,AST_000021,S&T,PREVENTIVE_MAINTENANCE,42.9,0.0,38.5,0,11,240,200,0,FALSE,FALSE,0.408,False,MEDIUM,28.07
HIST_003064,AST_000038,TRD,CORRECTIVE_MAINTENANCE,95.1,55.1,47.7,4,5,240,250,6,TRUE,TRUE,0.174,False,LOW,55.59
HIST_003065,AST_000005,TRD,INSPECTION,56.6,89.5,23.2,2,7,90,110,12,TRUE,TRUE,0.746,False,HIGH,55.25
HIST_003066,AST_000022,ENGINEERING,REPAIR,76.5,48.9,61.9,0,7,90,86,0,FALSE,FALSE,0.476,False,MEDIUM,55.05
HIST_003067,AST_000039,S&T,REPLACEMENT,91.8,55.6,37.9,4,3,60,70,6,TRUE,TRUE,0.218,True,LOW,62.77
HIST_003068,AST_000006,S&T,TESTING,94.3,0.0,16.1,3,2,45,36,0,FALSE,TRUE,0.296,False,LOW,35.26
HIST_003069,AST_000023,TRD,PREVENTIVE_MAINTENANCE,55.6,0.0,58.2,4,1,75,83,5,TRUE,TRUE,0.466,False,HIGH,39.57
HIST_003070,AST_000040,ENGINEERING,CORRECTIVE_MAINTENANCE,49.9,100.0,72.2,5,3,240,229,0,FALSE,TRUE,0.308,False,MEDIUM,61.91
HIST_003071,AST_000007,ENGINEERING,INSPECTION,52.8,100.0,44.5,4,12,30,25,0,FALSE,TRUE,0.982,False,HIGH,60.99
HIST_003072,AST_000024,S&T,REPAIR,66.7,23.7,22.2,2,3,120,131,7,TRUE,TRUE,0.11,False,LOW,34.12
HIST_003073,AST_000041,TRD,REPLACEMENT,89.8,0.0,48.6,2,3,150,187,22,TRUE,TRUE,0.863,False,HIGH,47.91
HIST_003074,AST_000008,TRD,TESTING,88.0,29.6,68.3,3,5,90,92,1,TRUE,TRUE,0.706,True,HIGH,68.71
HIST_003075,AST_000025,ENGINEERING,PREVENTIVE_MAINTENANCE,94.7,20.5,34.8,4,8,30,26,0,FALSE,TRUE,0.195,False,CRITICAL,55.49
HIST_003076,AST_000042,S&T,CORRECTIVE_MAINTENANCE,44.5,27.9,43.2,1,10,45,47,1,TRUE,TRUE,0.415,False,LOW,32.72
HIST_003077,AST_000009,S&T,INSPECTION,89.0,88.5,53.1,4,11,180,198,11,TRUE,TRUE,0.421,False,MEDIUM,66.95
HIST_003078,AST_000026,TRD,REPAIR,79.3,84.3,27.4,2,9,75,78,2,TRUE,TRUE,0.953,False,CRITICAL,65.34
HIST_003079,AST_000043,ENGINEERING,INSPECTION,70.1,100.0,43.2,5,3,90,109,11,TRUE,TRUE,0.043,False,CRITICAL,69.67
HIST_003080,AST_000010,ENGINEERING,REPAIR,83.3,0.0,43.6,1,9,180,188,5,TRUE,TRUE,0.55,False,LOW,37.46
HIST_003081,AST_000027,S&T,REPLACEMENT,50.8,2.3,49.7,4,6,150,169,11,TRUE,TRUE,0.356,True,LOW,39.5
HIST_003082,AST_000044,TRD,TESTING,56.3,6.1,53.9,5,6,90,112,13,TRUE,TRUE,0.744,False,MEDIUM,36.69
HIST_003083,AST_000011,TRD,PREVENTIVE_MAINTENANCE,69.6,86.6,70.2,0,11,75,90,9,TRUE,FALSE,0.6,False,LOW,60.32
HIST_003084,AST_000028,ENGINEERING,CORRECTIVE_MAINTENANCE,49.5,24.0,19.7,0,7,45,40,0,FALSE,FALSE,0.575,False,LOW,28.54
HIST_003085,AST_000045,S&T,INSPECTION,42.3,36.9,23.2,4,1,180,147,0,FALSE,TRUE,0.929,False,MEDIUM,34.05
HIST_003086,AST_000012,S&T,REPAIR,62.0,75.6,40.1,2,12,150,120,0,FALSE,TRUE,0.16,False,HIGH,56.77
HIST_003087,AST_000029,TRD,REPLACEMENT,88.2,15.0,23.4,5,2,75,94,11,TRUE,TRUE,0.674,False,CRITICAL,49.89
HIST_003088,AST_000046,ENGINEERING,TESTING,52.0,100.0,52.4,2,9,240,243,2,TRUE,TRUE,0.952,True,HIGH,72.33
HIST_003089,AST_000013,ENGINEERING,PREVENTIVE_MAINTENANCE,54.3,23.3,54.7,2,5,240,259,11,TRUE,TRUE,0.984,False,HIGH,44.3
HIST_003090,AST_000030,S&T,CORRECTIVE_MAINTENANCE,88.6,53.8,28.6,3,8,90,85,0,FALSE,TRUE,0.354,False,HIGH,57.0
HIST_003091,AST_000047,TRD,INSPECTION,84.5,95.5,25.4,1,4,240,227,0,FALSE,TRUE,0.384,False,HIGH,65.55
HIST_003092,AST_000014,TRD,REPAIR,44.4,2.5,63.3,4,7,60,64,2,TRUE,TRUE,0.671,False,MEDIUM,34.1
HIST_003093,AST_000031,ENGINEERING,REPLACEMENT,40.4,97.8,58.9,1,6,180,180,0,FALSE,TRUE,0.172,False,MEDIUM,55.85
HIST_003094,AST_000048,S&T,TESTING,56.3,78.7,26.5,0,9,180,168,0,FALSE,FALSE,0.987,False,HIGH,53.11
HIST_003095,AST_000015,S&T,PREVENTIVE_MAINTENANCE,53.9,0.0,71.6,2,12,240,266,16,TRUE,TRUE,0.996,True,HIGH,51.74
HIST_003096,AST_000032,TRD,CORRECTIVE_MAINTENANCE,72.1,39.7,54.3,3,6,180,200,12,TRUE,TRUE,0.242,False,CRITICAL,57.41
HIST_003097,AST_000049,ENGINEERING,INSPECTION,67.6,39.7,46.0,0,6,180,158,0,FALSE,FALSE,0.053,False,HIGH,50.66
HIST_003098,AST_000016,ENGINEERING,REPAIR,55.3,86.9,57.3,1,9,60,48,0,FALSE,TRUE,0.522,False,LOW,53.52
HIST_003099,AST_000033,S&T,REPLACEMENT,80.7,37.5,25.9,0,1,180,217,22,TRUE,FALSE,0.585,False,MEDIUM,46.27
HIST_003100,AST_000050,TRD,TESTING,88.2,53.8,34.8,5,9,150,169,11,TRUE,TRUE,0.324,False,LOW,50.62
HIST_003101,AST_000017,TRD,PREVENTIVE_MAINTENANCE,66.6,0.0,43.3,4,6,180,211,19,TRUE,TRUE,0.565,False,CRITICAL,43.64
HIST_003102,AST_000034,ENGINEERING,CORRECTIVE_MAINTENANCE,82.4,98.7,19.5,5,9,240,286,28,TRUE,TRUE,0.811,True,CRITICAL,78.3
HIST_003103,AST_000001,ENGINEERING,INSPECTION,50.3,48.1,33.1,5,11,90,89,0,FALSE,TRUE,0.421,False,LOW,37.48
HIST_003104,AST_000018,S&T,REPAIR,94.2,100.0,23.8,1,12,75,72,0,FALSE,TRUE,0.951,False,MEDIUM,65.52
HIST_003105,AST_000035,TRD,REPLACEMENT,84.2,14.6,18.3,4,5,90,111,13,TRUE,TRUE,0.619,False,MEDIUM,40.07
HIST_003106,AST_000002,TRD,REPAIR,63.8,3.6,29.0,0,3,120,113,0,FALSE,FALSE,0.273,False,LOW,29.59
HIST_003107,AST_000019,ENGINEERING,REPLACEMENT,79.6,100.0,25.8,2,6,240,225,0,FALSE,TRUE,0.596,False,CRITICAL,69.04
HIST_003108,AST_000036,S&T,TESTING,78.2,19.9,57.2,5,10,45,40,0,FALSE,TRUE,0.642,False,HIGH,51.12
HIST_003109,AST_000003,S&T,PREVENTIVE_MAINTENANCE,55.7,58.8,59.0,4,4,60,64,2,TRUE,TRUE,0.83,True,HIGH,64.46
HIST_003110,AST_000020,TRD,CORRECTIVE_MAINTENANCE,63.2,100.0,28.4,5,1,90,78,0,FALSE,TRUE,0.95,False,HIGH,60.89
HIST_003111,AST_000037,ENGINEERING,INSPECTION,81.9,0.0,41.4,1,10,90,80,0,FALSE,TRUE,0.346,False,LOW,36.6
HIST_003112,AST_000004,ENGINEERING,REPAIR,87.4,0.0,50.5,1,9,150,151,1,TRUE,TRUE,0.271,False,LOW,40.07
HIST_003113,AST_000021,S&T,REPLACEMENT,42.9,42.6,48.2,0,7,150,131,0,FALSE,FALSE,0.237,False,MEDIUM,40.66
HIST_003114,AST_000038,TRD,TESTING,95.1,14.2,45.8,3,9,120,101,0,FALSE,TRUE,0.397,False,MEDIUM,48.74
HIST_003115,AST_000005,TRD,PREVENTIVE_MAINTENANCE,56.6,87.2,18.3,3,4,30,32,1,TRUE,TRUE,0.899,False,LOW,46.19
HIST_003116,AST_000022,ENGINEERING,CORRECTIVE_MAINTENANCE,76.5,0.0,58.4,3,12,180,176,0,FALSE,TRUE,0.242,True,HIGH,55.88
HIST_003117,AST_000039,S&T,INSPECTION,91.8,25.8,40.5,4,11,180,150,0,FALSE,TRUE,0.986,False,CRITICAL,57.09
HIST_003118,AST_000006,S&T,REPAIR,94.3,84.0,22.6,2,11,90,88,0,FALSE,TRUE,0.91,False,LOW,57.56
HIST_003119,AST_000023,TRD,REPLACEMENT,55.6,56.8,56.1,1,12,240,228,0,FALSE,TRUE,0.194,False,LOW,45.85
HIST_003120,AST_000040,ENGINEERING,TESTING,49.9,0.0,79.9,0,10,30,31,1,TRUE,FALSE,0.798,False,CRITICAL,45.95
HIST_003121,AST_000007,ENGINEERING,PREVENTIVE_MAINTENANCE,52.8,11.2,40.9,3,1,150,170,12,TRUE,TRUE,0.684,False,MEDIUM,34.32
HIST_003122,AST_000024,S&T,CORRECTIVE_MAINTENANCE,66.7,77.8,22.5,0,2,120,148,17,TRUE,FALSE,0.534,False,HIGH,55.21
HIST_003123,AST_000041,TRD,INSPECTION,89.8,13.2,51.5,1,2,75,63,0,FALSE,TRUE,0.247,True,CRITICAL,65.54
HIST_003124,AST_000008,TRD,REPAIR,88.0,18.5,68.3,4,11,60,62,1,TRUE,TRUE,0.294,False,MEDIUM,52.19
HIST_003125,AST_000025,ENGINEERING,REPLACEMENT,94.7,93.9,32.3,1,8,150,140,0,FALSE,TRUE,0.612,False,LOW,62.1
HIST_003126,AST_000042,S&T,TESTING,44.5,0.0,46.5,2,8,30,34,2,TRUE,TRUE,0.22,False,HIGH,33.9
HIST_003127,AST_000009,S&T,PREVENTIVE_MAINTENANCE,89.0,100.0,63.0,0,8,90,92,1,TRUE,FALSE,0.311,False,MEDIUM,71.8
HIST_003128,AST_000026,TRD,CORRECTIVE_MAINTENANCE,79.3,56.1,25.7,4,2,45,43,0,FALSE,TRUE,0.081,False,CRITICAL,57.95
HIST_003129,AST_000043,ENGINEERING,INSPECTION,70.1,93.2,44.1,3,2,180,147,0,FALSE,TRUE,0.995,False,CRITICAL,68.15
HIST_003130,AST_000010,ENGINEERING,REPAIR,83.3,43.8,52.7,1,3,240,241,1,TRUE,TRUE,0.769,True,CRITICAL,71.48
HIST_003131,AST_000027,S&T,REPLACEMENT,50.8,50.5,56.4,1,7,150,120,0,FALSE,TRUE,0.378,False,MEDIUM,46.64
HIST_003132,AST_000044,TRD,REPAIR,56.3,92.5,52.2,1,9,300,254,0,FALSE,TRUE,0.609,False,MEDIUM,57.95
HIST_003133,AST_000011,TRD,REPLACEMENT,69.6,0.0,72.1,5,9,75,65,0,FALSE,TRUE,0.181,False,HIGH,46.55
HIST_003134,AST_000028,ENGINEERING,TESTING,49.5,10.1,31.0,3,10,120,146,16,TRUE,TRUE,0.633,False,LOW,27.32
HIST_003135,AST_000045,S&T,PREVENTIVE_MAINTENANCE,42.3,100.0,27.0,3,8,90,77,0,FALSE,TRUE,0.726,False,LOW,46.84
HIST_003136,AST_000012,S&T,CORRECTIVE_MAINTENANCE,62.0,100.0,43.5,3,1,150,164,8,TRUE,TRUE,0.182,False,MEDIUM,59.8
HIST_003137,AST_000029,TRD,INSPECTION,88.2,19.2,26.8,5,6,90,111,13,TRUE,TRUE,0.945,True,HIGH,57.87
HIST_003138,AST_000046,ENGINEERING,REPAIR,52.0,0.0,50.4,2,7,120,104,0,FALSE,TRUE,0.076,False,MEDIUM,33.18
HIST_003139,AST_000013,ENGINEERING,REPLACEMENT,54.3,100.0,53.2,4,12,30,27,0,FALSE,TRUE,0.428,False,LOW,55.68
HIST_003140,AST_000030,S&T,TESTING,88.6,100.0,24.9,0,5,60,55,0,FALSE,FALSE,0.154,False,MEDIUM,64.06
HIST_003141,AST_000047,TRD,PREVENTIVE_MAINTENANCE,84.5,13.9,14.9,5,2,30,31,1,TRUE,TRUE,0.516,False,HIGH,43.05
HIST_003142,AST_000014,TRD,CORRECTIVE_MAINTENANCE,44.4,50.2,65.8,0,6,60,69,5,TRUE,FALSE,0.953,False,HIGH,50.28
HIST_003143,AST_000031,ENGINEERING,INSPECTION,40.4,97.2,54.1,3,8,60,64,2,TRUE,TRUE,0.335,False,MEDIUM,54.74
HIST_003144,AST_000048,S&T,REPAIR,56.3,0.0,37.4,2,4,180,182,1,TRUE,TRUE,0.866,True,CRITICAL,49.37
HIST_003145,AST_000015,S&T,REPLACEMENT,53.9,100.0,72.1,3,8,30,34,2,TRUE,TRUE,0.787,False,CRITICAL,70.59
HIST_003146,AST_000032,TRD,TESTING,72.1,0.0,50.4,3,11,90,101,7,TRUE,TRUE,0.74,False,CRITICAL,46.71
HIST_003147,AST_000049,ENGINEERING,PREVENTIVE_MAINTENANCE,67.6,100.0,59.3,2,10,75,65,0,FALSE,TRUE,0.504,False,MEDIUM,64.64
HIST_003148,AST_000016,ENGINEERING,CORRECTIVE_MAINTENANCE,55.3,72.7,46.2,1,1,90,79,0,FALSE,TRUE,0.212,False,CRITICAL,59.01
HIST_003149,AST_000033,S&T,INSPECTION,80.7,51.2,25.4,5,2,60,57,0,FALSE,TRUE,0.507,False,CRITICAL,57.09
HIST_003150,AST_000050,TRD,REPAIR,88.2,100.0,39.7,0,11,150,148,0,FALSE,FALSE,0.546,False,LOW,63.15
HIST_003151,AST_000017,TRD,REPLACEMENT,66.6,20.3,40.2,2,8,180,153,0,FALSE,TRUE,0.517,True,HIGH,54.34
HIST_003152,AST_000034,ENGINEERING,TESTING,82.4,53.7,20.5,4,6,240,207,0,FALSE,TRUE,0.052,False,CRITICAL,57.25
HIST_003153,AST_000001,ENGINEERING,PREVENTIVE_MAINTENANCE,50.3,59.5,27.4,5,9,240,248,5,TRUE,TRUE,0.951,False,HIGH,46.69
HIST_003154,AST_000018,S&T,CORRECTIVE_MAINTENANCE,94.2,19.6,21.5,0,2,90,108,11,TRUE,FALSE,0.776,False,LOW,41.21
HIST_003155,AST_000035,TRD,INSPECTION,84.2,32.3,31.3,0,10,240,220,0,FALSE,FALSE,0.399,False,HIGH,50.84
HIST_003156,AST_000002,TRD,REPAIR,63.8,24.3,32.5,2,6,90,105,9,TRUE,TRUE,0.289,False,HIGH,42.96
HIST_003157,AST_000019,ENGINEERING,REPLACEMENT,79.6,8.5,20.1,4,10,240,270,18,TRUE,TRUE,0.572,False,LOW,33.77
HIST_003158,AST_000036,S&T,REPAIR,78.2,100.0,53.3,1,1,180,225,27,TRUE,TRUE,0.083,True,HIGH,80.37
HIST_003159,AST_000003,S&T,REPLACEMENT,55.7,0.0,55.5,4,3,120,99,0,FALSE,TRUE,0.142,False,LOW,31.56
HIST_003160,AST_000020,TRD,TESTING,63.2,0.0,25.6,2,7,90,108,11,TRUE,TRUE,0.142,False,CRITICAL,39.08
HIST_003161,AST_000037,ENGINEERING,PREVENTIVE_MAINTENANCE,81.9,78.5,35.6,2,3,120,104,0,FALSE,TRUE,0.479,False,LOW,55.06
HIST_003162,AST_000004,ENGINEERING,CORRECTIVE_MAINTENANCE,87.4,100.0,48.2,1,7,75,87,7,TRUE,TRUE,0.996,False,HIGH,72.11
HIST_003163,AST_000021,S&T,INSPECTION,42.9,42.6,45.7,1,8,30,27,0,FALSE,TRUE,0.409,False,CRITICAL,47.66
HIST_003164,AST_000038,TRD,REPAIR,95.1,90.1,39.8,2,5,90,75,0,FALSE,TRUE,0.566,False,LOW,62.76
HIST_003165,AST_000005,TRD,REPLACEMENT,56.6,100.0,21.1,5,8,75,81,4,TRUE,TRUE,0.031,True,LOW,59.95
HIST_003166,AST_000022,ENGINEERING,TESTING,76.5,94.8,55.1,1,12,150,177,16,TRUE,TRUE,0.196,False,CRITICAL,72.67
HIST_003167,AST_000039,S&T,PREVENTIVE_MAINTENANCE,91.8,11.8,42.5,2,9,90,99,5,TRUE,TRUE,0.164,False,LOW,42.74
HIST_003168,AST_000006,S&T,CORRECTIVE_MAINTENANCE,94.3,0.0,24.9,4,2,180,213,20,TRUE,TRUE,0.133,False,HIGH,44.52
HIST_003169,AST_000023,TRD,INSPECTION,55.6,58.2,56.0,1,11,180,199,11,TRUE,TRUE,0.891,False,MEDIUM,49.93
HIST_003170,AST_000040,ENGINEERING,REPAIR,49.9,45.9,76.1,3,9,120,134,8,TRUE,TRUE,0.288,False,MEDIUM,49.16
HIST_003171,AST_000007,ENGINEERING,REPLACEMENT,52.8,100.0,40.5,5,7,240,215,0,FALSE,TRUE,0.92,False,LOW,52.69
HIST_003172,AST_000024,S&T,TESTING,66.7,100.0,22.4,1,10,180,192,7,TRUE,TRUE,0.413,True,HIGH,70.74
HIST_003173,AST_000041,TRD,PREVENTIVE_MAINTENANCE,89.8,0.0,54.0,2,2,60,65,3,TRUE,TRUE,0.38,False,LOW,41.49
HIST_003174,AST_000008,TRD,CORRECTIVE_MAINTENANCE,88.0,0.0,64.3,4,9,150,151,1,TRUE,TRUE,0.945,False,MEDIUM,46.76
HIST_003175,AST_000025,ENGINEERING,INSPECTION,94.7,0.0,43.1,0,7,240,282,25,TRUE,FALSE,0.767,False,HIGH,48.28
HIST_003176,AST_000042,S&T,REPAIR,44.5,54.4,41.9,4,7,60,62,1,TRUE,TRUE,0.81,False,LOW,39.08
HIST_003177,AST_000009,S&T,REPLACEMENT,89.0,32.1,57.4,3,10,30,32,1,TRUE,TRUE,0.563,False,CRITICAL,61.2
HIST_003178,AST_000026,TRD,TESTING,79.3,100.0,18.3,1,1,75,61,0,FALSE,TRUE,0.879,False,LOW,56.2
HIST_003179,AST_000043,ENGINEERING,PREVENTIVE_MAINTENANCE,70.1,87.4,53.1,4,5,60,64,2,TRUE,TRUE,0.896,True,LOW,67.25
HIST_003180,AST_000010,ENGINEERING,CORRECTIVE_MAINTENANCE,83.3,56.6,53.7,5,3,120,117,0,FALSE,TRUE,0.725,False,LOW,53.63
HIST_003181,AST_000027,S&T,INSPECTION,50.8,0.0,50.2,0,11,75,68,0,FALSE,FALSE,0.516,False,MEDIUM,32.78
HIST_003182,AST_000044,TRD,REPAIR,56.3,15.4,54.0,3,8,90,87,0,FALSE,TRUE,0.234,False,CRITICAL,46.54
HIST_003183,AST_000011,TRD,REPLACEMENT,69.6,28.6,65.4,0,12,75,67,0,FALSE,FALSE,1.0,False,CRITICAL,56.11
HIST_003184,AST_000028,ENGINEERING,TESTING,49.5,100.0,24.9,2,6,150,177,16,TRUE,TRUE,0.714,False,MEDIUM,52.33
HIST_003185,AST_000045,S&T,REPLACEMENT,42.3,74.4,19.6,5,4,120,99,0,FALSE,TRUE,0.316,False,LOW,38.96
HIST_003186,AST_000012,S&T,TESTING,62.0,91.4,51.3,1,12,120,103,0,FALSE,TRUE,0.813,True,LOW,65.46
HIST_003187,AST_000029,TRD,PREVENTIVE_MAINTENANCE,88.2,0.0,30.1,4,10,90,110,12,TRUE,TRUE,0.07,False,HIGH,43.73
HIST_003188,AST_000046,ENGINEERING,CORRECTIVE_MAINTENANCE,52.0,36.4,49.6,4,6,45,42,0,FALSE,TRUE,0.801,False,LOW,38.37
HIST_003189,AST_000013,ENGINEERING,INSPECTION,54.3,94.8,61.4,5,5,180,197,10,TRUE,TRUE,0.089,False,MEDIUM,59.77
HIST_003190,AST_000030,S&T,REPAIR,88.6,100.0,27.8,4,12,120,137,10,TRUE,TRUE,0.168,False,LOW,60.89
HIST_003191,AST_000047,TRD,REPLACEMENT,84.5,100.0,25.3,5,4,30,26,0,FALSE,TRUE,0.886,False,CRITICAL,70.41
HIST_003192,AST_000014,TRD,TESTING,44.4,93.3,73.9,0,4,60,56,0,FALSE,FALSE,0.097,False,HIGH,62.67
HIST_003193,AST_000031,ENGINEERING,PREVENTIVE_MAINTENANCE,40.4,73.8,55.7,3,2,90,73,0,FALSE,TRUE,0.96,True,MEDIUM,59.21
HIST_003194,AST_000048,S&T,CORRECTIVE_MAINTENANCE,56.3,100.0,31.7,4,2,180,218,23,TRUE,TRUE,0.458,False,MEDIUM,55.73
HIST_003195,AST_000015,S&T,INSPECTION,53.9,100.0,75.2,5,6,240,236,0,FALSE,TRUE,0.616,False,MEDIUM,63.71
HIST_003196,AST_000032,TRD,REPAIR,72.1,15.3,59.4,0,7,90,99,5,TRUE,FALSE,0.941,False,LOW,41.09
HIST_003197,AST_000049,ENGINEERING,REPLACEMENT,67.6,46.4,54.6,0,5,30,28,0,FALSE,FALSE,0.587,False,LOW,46.55
HIST_003198,AST_000016,ENGINEERING,TESTING,55.3,65.7,56.1,3,4,180,163,0,FALSE,TRUE,0.846,False,CRITICAL,59.23
HIST_003199,AST_000033,S&T,PREVENTIVE_MAINTENANCE,80.7,0.0,15.5,0,10,240,296,34,TRUE,FALSE,0.397,False,CRITICAL,42.31
HIST_003200,AST_000050,TRD,CORRECTIVE_MAINTENANCE,88.2,0.0,34.1,2,2,60,67,4,TRUE,TRUE,0.506,True,MEDIUM,50.78
HIST_003201,AST_000017,TRD,INSPECTION,66.6,100.0,44.8,4,3,30,33,2,TRUE,TRUE,0.559,False,HIGH,65.19
HIST_003202,AST_000034,ENGINEERING,REPAIR,82.4,26.5,29.4,2,7,60,53,0,FALSE,TRUE,0.821,False,HIGH,48.48
HIST_003203,AST_000001,ENGINEERING,REPLACEMENT,50.3,89.6,27.7,0,2,90,98,5,TRUE,FALSE,0.467,False,HIGH,54.28
HIST_003204,AST_000018,S&T,TESTING,94.2,32.7,23.6,4,4,90,101,7,TRUE,TRUE,0.281,False,MEDIUM,48.66
HIST_003205,AST_000035,TRD,PREVENTIVE_MAINTENANCE,84.2,25.8,31.4,5,6,90,74,0,FALSE,TRUE,0.071,False,MEDIUM,45.49
HIST_003206,AST_000002,TRD,CORRECTIVE_MAINTENANCE,63.8,11.3,32.8,0,4,60,67,4,TRUE,FALSE,0.517,False,LOW,32.27
HIST_003207,AST_000019,ENGINEERING,INSPECTION,79.6,73.4,28.4,3,7,150,163,8,TRUE,TRUE,0.399,True,MEDIUM,65.41
HIST_003208,AST_000036,S&T,REPAIR,78.2,7.9,57.3,1,5,150,141,0,FALSE,TRUE,0.145,False,HIGH,48.15
HIST_003209,AST_000003,S&T,REPLACEMENT,55.7,71.6,63.8,1,11,30,32,1,TRUE,TRUE,0.996,False,LOW,51.12
HIST_003210,AST_000020,TRD,TESTING,63.2,98.5,28.1,5,11,45,47,1,TRUE,TRUE,0.791,False,CRITICAL,64.2
HIST_003211,AST_000037,ENGINEERING,REPLACEMENT,81.9,97.4,34.5,0,7,300,315,9,TRUE,FALSE,0.832,False,HIGH,67.07
HIST_003212,AST_000004,ENGINEERING,TESTING,87.4,100.0,55.9,2,8,240,214,0,FALSE,TRUE,0.959,False,LOW,66.15
HIST_003213,AST_000021,S&T,PREVENTIVE_MAINTENANCE,42.9,100.0,38.5,3,11,45,45,0,FALSE,TRUE,0.497,False,CRITICAL,60.57
HIST_003214,AST_000038,TRD,CORRECTIVE_MAINTENANCE,95.1,100.0,36.6,4,2,120,147,16,TRUE,TRUE,0.789,True,MEDIUM,78.35
HIST_003215,AST_000005,TRD,INSPECTION,56.6,68.2,18.9,5,8,45,53,5,TRUE,TRUE,0.71,False,LOW,41.56
HIST_003216,AST_000022,ENGINEERING,REPAIR,76.5,0.0,60.1,5,2,120,107,0,FALSE,TRUE,0.96,False,LOW,38.72
HIST_003217,AST_000039,S&T,REPLACEMENT,91.8,97.1,34.1,4,9,90,112,13,TRUE,TRUE,0.645,False,MEDIUM,66.13
HIST_003218,AST_000006,S&T,TESTING,94.3,27.7,21.4,3,7,90,96,4,TRUE,TRUE,0.297,False,MEDIUM,46.99
HIST_003219,AST_000023,TRD,PREVENTIVE_MAINTENANCE,55.6,55.0,50.0,0,10,90,109,11,TRUE,FALSE,0.321,False,HIGH,51.68
HIST_003220,AST_000040,ENGINEERING,CORRECTIVE_MAINTENANCE,49.9,81.6,81.5,4,2,75,65,0,FALSE,TRUE,0.935,False,CRITICAL,66.67
HIST_003221,AST_000007,ENGINEERING,INSPECTION,52.8,0.0,45.9,3,2,75,89,8,TRUE,TRUE,0.286,True,LOW,38.77
HIST_003222,AST_000024,S&T,REPAIR,66.7,34.4,23.8,0,12,45,47,1,TRUE,FALSE,0.721,False,MEDIUM,40.87
HIST_003223,AST_000041,TRD,REPLACEMENT,89.8,100.0,43.6,0,1,180,210,18,TRUE,FALSE,0.446,False,CRITICAL,75.66
HIST_003224,AST_000008,TRD,TESTING,88.0,62.5,64.0,5,9,120,109,0,FALSE,TRUE,0.582,False,HIGH,66.08
HIST_003225,AST_000025,ENGINEERING,PREVENTIVE_MAINTENANCE,94.7,26.1,32.3,3,12,120,146,16,TRUE,TRUE,0.163,False,CRITICAL,56.4
HIST_003226,AST_000042,S&T,CORRECTIVE_MAINTENANCE,44.5,100.0,51.3,4,11,120,146,16,TRUE,TRUE,0.813,False,HIGH,59.86
HIST_003227,AST_000009,S&T,INSPECTION,89.0,0.0,63.5,4,7,75,68,0,FALSE,TRUE,0.523,False,CRITICAL,54.4
HIST_003228,AST_000026,TRD,REPAIR,79.3,100.0,21.5,1,3,120,133,8,TRUE,TRUE,0.616,True,CRITICAL,78.09
HIST_003229,AST_000043,ENGINEERING,REPLACEMENT,70.1,0.0,46.6,2,6,120,139,11,TRUE,TRUE,0.958,False,CRITICAL,45.35
HIST_003230,AST_000010,ENGINEERING,TESTING,83.3,100.0,49.0,3,5,75,68,0,FALSE,TRUE,0.085,False,CRITICAL,74.79
HIST_003231,AST_000027,S&T,PREVENTIVE_MAINTENANCE,50.8,100.0,56.0,5,10,240,229,0,FALSE,TRUE,0.37,False,LOW,55.19
HIST_003232,AST_000044,TRD,CORRECTIVE_MAINTENANCE,56.3,57.9,50.0,5,2,90,95,3,TRUE,TRUE,0.306,False,HIGH,52.61
HIST_003233,AST_000011,TRD,INSPECTION,69.6,100.0,64.2,3,4,120,104,0,FALSE,TRUE,0.332,False,HIGH,69.97
HIST_003234,AST_000028,ENGINEERING,REPAIR,49.5,38.0,24.9,1,3,180,163,0,FALSE,TRUE,0.906,False,HIGH,40.58
HIST_003235,AST_000045,S&T,REPLACEMENT,42.3,62.8,24.0,5,11,90,91,1,TRUE,TRUE,0.771,True,MEDIUM,50.69
HIST_003236,AST_000012,S&T,TESTING,62.0,0.0,44.2,2,3,90,82,0,FALSE,TRUE,0.177,False,MEDIUM,34.94
HIST_003237,AST_000029,TRD,REPLACEMENT,88.2,23.0,23.4,0,4,60,72,7,TRUE,FALSE,0.186,False,LOW,40.64
HIST_003238,AST_000046,ENGINEERING,TESTING,52.0,100.0,55.7,1,2,60,53,0,FALSE,TRUE,0.599,False,CRITICAL,66.74
HIST_003239,AST_000013,ENGINEERING,PREVENTIVE_MAINTENANCE,54.3,92.8,50.4,4,7,120,104,0,FALSE,TRUE,0.757,False,MEDIUM,57.07
HIST_003240,AST_000030,S&T,CORRECTIVE_MAINTENANCE,88.6,0.0,18.6,5,11,30,30,0,FALSE,TRUE,0.788,False,CRITICAL,45.3
HIST_003241,AST_000047,TRD,INSPECTION,84.5,99.2,18.0,0,5,60,57,0,FALSE,FALSE,0.231,False,LOW,57.5
HIST_003242,AST_000014,TRD,REPAIR,44.4,0.0,65.1,1,4,90,109,11,TRUE,TRUE,0.571,True,HIGH,47.59
HIST_003243,AST_000031,ENGINEERING,REPLACEMENT,40.4,0.0,59.2,1,5,240,299,35,TRUE,TRUE,0.087,False,MEDIUM,31.46
HIST_003244,AST_000048,S&T,TESTING,56.3,84.8,30.3,4,3,30,24,0,FALSE,TRUE,0.809,False,CRITICAL,59.15
HIST_003245,AST_000015,S&T,PREVENTIVE_MAINTENANCE,53.9,18.4,76.8,2,8,30,25,0,FALSE,TRUE,0.4,False,CRITICAL,51.13
HIST_003246,AST_000032,TRD,CORRECTIVE_MAINTENANCE,72.1,17.0,54.3,3,2,120,141,13,TRUE,TRUE,0.21,False,MEDIUM,44.24
HIST_003247,AST_000049,ENGINEERING,INSPECTION,67.6,80.7,58.7,2,11,75,84,5,TRUE,TRUE,0.817,False,MEDIUM,59.7
HIST_003248,AST_000016,ENGINEERING,REPAIR,55.3,61.1,47.6,0,7,240,288,29,TRUE,FALSE,0.995,False,HIGH,52.64
HIST_003249,AST_000033,S&T,REPLACEMENT,80.7,0.0,18.0,1,10,75,61,0,FALSE,TRUE,0.996,True,MEDIUM,45.31
HIST_003250,AST_000050,TRD,TESTING,88.2,9.1,32.7,2,7,75,73,0,FALSE,TRUE,0.085,False,MEDIUM,42.77
HIST_003251,AST_000017,TRD,PREVENTIVE_MAINTENANCE,66.6,14.4,37.6,1,1,90,104,8,TRUE,TRUE,0.285,False,HIGH,42.35
HIST_003252,AST_000034,ENGINEERING,CORRECTIVE_MAINTENANCE,82.4,22.2,21.4,5,12,90,110,12,TRUE,TRUE,0.85,False,HIGH,45.8
HIST_003253,AST_000001,ENGINEERING,INSPECTION,50.3,31.2,32.9,0,4,120,136,10,TRUE,FALSE,0.535,False,CRITICAL,44.47
HIST_003254,AST_000018,S&T,REPAIR,94.2,0.0,27.9,5,8,60,67,4,TRUE,TRUE,0.689,False,LOW,37.59
HIST_003255,AST_000035,TRD,REPLACEMENT,84.2,74.8,26.3,0,10,240,222,0,FALSE,FALSE,0.604,False,LOW,52.97
HIST_003256,AST_000002,TRD,TESTING,63.8,0.0,36.7,5,6,150,131,0,FALSE,TRUE,0.402,True,MEDIUM,43.98
HIST_003257,AST_000019,ENGINEERING,PREVENTIVE_MAINTENANCE,79.6,0.0,20.5,3,2,30,31,1,TRUE,TRUE,0.398,False,HIGH,39.23
HIST_003258,AST_000036,S&T,CORRECTIVE_MAINTENANCE,78.2,67.0,45.1,3,8,60,50,0,FALSE,TRUE,0.846,False,MEDIUM,56.73
HIST_003259,AST_000003,S&T,INSPECTION,55.7,64.4,52.7,0,1,60,49,0,FALSE,FALSE,0.528,False,HIGH,54.6
HIST_003260,AST_000020,TRD,REPAIR,63.2,0.0,26.4,5,11,90,89,0,FALSE,TRUE,0.331,False,CRITICAL,39.24
HIST_003261,AST_000037,ENGINEERING,REPLACEMENT,81.9,51.8,30.3,4,4,240,211,0,FALSE,TRUE,0.965,False,CRITICAL,58.58
HIST_003262,AST_000004,ENGINEERING,TESTING,87.4,100.0,44.5,0,7,90,93,2,TRUE,FALSE,0.692,False,MEDIUM,67.62
HIST_003263,AST_000021,S&T,PREVENTIVE_MAINTENANCE,42.9,59.6,44.6,1,3,90,94,2,TRUE,TRUE,0.871,True,MEDIUM,54.19
HIST_003264,AST_000038,TRD,TESTING,95.1,75.3,46.7,3,9,90,74,0,FALSE,TRUE,0.434,False,MEDIUM,64.19
HIST_003265,AST_000005,TRD,PREVENTIVE_MAINTENANCE,56.6,100.0,19.9,4,4,120,144,14,TRUE,TRUE,0.068,False,LOW,49.71
HIST_003266,AST_000022,ENGINEERING,CORRECTIVE_MAINTENANCE,76.5,69.3,51.7,4,5,150,129,0,FALSE,TRUE,0.864,False,CRITICAL,65.62
HIST_003267,AST_000039,S&T,INSPECTION,91.8,26.2,36.3,0,12,90,74,0,FALSE,FALSE,0.333,False,CRITICAL,56.35
HIST_003268,AST_000006,S&T,REPAIR,94.3,59.8,25.7,4,7,60,60,0,FALSE,TRUE,0.685,False,LOW,52.13
HIST_003269,AST_000023,TRD,REPLACEMENT,55.6,87.2,61.1,0,8,45,37,0,FALSE,FALSE,0.704,False,MEDIUM,58.2
HIST_003270,AST_000040,ENGINEERING,TESTING,49.9,95.4,74.7,5,6,180,194,8,TRUE,TRUE,0.12,True,MEDIUM,71.26
HIST_003271,AST_000007,ENGINEERING,PREVENTIVE_MAINTENANCE,52.8,50.4,44.2,2,11,150,186,22,TRUE,TRUE,0.983,False,LOW,41.03
HIST_003272,AST_000024,S&T,CORRECTIVE_MAINTENANCE,66.7,58.3,21.3,2,6,120,138,11,TRUE,TRUE,0.622,False,HIGH,50.09
HIST_003273,AST_000041,TRD,INSPECTION,89.8,94.1,52.4,1,2,90,110,12,TRUE,TRUE,0.882,False,LOW,64.69
HIST_003274,AST_000008,TRD,REPAIR,88.0,88.9,68.3,2,7,150,167,10,TRUE,TRUE,0.936,False,CRITICAL,77.28
HIST_003275,AST_000025,ENGINEERING,REPLACEMENT,94.7,37.3,39.9,0,4,180,176,0,FALSE,FALSE,0.083,False,HIGH,56.97
HIST_003276,AST_000042,S&T,TESTING,44.5,100.0,48.6,2,5,90,80,0,FALSE,TRUE,0.677,False,HIGH,59.32
HIST_003277,AST_000009,S&T,PREVENTIVE_MAINTENANCE,89.0,0.0,57.2,3,11,120,99,0,FALSE,TRUE,0.513,True,CRITICAL,63.14
HIST_003278,AST_000026,TRD,CORRECTIVE_MAINTENANCE,79.3,80.9,28.4,2,9,90,112,13,TRUE,TRUE,0.88,False,MEDIUM,57.2
HIST_003279,AST_000043,ENGINEERING,INSPECTION,70.1,93.6,43.2,0,3,30,30,0,FALSE,FALSE,0.802,False,CRITICAL,68.07
HIST_003280,AST_000010,ENGINEERING,REPAIR,83.3,91.6,45.8,0,10,120,106,0,FALSE,FALSE,0.489,False,MEDIUM,64.55
HIST_003281,AST_000027,S&T,REPLACEMENT,50.8,24.1,60.9,5,9,240,211,0,FALSE,TRUE,0.716,False,LOW,37.2
HIST_003282,AST_000044,TRD,TESTING,56.3,79.6,46.1,0,12,75,86,7,TRUE,FALSE,0.621,False,HIGH,57.26
HIST_003283,AST_000011,TRD,PREVENTIVE_MAINTENANCE,69.6,54.1,74.0,5,5,150,165,9,TRUE,TRUE,0.063,False,HIGH,60.45
HIST_003284,AST_000028,ENGINEERING,CORRECTIVE_MAINTENANCE,49.5,65.8,21.9,2,5,75,74,0,FALSE,TRUE,0.287,True,CRITICAL,60.68
HIST_003285,AST_000045,S&T,INSPECTION,42.3,96.3,25.4,3,4,240,214,0,FALSE,TRUE,0.922,False,LOW,45.59
HIST_003286,AST_000012,S&T,REPAIR,62.0,0.0,47.3,4,8,180,178,0,FALSE,TRUE,0.306,False,HIGH,39.31
HIST_003287,AST_000029,TRD,REPLACEMENT,88.2,100.0,17.3,0,10,60,73,8,TRUE,FALSE,0.534,False,HIGH,66.17
HIST_003288,AST_000046,ENGINEERING,TESTING,52.0,25.5,50.0,1,7,30,28,0,FALSE,TRUE,0.509,False,LOW,35.73
HIST_003289,AST_000013,ENGINEERING,PREVENTIVE_MAINTENANCE,54.3,0.0,62.4,3,3,120,140,12,TRUE,TRUE,0.653,False,CRITICAL,43.77
HIST_003290,AST_000030,S&T,TESTING,88.6,94.9,27.9,4,8,300,374,44,TRUE,TRUE,0.165,False,HIGH,67.13
HIST_003291,AST_000047,TRD,PREVENTIVE_MAINTENANCE,84.5,0.0,15.9,1,6,150,121,0,FALSE,TRUE,0.133,True,MEDIUM,46.03
HIST_003292,AST_000014,TRD,CORRECTIVE_MAINTENANCE,44.4,100.0,74.4,0,3,180,166,0,FALSE,FALSE,0.819,False,LOW,56.95
HIST_003293,AST_000031,ENGINEERING,INSPECTION,40.4,9.9,58.1,4,12,75,63,0,FALSE,TRUE,0.429,False,HIGH,37.47
HIST_003294,AST_000048,S&T,REPAIR,56.3,0.0,34.5,1,9,45,56,7,TRUE,TRUE,0.533,False,CRITICAL,38.79
HIST_003295,AST_000015,S&T,REPLACEMENT,53.9,15.2,71.0,3,1,150,154,2,TRUE,TRUE,0.594,False,LOW,37.92
HIST_003296,AST_000032,TRD,TESTING,72.1,54.8,55.7,4,5,60,61,1,TRUE,TRUE,0.784,False,CRITICAL,61.47
HIST_003297,AST_000049,ENGINEERING,PREVENTIVE_MAINTENANCE,67.6,68.9,59.7,3,2,45,42,0,FALSE,TRUE,0.615,False,LOW,53.19
HIST_003298,AST_000016,ENGINEERING,CORRECTIVE_MAINTENANCE,55.3,100.0,54.2,1,8,120,127,4,TRUE,TRUE,0.122,True,CRITICAL,77.43
HIST_003299,AST_000033,S&T,INSPECTION,80.7,100.0,27.9,3,2,90,106,10,TRUE,TRUE,0.194,False,MEDIUM,62.29
HIST_003300,AST_000050,TRD,REPAIR,88.2,100.0,35.1,5,4,75,65,0,FALSE,TRUE,0.331,False,CRITICAL,73.48
HIST_003301,AST_000017,TRD,REPLACEMENT,66.6,0.0,38.2,0,3,240,270,18,TRUE,FALSE,0.869,False,MEDIUM,35.12
HIST_003302,AST_000034,ENGINEERING,TESTING,82.4,31.1,24.6,5,11,60,50,0,FALSE,TRUE,0.225,False,CRITICAL,52.42
HIST_003303,AST_000001,ENGINEERING,PREVENTIVE_MAINTENANCE,50.3,100.0,27.6,5,1,60,53,0,FALSE,TRUE,0.576,False,LOW,49.36
HIST_003304,AST_000018,S&T,CORRECTIVE_MAINTENANCE,94.2,100.0,32.2,2,9,30,32,1,TRUE,TRUE,0.558,False,CRITICAL,74.7
HIST_003305,AST_000035,TRD,INSPECTION,84.2,100.0,22.2,5,7,150,136,0,FALSE,TRUE,0.901,True,HIGH,75.95
HIST_003306,AST_000002,TRD,REPAIR,63.8,100.0,34.8,3,1,30,34,2,TRUE,TRUE,0.402,False,MEDIUM,58.6
HIST_003307,AST_000019,ENGINEERING,REPLACEMENT,79.6,100.0,18.1,5,10,150,166,10,TRUE,TRUE,0.802,False,CRITICAL,67.5
HIST_003308,AST_000036,S&T,TESTING,78.2,94.2,48.5,3,4,30,32,1,TRUE,TRUE,0.877,False,LOW,60.46
HIST_003309,AST_000003,S&T,PREVENTIVE_MAINTENANCE,55.7,17.4,61.0,4,8,60,66,4,TRUE,TRUE,0.527,False,HIGH,44.51
HIST_003310,AST_000020,TRD,CORRECTIVE_MAINTENANCE,63.2,57.5,30.5,4,8,240,247,4,TRUE,TRUE,0.606,False,MEDIUM,46.94
HIST_003311,AST_000037,ENGINEERING,INSPECTION,81.9,1.7,31.3,2,9,240,294,32,TRUE,TRUE,0.114,False,MEDIUM,38.76
HIST_003312,AST_000004,ENGINEERING,REPAIR,87.4,79.0,48.7,2,10,75,71,0,FALSE,TRUE,0.057,True,CRITICAL,80.71
HIST_003313,AST_000021,S&T,REPLACEMENT,42.9,45.5,44.3,4,3,240,205,0,FALSE,TRUE,0.405,False,LOW,36.85
HIST_003314,AST_000038,TRD,TESTING,95.1,100.0,40.5,4,2,60,74,8,TRUE,TRUE,0.523,False,HIGH,72.88
HIST_003315,AST_000005,TRD,PREVENTIVE_MAINTENANCE,56.6,100.0,19.0,4,6,120,114,0,FALSE,TRUE,0.665,False,HIGH,57.03
HIST_003316,AST_000022,ENGINEERING,TESTING,76.5,9.3,56.3,4,10,180,170,0,FALSE,TRUE,0.244,False,HIGH,47.78
HIST_003317,AST_000039,S&T,PREVENTIVE_MAINTENANCE,91.8,48.5,36.2,5,11,90,97,4,TRUE,TRUE,0.307,False,LOW,50.66
HIST_003318,AST_000006,S&T,CORRECTIVE_MAINTENANCE,94.3,6.9,16.0,5,6,150,145,0,FALSE,TRUE,0.123,False,HIGH,44.47
HIST_003319,AST_000023,TRD,INSPECTION,55.6,18.6,62.0,4,12,60,58,0,FALSE,TRUE,0.498,True,CRITICAL,58.73
HIST_003320,AST_000040,ENGINEERING,REPAIR,49.9,25.4,70.3,5,4,90,78,0,FALSE,TRUE,0.46,False,CRITICAL,50.38
HIST_003321,AST_000007,ENGINEERING,REPLACEMENT,52.8,100.0,35.2,2,2,180,150,0,FALSE,TRUE,0.222,False,HIGH,59.13
HIST_003322,AST_000024,S&T,TESTING,66.7,48.1,23.6,0,5,150,166,10,TRUE,FALSE,0.147,False,CRITICAL,51.76
HIST_003323,AST_000041,TRD,PREVENTIVE_MAINTENANCE,89.8,0.7,53.9,1,6,45,41,0,FALSE,TRUE,0.446,False,LOW,41.64
HIST_003324,AST_000008,TRD,CORRECTIVE_MAINTENANCE,88.0,100.0,61.0,1,6,60,74,8,TRUE,TRUE,0.974,False,CRITICAL,78.6
HIST_003325,AST_000025,ENGINEERING,INSPECTION,94.7,100.0,40.4,4,12,180,161,0,FALSE,TRUE,0.965,False,LOW,65.24
HIST_003326,AST_000042,S&T,REPAIR,44.5,100.0,49.8,3,4,180,163,0,FALSE,TRUE,0.874,True,LOW,62.06
HIST_003327,AST_000009,S&T,REPLACEMENT,89.0,0.0,56.3,5,2,240,295,33,TRUE,TRUE,0.433,False,CRITICAL,52.96
HIST_003328,AST_000026,TRD,TESTING,79.3,59.5,27.8,2,5,60,70,6,TRUE,TRUE,0.194,False,MEDIUM,51.73
HIST_003329,AST_000043,ENGINEERING,PREVENTIVE_MAINTENANCE,70.1,32.6,45.2,3,10,90,107,10,TRUE,TRUE,0.303,False,LOW,41.97
HIST_003330,AST_000010,ENGINEERING,CORRECTIVE_MAINTENANCE,83.3,40.9,46.2,5,5,75,81,4,TRUE,TRUE,0.005,False,MEDIUM,51.95
HIST_003331,AST_000027,S&T,INSPECTION,50.8,47.6,60.3,3,9,240,228,0,FALSE,TRUE,0.07,False,LOW,42.95
HIST_003332,AST_000044,TRD,REPAIR,56.3,5.7,47.8,5,6,75,85,6,TRUE,TRUE,0.97,False,LOW,31.62
HIST_003333,AST_000011,TRD,REPLACEMENT,69.6,100.0,64.9,1,2,90,77,0,FALSE,TRUE,0.278,True,LOW,72.61
HIST_003334,AST_000028,ENGINEERING,TESTING,49.5,0.0,27.7,4,3,30,36,4,TRUE,TRUE,0.392,False,MEDIUM,27.89
HIST_003335,AST_000045,S&T,PREVENTIVE_MAINTENANCE,42.3,43.1,29.7,4,3,75,79,2,TRUE,TRUE,0.934,False,HIGH,40.66
HIST_003336,AST_000012,S&T,CORRECTIVE_MAINTENANCE,62.0,73.4,46.4,1,7,90,86,0,FALSE,TRUE,0.515,False,CRITICAL,61.23
HIST_003337,AST_000029,TRD,INSPECTION,88.2,100.0,18.3,4,6,150,158,5,TRUE,TRUE,0.575,False,HIGH,66.37
HIST_003338,AST_000046,ENGINEERING,REPAIR,52.0,73.2,59.7,2,11,75,86,7,TRUE,TRUE,0.951,False,MEDIUM,53.34
HIST_003339,AST_000013,ENGINEERING,REPLACEMENT,54.3,81.8,53.8,1,4,120,123,2,TRUE,TRUE,0.879,False,LOW,51.25
HIST_003340,AST_000030,S&T,TESTING,88.6,73.2,20.0,5,6,180,146,0,FALSE,TRUE,0.241,True,LOW,62.63
HIST_003341,AST_000047,TRD,PREVENTIVE_MAINTENANCE,84.5,100.0,24.4,3,11,90,91,1,TRUE,TRUE,0.428,False,HIGH,66.48
HIST_003342,AST_000014,TRD,CORRECTIVE_MAINTENANCE,44.4,10.9,73.5,0,6,30,34,2,TRUE,FALSE,0.688,False,CRITICAL,45.74
HIST_003343,AST_000031,ENGINEERING,PREVENTIVE_MAINTENANCE,40.4,59.8,53.7,0,4,150,163,8,TRUE,FALSE,0.161,False,HIGH,49.06
HIST_003344,AST_000048,S&T,CORRECTIVE_MAINTENANCE,56.3,74.6,37.2,2,8,120,110,0,FALSE,TRUE,0.757,False,MEDIUM,50.48
HIST_003345,AST_000015,S&T,INSPECTION,53.9,99.7,69.6,4,6,180,203,14,TRUE,TRUE,0.016,False,HIGH,66.27
HIST_003346,AST_000032,TRD,REPAIR,72.1,69.8,54.9,0,7,60,69,5,TRUE,FALSE,0.991,False,MEDIUM,57.56
HIST_003347,AST_000049,ENGINEERING,REPLACEMENT,67.6,100.0,55.3,2,6,120,125,3,TRUE,TRUE,0.386,True,MEDIUM,73.84
HIST_003348,AST_000016,ENGINEERING,TESTING,55.3,100.0,48.3,0,12,150,127,0,FALSE,FALSE,1.0,False,HIGH,62.5
HIST_003349,AST_000033,S&T,PREVENTIVE_MAINTENANCE,80.7,74.9,17.4,0,12,180,159,0,FALSE,FALSE,0.551,False,CRITICAL,61.41
HIST_003350,AST_000050,TRD,CORRECTIVE_MAINTENANCE,88.2,26.1,35.4,4,11,180,181,1,TRUE,TRUE,0.805,False,HIGH,51.31
HIST_003351,AST_000017,TRD,INSPECTION,66.6,7.2,43.4,4,12,90,103,8,TRUE,TRUE,0.868,False,HIGH,41.71
HIST_003352,AST_000034,ENGINEERING,REPAIR,82.4,0.0,18.3,2,1,60,50,0,FALSE,TRUE,0.395,False,CRITICAL,43.38
HIST_003353,AST_000001,ENGINEERING,REPLACEMENT,50.3,0.0,34.3,2,3,120,101,0,FALSE,TRUE,0.322,False,LOW,25.7
HIST_003354,AST_000018,S&T,TESTING,94.2,0.0,21.5,5,2,90,108,11,TRUE,TRUE,0.328,True,MEDIUM,50.06
HIST_003355,AST_000035,TRD,PREVENTIVE_MAINTENANCE,84.2,83.3,29.5,5,7,120,144,14,TRUE,TRUE,0.012,False,MEDIUM,59.48
HIST_003356,AST_000002,TRD,CORRECTIVE_MAINTENANCE,63.8,0.0,34.7,5,10,90,108,11,TRUE,TRUE,0.457,False,LOW,29.83
HIST_003357,AST_000019,ENGINEERING,INSPECTION,79.6,100.0,28.5,1,9,150,177,16,TRUE,TRUE,0.23,False,LOW,58.33
HIST_003358,AST_000036,S&T,REPAIR,78.2,71.1,57.9,3,8,75,77,1,TRUE,TRUE,0.591,False,HIGH,64.06
HIST_003359,AST_000003,S&T,REPLACEMENT,55.7,72.3,57.3,5,6,180,163,0,FALSE,TRUE,0.072,False,CRITICAL,61.24
HIST_003360,AST_000020,TRD,TESTING,63.2,26.7,22.6,4,4,120,130,6,TRUE,TRUE,0.244,False,LOW,33.91
HIST_003361,AST_000037,ENGINEERING,PREVENTIVE_MAINTENANCE,81.9,62.2,34.1,1,8,150,150,0,FALSE,TRUE,0.557,True,MEDIUM,64.44
HIST_003362,AST_000004,ENGINEERING,CORRECTIVE_MAINTENANCE,87.4,0.0,50.4,4,1,150,126,0,FALSE,TRUE,0.482,False,CRITICAL,51.3
HIST_003363,AST_000021,S&T,INSPECTION,42.9,100.0,44.5,4,2,240,255,9,TRUE,TRUE,0.827,False,CRITICAL,61.77
HIST_003364,AST_000038,TRD,REPAIR,95.1,100.0,46.7,4,3,45,45,0,FALSE,TRUE,0.597,False,MEDIUM,70.37
HIST_003365,AST_000005,TRD,REPLACEMENT,56.6,100.0,24.7,5,1,150,160,6,TRUE,TRUE,0.06,False,LOW,50.67
HIST_003366,AST_000022,ENGINEERING,TESTING,76.5,16.0,50.4,1,2,180,150,0,FALSE,TRUE,0.293,False,CRITICAL,52.03
HIST_003367,AST_000039,S&T,PREVENTIVE_MAINTENANCE,91.8,0.0,35.9,5,2,60,53,0,FALSE,TRUE,0.865,False,MEDIUM,42.22
HIST_003368,AST_000006,S&T,CORRECTIVE_MAINTENANCE,94.3,89.2,21.7,5,8,75,68,0,FALSE,TRUE,0.031,True,HIGH,76.18
HIST_003369,AST_000023,TRD,PREVENTIVE_MAINTENANCE,55.6,22.4,55.1,4,11,60,62,1,TRUE,TRUE,0.645,False,HIGH,44.55
HIST_003370,AST_000040,ENGINEERING,CORRECTIVE_MAINTENANCE,49.9,78.5,75.1,4,8,75,76,1,TRUE,TRUE,0.572,False,MEDIUM,57.11
HIST_003371,AST_000007,ENGINEERING,INSPECTION,52.8,62.5,39.5,5,1,180,163,0,FALSE,TRUE,0.871,False,HIGH,50.61
HIST_003372,AST_000024,S&T,REPAIR,66.7,0.0,29.7,0,7,75,82,4,TRUE,FALSE,0.459,False,MEDIUM,33.45
HIST_003373,AST_000041,TRD,REPLACEMENT,89.8,100.0,46.1,1,1,30,32,1,TRUE,TRUE,0.698,False,MEDIUM,68.66
HIST_003374,AST_000008,TRD,TESTING,88.0,81.6,60.9,3,1,30,30,0,FALSE,TRUE,0.389,False,CRITICAL,73.98
HIST_003375,AST_000025,ENGINEERING,PREVENTIVE_MAINTENANCE,94.7,82.2,39.7,1,3,45,41,0,FALSE,TRUE,0.203,True,CRITICAL,81.9
HIST_003376,AST_000042,S&T,CORRECTIVE_MAINTENANCE,44.5,100.0,39.3,2,9,240,245,3,TRUE,TRUE,0.677,False,MEDIUM,53.71
HIST_003377,AST_000009,S&T,INSPECTION,89.0,0.0,61.0,1,1,60,66,4,TRUE,TRUE,0.4,False,HIGH,50.15
HIST_003378,AST_000026,TRD,REPAIR,79.3,78.6,20.7,1,12,60,49,0,FALSE,TRUE,0.41,False,MEDIUM,55.08
HIST_003379,AST_000043,ENGINEERING,REPLACEMENT,70.1,70.3,51.0,1,9,60,59,0,FALSE,TRUE,0.852,False,MEDIUM,56.3
HIST_003380,AST_000010,ENGINEERING,TESTING,83.3,96.1,52.4,5,6,180,195,9,TRUE,TRUE,0.644,False,HIGH,70.75
HIST_003381,AST_000027,S&T,PREVENTIVE_MAINTENANCE,50.8,60.9,48.5,1,3,120,120,0,FALSE,TRUE,0.843,False,LOW,43.91
HIST_003382,AST_000044,TRD,CORRECTIVE_MAINTENANCE,56.3,0.0,47.6,1,6,180,203,14,TRUE,TRUE,0.5,True,CRITICAL,51.41
HIST_003383,AST_000011,TRD,INSPECTION,69.6,10.8,71.0,4,6,30,32,1,TRUE,TRUE,0.164,False,CRITICAL,52.78
HIST_003384,AST_000028,ENGINEERING,REPAIR,49.5,54.2,23.9,4,8,45,53,5,TRUE,TRUE,0.201,False,MEDIUM,40.68
HIST_003385,AST_000045,S&T,REPLACEMENT,42.3,19.2,23.2,3,3,60,53,0,FALSE,TRUE,0.877,False,MEDIUM,29.63
HIST_003386,AST_000012,S&T,TESTING,62.0,0.0,42.1,0,7,150,184,20,TRUE,FALSE,0.975,False,MEDIUM,34.52
HIST_003387,AST_000029,TRD,PREVENTIVE_MAINTENANCE,88.2,0.0,30.3,1,11,120,113,0,FALSE,TRUE,0.186,False,HIGH,43.77
HIST_003388,AST_000046,ENGINEERING,CORRECTIVE_MAINTENANCE,52.0,0.0,61.4,4,12,150,122,0,FALSE,TRUE,0.984,False,LOW,31.63
HIST_003389,AST_000013,ENGINEERING,INSPECTION,54.3,88.2,61.5,2,11,30,25,0,FALSE,TRUE,0.521,True,MEDIUM,68.14
HIST_003390,AST_000030,S&T,REPAIR,88.6,100.0,27.4,0,5,60,49,0,FALSE,FALSE,0.841,False,CRITICAL,72.06
HIST_003391,AST_000047,TRD,REPLACEMENT,84.5,0.0,19.8,5,10,30,34,2,TRUE,TRUE,0.282,False,LOW,33.06
HIST_003392,AST_000014,TRD,TESTING,44.4,71.8,72.4,4,5,90,74,0,FALSE,TRUE,0.678,False,LOW,49.5
HIST_003393,AST_000031,ENGINEERING,PREVENTIVE_MAINTENANCE,40.4,100.0,50.0,5,12,180,225,27,TRUE,TRUE,0.416,False,LOW,50.87
HIST_003394,AST_000048,S&T,CORRECTIVE_MAINTENANCE,56.3,39.3,37.7,0,5,75,60,0,FALSE,FALSE,0.65,False,HIGH,45.5
HIST_003395,AST_000015,S&T,PREVENTIVE_MAINTENANCE,53.9,69.1,69.0,3,7,180,206,16,TRUE,TRUE,0.655,False,CRITICAL,62.24
HIST_003396,AST_000032,TRD,CORRECTIVE_MAINTENANCE,72.1,80.0,57.0,2,3,120,97,0,FALSE,TRUE,0.453,True,MEDIUM,70.53
HIST_003397,AST_000049,ENGINEERING,INSPECTION,67.6,0.0,50.5,4,6,60,73,8,TRUE,TRUE,0.776,False,LOW,34.13
HIST_003398,AST_000016,ENGINEERING,REPAIR,55.3,63.7,43.4,3,10,90,80,0,FALSE,TRUE,0.182,False,LOW,44.95
HIST_003399,AST_000033,S&T,REPLACEMENT,80.7,75.6,24.8,0,2,75,94,11,TRUE,FALSE,0.05,False,MEDIUM,55.57
HIST_003400,AST_000050,TRD,TESTING,88.2,35.6,35.5,5,7,30,36,4,TRUE,TRUE,0.623,False,HIGH,53.71
HIST_003401,AST_000017,TRD,PREVENTIVE_MAINTENANCE,66.6,100.0,43.2,1,4,30,35,3,TRUE,TRUE,0.205,False,CRITICAL,68.62
HIST_003402,AST_000034,ENGINEERING,CORRECTIVE_MAINTENANCE,82.4,0.0,25.1,0,4,150,141,0,FALSE,FALSE,0.479,False,LOW,33.49
HIST_003403,AST_000001,ENGINEERING,INSPECTION,50.3,19.7,27.1,1,1,75,83,5,TRUE,TRUE,0.162,True,LOW,39.19
HIST_003404,AST_000018,S&T,REPAIR,94.2,40.6,26.1,2,10,240,226,0,FALSE,TRUE,0.156,False,MEDIUM,51.13
HIST_003405,AST_000035,TRD,REPLACEMENT,84.2,100.0,23.3,4,6,60,60,0,FALSE,TRUE,0.54,False,CRITICAL,69.92
HIST_003406,AST_000002,TRD,TESTING,63.8,100.0,39.9,2,2,60,72,7,TRUE,TRUE,0.009,False,CRITICAL,67.12
HIST_003407,AST_000019,ENGINEERING,PREVENTIVE_MAINTENANCE,79.6,42.0,22.7,1,8,120,108,0,FALSE,TRUE,0.819,False,CRITICAL,53.92
HIST_003408,AST_000036,S&T,CORRECTIVE_MAINTENANCE,78.2,100.0,44.8,4,2,240,288,29,TRUE,TRUE,0.113,False,HIGH,68.67
HIST_003409,AST_000003,S&T,INSPECTION,55.7,0.0,54.3,3,7,30,36,4,TRUE,TRUE,0.324,False,MEDIUM,35.07
HIST_003410,AST_000020,TRD,REPAIR,63.2,77.6,28.3,4,1,90,94,2,TRUE,TRUE,0.972,True,HIGH,65.27
HIST_003411,AST_000037,ENGINEERING,REPLACEMENT,81.9,74.4,29.5,3,2,180,209,17,TRUE,TRUE,0.993,False,MEDIUM,56.57
HIST_003412,AST_000004,ENGINEERING,TESTING,87.4,100.0,43.6,2,11,120,135,9,TRUE,TRUE,0.257,False,LOW,63.69
HIST_003413,AST_000021,S&T,PREVENTIVE_MAINTENANCE,42.9,17.6,48.8,1,7,30,33,2,TRUE,TRUE,0.199,False,MEDIUM,34.53
HIST_003414,AST_000038,TRD,CORRECTIVE_MAINTENANCE,95.1,86.1,40.6,0,3,180,178,0,FALSE,FALSE,0.601,False,LOW,61.92
HIST_003415,AST_000005,TRD,INSPECTION,56.6,82.3,21.0,0,1,60,55,0,FALSE,FALSE,0.277,False,LOW,45.51
HIST_003416,AST_000022,ENGINEERING,REPAIR,76.5,100.0,54.0,0,5,240,248,5,TRUE,FALSE,0.633,False,MEDIUM,66.25
HIST_003417,AST_000039,S&T,REPLACEMENT,91.8,100.0,44.8,3,12,60,60,0,FALSE,TRUE,0.71,True,LOW,75.25
HIST_003418,AST_000006,S&T,TESTING,94.3,62.3,16.1,2,5,75,67,0,FALSE,TRUE,0.363,False,LOW,50.83
HIST_003419,AST_000023,TRD,PREVENTIVE_MAINTENANCE,55.6,88.7,57.5,2,7,60,75,9,TRUE,TRUE,0.086,False,LOW,54.11
HIST_003420,AST_000040,ENGINEERING,CORRECTIVE_MAINTENANCE,49.9,0.0,81.8,2,4,75,90,9,TRUE,TRUE,0.078,False,CRITICAL,46.33
HIST_003421,AST_000007,ENGINEERING,INSPECTION,52.8,17.5,37.0,5,8,120,104,0,FALSE,TRUE,0.177,False,CRITICAL,42.61
HIST_003422,AST_000024,S&T,CORRECTIVE_MAINTENANCE,66.7,10.8,27.7,1,5,240,258,11,TRUE,TRUE,0.371,False,CRITICAL,43.25
HIST_003423,AST_000041,TRD,INSPECTION,89.8,100.0,51.7,4,11,90,98,5,TRUE,TRUE,0.731,False,CRITICAL,77.28
HIST_003424,AST_000008,TRD,REPAIR,88.0,57.6,58.6,1,10,75,60,0,FALSE,TRUE,0.889,True,CRITICAL,77.52
HIST_003425,AST_000025,ENGINEERING,REPLACEMENT,94.7,98.7,40.5,4,3,180,181,1,TRUE,TRUE,0.582,False,MEDIUM,68.69
HIST_003426,AST_000042,S&T,TESTING,44.5,100.0,51.0,3,3,180,203,14,TRUE,TRUE,0.25,False,CRITICAL,63.55
HIST_003427,AST_000009,S&T,PREVENTIVE_MAINTENANCE,89.0,97.0,52.7,5,2,150,151,1,TRUE,TRUE,0.735,False,HIGH,72.74
HIST_003428,AST_000026,TRD,CORRECTIVE_MAINTENANCE,79.3,0.0,22.1,1,2,75,83,5,TRUE,TRUE,0.622,False,LOW,31.96
HIST_003429,AST_000043,ENGINEERING,INSPECTION,70.1,100.0,44.3,3,11,150,165,9,TRUE,TRUE,0.817,False,LOW,58.64
HIST_003430,AST_000010,ENGINEERING,REPAIR,83.3,0.0,53.3,3,12,75,79,2,TRUE,TRUE,0.032,False,MEDIUM,43.15
HIST_003431,AST_000027,S&T,REPLACEMENT,50.8,3.4,52.9,5,6,30,37,4,TRUE,TRUE,0.445,True,CRITICAL,51.67
HIST_003432,AST_000044,TRD,TESTING,56.3,91.6,52.4,2,6,75,93,11,TRUE,TRUE,0.616,False,LOW,54.02
HIST_003433,AST_000011,TRD,PREVENTIVE_MAINTENANCE,69.6,57.1,74.5,2,1,180,167,0,FALSE,TRUE,0.623,False,HIGH,61.3
HIST_003434,AST_000028,ENGINEERING,CORRECTIVE_MAINTENANCE,49.5,100.0,23.3,2,1,120,97,0,FALSE,TRUE,0.829,False,CRITICAL,59.51
HIST_003435,AST_000045,S&T,INSPECTION,42.3,100.0,26.5,5,4,180,201,13,TRUE,TRUE,0.502,False,CRITICAL,57.99
HIST_003436,AST_000012,S&T,REPAIR,62.0,34.5,47.7,5,11,120,98,0,FALSE,TRUE,0.879,False,CRITICAL,51.77
HIST_003437,AST_000029,TRD,REPLACEMENT,88.2,100.0,20.6,2,6,30,25,0,FALSE,TRUE,0.03,False,LOW,59.33
HIST_003438,AST_000046,ENGINEERING,TESTING,52.0,0.0,49.0,1,8,240,249,5,TRUE,TRUE,0.664,True,MEDIUM,42.9
HIST_003439,AST_000013,ENGINEERING,PREVENTIVE_MAINTENANCE,54.3,100.0,53.2,5,3,75,91,10,TRUE,TRUE,0.874,False,LOW,55.68
HIST_003440,AST_000030,S&T,CORRECTIVE_MAINTENANCE,88.6,54.3,29.8,0,3,240,257,10,TRUE,FALSE,0.801,False,LOW,49.87
HIST_003441,AST_000047,TRD,INSPECTION,84.5,89.4,26.8,1,7,180,176,0,FALSE,TRUE,0.047,False,HIGH,64.31
HIST_003442,AST_000014,TRD,REPAIR,44.4,1.6,63.6,3,5,60,67,4,TRUE,TRUE,0.431,False,MEDIUM,33.94
HIST_003443,AST_000031,ENGINEERING,REPLACEMENT,40.4,11.6,58.3,5,5,240,258,11,TRUE,TRUE,0.781,False,HIGH,37.93
HIST_003444,AST_000048,S&T,TESTING,56.3,100.0,33.3,2,12,90,111,13,TRUE,TRUE,0.06,False,HIGH,59.8
HIST_003445,AST_000015,S&T,PREVENTIVE_MAINTENANCE,53.9,29.9,68.0,5,9,60,55,0,FALSE,TRUE,0.113,True,CRITICAL,62.24
HIST_003446,AST_000032,TRD,CORRECTIVE_MAINTENANCE,72.1,0.0,54.6,3,3,240,261,13,TRUE,TRUE,0.916,False,LOW,36.3
HIST_003447,AST_000049,ENGINEERING,INSPECTION,67.6,81.9,53.4,4,3,150,150,0,FALSE,TRUE,0.736,False,HIGH,62.68
HIST_003448,AST_000016,ENGINEERING,CORRECTIVE_MAINTENANCE,55.3,100.0,47.3,0,8,61,52,0,FALSE,FALSE,0.898,False,CRITICAL,66.05
HIST_003449,AST_000033,S&T,INSPECTION,80.7,96.8,17.5,4,2,240,210,0,FALSE,TRUE,0.51,False,CRITICAL,66.91
HIST_003450,AST_000050,TRD,REPAIR,88.2,57.0,30.9,3,3,180,193,8,TRUE,TRUE,0.971,False,LOW,50.64
HIST_003451,AST_000017,TRD,REPLACEMENT,66.6,100.0,44.2,2,10,60,73,8,TRUE,TRUE,0.936,False,HIGH,65.07
HIST_003452,AST_000034,ENGINEERING,TESTING,82.4,99.0,26.0,4,9,75,62,0,FALSE,TRUE,0.37,True,HIGH,75.92
HIST_003453,AST_000001,ENGINEERING,PREVENTIVE_MAINTENANCE,50.3,100.0,28.8,1,11,60,64,2,TRUE,TRUE,0.685,False,MEDIUM,53.35
HIST_003454,AST_000018,S&T,CORRECTIVE_MAINTENANCE,94.2,71.6,28.3,4,12,150,152,1,TRUE,TRUE,0.254,False,LOW,55.57
HIST_003455,AST_000035,TRD,INSPECTION,84.2,100.0,26.0,4,6,75,88,8,TRUE,TRUE,0.37,False,HIGH,66.71
HIST_003456,AST_000002,TRD,REPAIR,63.8,10.9,40.2,5,8,90,79,0,FALSE,TRUE,0.768,False,CRITICAL,44.91
HIST_003457,AST_000019,ENGINEERING,REPLACEMENT,79.6,71.1,21.3,1,10,75,79,2,TRUE,TRUE,0.876,False,MEDIUM,53.41
HIST_003458,AST_000036,S&T,TESTING,78.2,94.5,54.3,1,1,45,41,0,FALSE,TRUE,0.501,False,MEDIUM,65.44
HIST_003459,AST_000003,S&T,PREVENTIVE_MAINTENANCE,55.7,75.5,52.8,1,11,90,87,0,FALSE,TRUE,0.895,True,LOW,59.9
HIST_003460,AST_000020,TRD,CORRECTIVE_MAINTENANCE,63.2,100.0,29.2,4,2,75,80,3,TRUE,TRUE,0.873,False,HIGH,61.05
HIST_003461,AST_000037,ENGINEERING,INSPECTION,81.9,54.4,41.5,4,5,75,91,10,TRUE,TRUE,0.959,False,LOW,50.22
HIST_003462,AST_000004,ENGINEERING,REPAIR,87.4,100.0,43.9,3,6,75,68,0,FALSE,TRUE,0.313,False,LOW,63.75
HIST_003463,AST_000021,S&T,REPLACEMENT,42.9,0.0,45.7,1,6,30,35,3,TRUE,TRUE,0.754,False,LOW,25.76
HIST_003464,AST_000038,TRD,TESTING,95.1,100.0,44.3,1,7,45,43,0,FALSE,TRUE,0.342,False,CRITICAL,77.39
HIST_003465,AST_000005,TRD,PREVENTIVE_MAINTENANCE,56.6,66.7,11.2,1,6,120,105,0,FALSE,TRUE,0.85,False,MEDIUM,43.4
HIST_003466,AST_000022,ENGINEERING,CORRECTIVE_MAINTENANCE,76.5,51.8,53.6,4,3,45,36,0,FALSE,TRUE,0.078,True,HIGH,67.87
HIST_003467,AST_000039,S&T,INSPECTION,91.8,15.5,41.4,1,2,180,208,17,TRUE,TRUE,0.873,False,CRITICAL,54.7
HIST_003468,AST_000006,S&T,REPAIR,94.3,0.0,14.0,5,9,75,73,0,FALSE,TRUE,0.442,False,CRITICAL,46.09
HIST_003469,AST_000023,TRD,REPLACEMENT,55.6,24.2,62.7,5,4,30,28,0,FALSE,TRUE,0.034,False,LOW,39.02
HIST_003470,AST_000040,ENGINEERING,TESTING,49.9,75.5,71.1,0,2,75,89,8,TRUE,FALSE,0.786,False,HIGH,59.31
HIST_003471,AST_000007,ENGINEERING,PREVENTIVE_MAINTENANCE,52.8,20.3,42.5,5,9,75,74,0,FALSE,TRUE,0.762,False,CRITICAL,44.41
HIST_003472,AST_000024,S&T,CORRECTIVE_MAINTENANCE,66.7,0.0,22.4,3,8,90,78,0,FALSE,TRUE,0.22,False,HIGH,35.74
HIST_003473,AST_000041,TRD,INSPECTION,89.8,100.0,51.6,4,9,150,174,14,TRUE,TRUE,0.471,True,LOW,76.01
HIST_003474,AST_000008,TRD,CORRECTIVE_MAINTENANCE,88.0,10.5,59.8,4,5,60,65,3,TRUE,TRUE,0.054,False,MEDIUM,48.48
HIST_003475,AST_000025,ENGINEERING,INSPECTION,94.7,71.1,33.7,1,3,45,56,7,TRUE,TRUE,0.794,False,HIGH,64.18
HIST_003476,AST_000042,S&T,REPAIR,44.5,42.4,38.7,4,10,120,116,0,FALSE,TRUE,0.548,False,HIGH,42.94
HIST_003477,AST_000009,S&T,REPLACEMENT,89.0,0.0,60.6,0,5,30,25,0,FALSE,FALSE,0.253,False,HIGH,50.07
HIST_003478,AST_000026,TRD,TESTING,79.3,77.7,17.8,1,2,240,247,4,TRUE,TRUE,0.165,False,CRITICAL,61.78
HIST_003479,AST_000043,ENGINEERING,PREVENTIVE_MAINTENANCE,70.1,0.0,44.0,3,9,120,127,4,TRUE,TRUE,0.785,False,LOW,33.58
HIST_003480,AST_000010,ENGINEERING,CORRECTIVE_MAINTENANCE,83.3,100.0,42.3,2,8,180,208,17,TRUE,TRUE,0.538,True,LOW,72.2
HIST_003481,AST_000027,S&T,INSPECTION,50.8,24.5,60.7,4,9,45,36,0,FALSE,TRUE,0.593,False,HIGH,44.75
HIST_003482,AST_000044,TRD,REPAIR,56.3,100.0,49.2,4,4,60,66,4,TRUE,TRUE,0.224,False,CRITICAL,66.73
HIST_003483,AST_000011,TRD,REPLACEMENT,69.6,98.8,66.3,0,12,240,274,20,TRUE,FALSE,0.395,False,HIGH,70.09
HIST_003484,AST_000028,ENGINEERING,TESTING,49.5,96.7,31.2,1,12,90,73,0,FALSE,TRUE,0.513,False,HIGH,56.52
HIST_003485,AST_000045,S&T,PREVENTIVE_MAINTENANCE,42.3,100.0,24.6,0,9,75,64,0,FALSE,FALSE,0.537,False,HIGH,53.86
HIST_003486,AST_000012,S&T,CORRECTIVE_MAINTENANCE,62.0,100.0,43.8,1,6,180,166,0,FALSE,TRUE,0.713,False,HIGH,63.61
HIST_003487,AST_000029,TRD,INSPECTION,88.2,92.9,25.1,3,2,90,109,11,TRUE,TRUE,0.603,True,LOW,68.46
HIST_003488,AST_000046,ENGINEERING,REPAIR,52.0,40.2,56.4,5,6,30,27,0,FALSE,TRUE,0.576,False,HIGH,48.18
HIST_003489,AST_000013,ENGINEERING,REPLACEMENT,54.3,33.1,58.0,1,4,60,57,0,FALSE,TRUE,0.881,False,LOW,39.91
HIST_003490,AST_000030,S&T,TESTING,88.6,16.7,24.1,0,5,75,74,0,FALSE,FALSE,0.614,False,MEDIUM,43.08
HIST_003491,AST_000047,TRD,PREVENTIVE_MAINTENANCE,84.5,0.0,20.4,0,3,120,124,2,TRUE,FALSE,0.632,False,CRITICAL,44.43
HIST_003492,AST_000014,TRD,CORRECTIVE_MAINTENANCE,44.4,100.0,66.0,1,3,180,213,20,TRUE,TRUE,0.952,False,LOW,55.27
HIST_003493,AST_000031,ENGINEERING,INSPECTION,40.4,100.0,50.0,4,4,120,135,9,TRUE,TRUE,0.968,False,CRITICAL,62.12
HIST_003494,AST_000048,S&T,REPAIR,56.3,65.4,35.2,1,12,180,218,23,TRUE,TRUE,0.485,True,MEDIUM,57.78
HIST_003495,AST_000015,S&T,REPLACEMENT,53.9,66.0,70.1,5,8,45,38,0,FALSE,TRUE,0.418,False,MEDIUM,54.19
HIST_003496,AST_000032,TRD,TESTING,72.1,100.0,51.7,3,9,45,49,2,TRUE,TRUE,0.553,False,HIGH,68.22
HIST_003497,AST_000049,ENGINEERING,PREVENTIVE_MAINTENANCE,67.6,100.0,49.6,5,1,150,164,8,TRUE,TRUE,0.658,False,HIGH,66.45
HIST_003498,AST_000016,ENGINEERING,CORRECTIVE_MAINTENANCE,55.3,0.2,47.4,5,10,90,109,11,TRUE,TRUE,0.827,False,LOW,29.87
HIST_003499,AST_000033,S&T,INSPECTION,80.7,43.6,18.8,5,8,120,137,10,TRUE,TRUE,0.672,False,HIGH,50.12
HIST_003500,AST_000050,TRD,REPAIR,88.2,100.0,40.4,3,7,120,108,0,FALSE,TRUE,0.874,False,LOW,63.29
HIST_003501,AST_000017,TRD,INSPECTION,66.6,72.3,34.2,1,3,180,178,0,FALSE,TRUE,0.998,True,HIGH,66.14
HIST_003502,AST_000034,ENGINEERING,REPAIR,82.4,16.2,28.0,5,8,60,68,5,TRUE,TRUE,0.616,False,CRITICAL,49.37
HIST_003503,AST_000001,ENGINEERING,REPLACEMENT,50.3,0.4,27.4,2,6,180,187,4,TRUE,TRUE,0.163,False,HIGH,31.92
HIST_003504,AST_000018,S&T,TESTING,94.2,97.7,26.8,5,12,150,162,7,TRUE,TRUE,0.117,False,CRITICAL,73.05
HIST_003505,AST_000035,TRD,PREVENTIVE_MAINTENANCE,84.2,100.0,25.2,2,5,60,71,7,TRUE,TRUE,0.284,False,CRITICAL,70.3
HIST_003506,AST_000002,TRD,CORRECTIVE_MAINTENANCE,63.8,100.0,40.0,2,5,60,57,0,FALSE,TRUE,0.782,False,LOW,55.89
HIST_003507,AST_000019,ENGINEERING,INSPECTION,79.6,30.4,28.8,5,3,60,73,8,TRUE,TRUE,0.909,False,MEDIUM,44.74
HIST_003508,AST_000036,S&T,REPAIR,78.2,6.1,58.4,4,6,240,212,0,FALSE,TRUE,0.454,True,CRITICAL,61.66
HIST_003509,AST_000003,S&T,REPLACEMENT,55.7,89.5,64.4,5,7,45,37,0,FALSE,TRUE,0.427,False,LOW,55.72
HIST_003510,AST_000020,TRD,TESTING,63.2,51.7,28.4,1,9,240,267,16,TRUE,TRUE,0.949,False,CRITICAL,52.56
HIST_003511,AST_000037,ENGINEERING,PREVENTIVE_MAINTENANCE,81.9,0.7,32.8,4,7,150,125,0,FALSE,TRUE,0.828,False,CRITICAL,46.3
HIST_003512,AST_000004,ENGINEERING,CORRECTIVE_MAINTENANCE,87.4,100.0,50.6,5,6,180,165,0,FALSE,TRUE,0.345,False,CRITICAL,76.34
HIST_003513,AST_000021,S&T,INSPECTION,42.9,21.7,49.7,4,8,240,194,0,FALSE,TRUE,0.261,False,CRITICAL,43.23
HIST_003514,AST_000038,TRD,REPAIR,95.1,99.4,36.0,3,8,240,198,0,FALSE,TRUE,0.462,False,MEDIUM,68.08
HIST_003515,AST_000005,TRD,REPLACEMENT,56.6,0.0,20.4,3,6,150,184,20,TRUE,TRUE,0.971,True,MEDIUM,38.56
HIST_003516,AST_000022,ENGINEERING,TESTING,76.5,22.5,50.9,3,11,240,283,26,TRUE,TRUE,0.888,False,LOW,42.5
HIST_003517,AST_000039,S&T,PREVENTIVE_MAINTENANCE,91.8,50.3,38.9,5,8,180,144,0,FALSE,TRUE,0.185,False,CRITICAL,62.89
HIST_003518,AST_000006,S&T,CORRECTIVE_MAINTENANCE,94.3,39.9,13.1,5,8,150,144,0,FALSE,TRUE,0.008,False,MEDIUM,48.38
HIST_003519,AST_000023,TRD,INSPECTION,55.6,36.5,58.2,1,4,180,203,14,TRUE,TRUE,0.289,False,LOW,41.2
HIST_003520,AST_000040,ENGINEERING,REPAIR,49.9,49.9,70.1,0,8,75,83,5,TRUE,FALSE,0.319,False,LOW,45.22
HIST_003521,AST_000007,ENGINEERING,REPLACEMENT,52.8,73.1,43.5,5,3,30,30,0,FALSE,TRUE,0.607,False,MEDIUM,50.31
HIST_003522,AST_000024,S&T,TESTING,66.7,12.0,19.5,1,1,60,73,8,TRUE,TRUE,0.512,True,LOW,40.66
HIST_003523,AST_000041,TRD,PREVENTIVE_MAINTENANCE,89.8,100.0,44.4,4,2,180,145,0,FALSE,TRUE,0.01,False,CRITICAL,75.82
HIST_003524,AST_000008,TRD,CORRECTIVE_MAINTENANCE,88.0,97.6,58.6,0,4,240,195,0,FALSE,FALSE,0.276,False,HIGH,73.77
HIST_003525,AST_000025,ENGINEERING,INSPECTION,94.7,52.4,34.9,4,10,30,27,0,FALSE,TRUE,0.683,False,CRITICAL,63.49
HIST_003526,AST_000042,S&T,REPAIR,44.5,0.0,48.8,2,9,240,206,0,FALSE,TRUE,0.808,False,CRITICAL,38.11
HIST_003527,AST_000009,S&T,INSPECTION,89.0,47.3,64.9,3,10,30,24,0,FALSE,TRUE,0.988,False,MEDIUM,59.01
HIST_003528,AST_000026,TRD,REPAIR,79.3,14.6,21.0,2,1,180,189,5,TRUE,TRUE,0.77,False,HIGH,42.89
HIST_003529,AST_000043,ENGINEERING,REPLACEMENT,70.1,82.3,52.2,4,6,30,25,0,FALSE,TRUE,0.72,True,HIGH,73.3
HIST_003530,AST_000010,ENGINEERING,TESTING,83.3,17.1,47.2,0,4,240,225,0,FALSE,FALSE,0.379,False,MEDIUM,46.2
HIST_003531,AST_000027,S&T,PREVENTIVE_MAINTENANCE,50.8,0.0,50.4,2,2,120,126,4,TRUE,TRUE,0.959,False,LOW,29.07
HIST_003532,AST_000044,TRD,CORRECTIVE_MAINTENANCE,56.3,100.0,41.6,5,3,60,53,0,FALSE,TRUE,0.885,False,MEDIUM,57.71
HIST_003533,AST_000011,TRD,INSPECTION,69.6,59.0,71.2,4,3,120,142,13,TRUE,TRUE,0.052,False,CRITICAL,64.87
HIST_003534,AST_000028,ENGINEERING,REPAIR,49.5,0.0,24.2,0,12,180,155,0,FALSE,FALSE,0.709,False,HIGH,30.94
HIST_003535,AST_000045,S&T,REPLACEMENT,42.3,68.1,19.7,1,12,45,40,0,FALSE,TRUE,0.754,False,MEDIUM,41.15
HIST_003536,AST_000012,S&T,TESTING,62.0,0.0,42.3,3,7,75,81,4,TRUE,TRUE,0.426,True,CRITICAL,52.06
HIST_003537,AST_000029,TRD,PREVENTIVE_MAINTENANCE,88.2,100.0,29.4,2,6,60,65,3,TRUE,TRUE,0.362,False,MEDIUM,64.84
HIST_003538,AST_000046,ENGINEERING,CORRECTIVE_MAINTENANCE,52.0,99.7,53.3,4,11,240,246,4,TRUE,TRUE,0.028,False,CRITICAL,66.19
HIST_003539,AST_000013,ENGINEERING,INSPECTION,54.3,42.9,53.3,3,5,120,123,2,TRUE,TRUE,0.305,False,HIGH,48.92
HIST_003540,AST_000030,S&T,REPAIR,88.6,80.3,24.4,2,7,150,124,0,FALSE,TRUE,0.707,False,CRITICAL,66.53
HIST_003541,AST_000047,TRD,REPLACEMENT,84.5,100.0,26.0,1,8,240,273,20,TRUE,TRUE,0.181,False,LOW,59.3
HIST_003542,AST_000014,TRD,TESTING,44.4,2.2,72.9,4,1,90,103,8,TRUE,TRUE,0.963,False,CRITICAL,43.45
HIST_003543,AST_000031,ENGINEERING,PREVENTIVE_MAINTENANCE,40.4,21.8,50.1,1,2,30,35,3,TRUE,TRUE,0.078,True,LOW,41.34
HIST_003544,AST_000048,S&T,CORRECTIVE_MAINTENANCE,56.3,0.0,25.0,0,12,45,42,0,FALSE,FALSE,0.392,False,MEDIUM,29.39
HIST_003545,AST_000015,S&T,INSPECTION,53.9,0.0,75.9,3,10,180,154,0,FALSE,TRUE,0.33,False,HIGH,42.6
HIST_003546,AST_000032,TRD,REPAIR,72.1,21.9,54.3,0,11,240,225,0,FALSE,FALSE,0.994,False,HIGH,49.21
HIST_003547,AST_000049,ENGINEERING,REPLACEMENT,67.6,21.4,56.0,1,10,90,87,0,FALSE,TRUE,0.782,False,CRITICAL,51.83
HIST_003548,AST_000016,ENGINEERING,TESTING,55.3,71.7,47.2,4,5,120,106,0,FALSE,TRUE,0.292,False,LOW,47.7
HIST_003549,AST_000033,S&T,PREVENTIVE_MAINTENANCE,80.7,39.9,17.4,4,9,180,178,0,FALSE,TRUE,0.246,False,HIGH,48.91
HIST_003550,AST_000050,TRD,CORRECTIVE_MAINTENANCE,88.2,0.0,34.1,5,4,240,234,0,FALSE,TRUE,0.706,True,HIGH,54.53
HIST_003551,AST_000017,TRD,INSPECTION,66.6,0.0,40.3,2,2,240,249,5,TRUE,TRUE,0.544,False,LOW,31.79
HIST_003552,AST_000034,ENGINEERING,REPAIR,82.4,41.9,28.4,4,3,180,146,0,FALSE,TRUE,0.82,False,HIGH,52.12
HIST_003553,AST_000001,ENGINEERING,INSPECTION,50.3,89.0,32.4,5,8,60,56,0,FALSE,TRUE,0.48,False,MEDIUM,51.32
HIST_003554,AST_000018,S&T,REPAIR,94.2,21.6,30.4,2,4,120,144,14,TRUE,TRUE,0.872,False,HIGH,50.99
HIST_003555,AST_000035,TRD,REPLACEMENT,84.2,0.0,30.6,5,12,45,44,0,FALSE,TRUE,0.331,False,CRITICAL,46.38
HIST_003556,AST_000002,TRD,TESTING,63.8,81.3,27.6,0,5,30,28,0,FALSE,FALSE,0.709,False,MEDIUM,52.48
HIST_003557,AST_000019,ENGINEERING,PREVENTIVE_MAINTENANCE,79.6,0.0,22.6,1,12,120,144,14,TRUE,TRUE,0.084,True,HIGH,49.65
HIST_003558,AST_000036,S&T,CORRECTIVE_MAINTENANCE,78.2,100.0,45.0,1,4,75,77,1,TRUE,TRUE,0.903,False,HIGH,68.71
HIST_003559,AST_000003,S&T,INSPECTION,55.7,59.7,53.8,5,7,30,27,0,FALSE,TRUE,0.232,False,MEDIUM,49.9
HIST_003560,AST_000020,TRD,REPAIR,63.2,100.0,21.4,0,12,150,123,0,FALSE,FALSE,0.628,False,MEDIUM,55.74
HIST_003561,AST_000037,ENGINEERING,REPLACEMENT,81.9,47.5,38.0,3,6,120,132,7,TRUE,TRUE,0.573,False,HIGH,55.3
HIST_003562,AST_000004,ENGINEERING,TESTING,87.4,0.0,53.9,3,6,90,103,8,TRUE,TRUE,0.457,False,CRITICAL,52.0
HIST_003563,AST_000021,S&T,PREVENTIVE_MAINTENANCE,42.9,0.0,38.5,1,6,240,299,35,TRUE,TRUE,0.839,False,HIGH,31.82
HIST_003564,AST_000038,TRD,CORRECTIVE_MAINTENANCE,95.1,55.1,47.7,2,1,240,212,0,FALSE,TRUE,0.462,True,HIGH,73.09
HIST_003565,AST_000005,TRD,INSPECTION,56.6,89.5,23.2,2,2,90,81,0,FALSE,TRUE,0.52,False,MEDIUM,51.5
HIST_003566,AST_000022,ENGINEERING,REPAIR,76.5,48.9,61.9,2,11,90,110,12,TRUE,TRUE,0.048,False,CRITICAL,62.55
HIST_003567,AST_000039,S&T,REPLACEMENT,91.8,55.6,37.9,2,5,60,68,5,TRUE,TRUE,0.703,False,MEDIUM,56.52
HIST_003568,AST_000006,S&T,TESTING,94.3,0.0,16.1,0,6,45,50,3,TRUE,FALSE,0.603,False,CRITICAL,46.51
HIST_003569,AST_000023,TRD,PREVENTIVE_MAINTENANCE,55.6,0.0,58.2,2,12,75,74,0,FALSE,TRUE,0.988,False,CRITICAL,43.32
HIST_003570,AST_000040,ENGINEERING,CORRECTIVE_MAINTENANCE,49.9,100.0,72.2,0,7,240,285,27,TRUE,FALSE,0.424,False,HIGH,65.66
HIST_003571,AST_000007,ENGINEERING,INSPECTION,52.8,100.0,44.5,1,7,30,37,4,TRUE,TRUE,0.66,True,HIGH,70.99
HIST_003572,AST_000024,S&T,REPAIR,66.7,23.7,22.2,2,6,120,140,12,TRUE,TRUE,0.69,False,MEDIUM,37.88
HIST_003573,AST_000041,TRD,REPLACEMENT,89.8,0.0,48.6,3,5,150,179,17,TRUE,TRUE,0.621,False,HIGH,47.91
HIST_003574,AST_000008,TRD,TESTING,88.0,29.6,68.3,4,6,90,85,0,FALSE,TRUE,0.579,False,HIGH,58.71
HIST_003575,AST_000025,ENGINEERING,PREVENTIVE_MAINTENANCE,94.7,20.5,34.8,5,2,30,28,0,FALSE,TRUE,0.866,False,HIGH,51.74
HIST_003576,AST_000042,S&T,CORRECTIVE_MAINTENANCE,44.5,27.9,43.2,0,1,45,42,0,FALSE,FALSE,0.359,False,HIGH,40.22
HIST_003577,AST_000009,S&T,INSPECTION,89.0,88.5,53.1,2,1,180,184,2,TRUE,TRUE,0.547,False,LOW,63.2
HIST_003578,AST_000026,TRD,REPAIR,79.3,84.3,27.4,5,10,75,70,0,FALSE,TRUE,0.131,True,CRITICAL,75.34
HIST_003579,AST_000043,ENGINEERING,INSPECTION,70.1,100.0,43.2,4,2,90,73,0,FALSE,TRUE,0.814,False,CRITICAL,69.67
HIST_003580,AST_000010,ENGINEERING,REPAIR,83.3,0.0,43.6,4,4,180,153,0,FALSE,TRUE,0.615,False,MEDIUM,41.21
HIST_003581,AST_000027,S&T,REPLACEMENT,50.8,2.3,49.7,3,7,150,159,5,TRUE,TRUE,0.732,False,HIGH,37.0
HIST_003582,AST_000044,TRD,TESTING,56.3,6.1,53.9,2,4,90,90,0,FALSE,TRUE,0.571,False,HIGH,40.44
HIST_003583,AST_000011,TRD,PREVENTIVE_MAINTENANCE,69.6,86.6,70.2,3,6,75,74,0,FALSE,TRUE,0.742,False,HIGH,67.82
HIST_003584,AST_000028,ENGINEERING,CORRECTIVE_MAINTENANCE,49.5,24.0,19.7,1,9,45,51,4,TRUE,TRUE,0.285,False,LOW,28.54
HIST_003585,AST_000045,S&T,INSPECTION,42.3,36.9,23.2,2,2,180,163,0,FALSE,TRUE,0.274,True,LOW,40.3
HIST_003586,AST_000012,S&T,REPAIR,62.0,75.6,40.1,5,7,150,139,0,FALSE,TRUE,0.523,False,MEDIUM,53.02
HIST_003587,AST_000029,TRD,REPLACEMENT,88.2,15.0,23.4,1,8,75,91,10,TRUE,TRUE,0.648,False,LOW,38.64
HIST_003588,AST_000046,ENGINEERING,TESTING,52.0,100.0,52.4,4,2,240,272,19,TRUE,TRUE,0.448,False,MEDIUM,58.58
HIST_003589,AST_000013,ENGINEERING,PREVENTIVE_MAINTENANCE,54.3,23.3,54.7,0,6,240,247,4,TRUE,FALSE,0.043,False,MEDIUM,40.55
HIST_003590,AST_000030,S&T,CORRECTIVE_MAINTENANCE,88.6,53.8,28.6,2,10,90,100,6,TRUE,TRUE,0.505,False,LOW,49.5
HIST_003591,AST_000047,TRD,INSPECTION,84.5,95.5,25.4,5,4,240,197,0,FALSE,TRUE,0.434,False,CRITICAL,69.3
HIST_003592,AST_000014,TRD,REPAIR,44.4,2.5,63.3,3,4,60,73,8,TRUE,TRUE,0.295,True,HIGH,47.85
HIST_003593,AST_000031,ENGINEERING,REPLACEMENT,40.4,97.8,58.9,5,2,180,194,8,TRUE,TRUE,0.34,False,MEDIUM,55.85
HIST_003594,AST_000048,S&T,TESTING,56.3,78.7,26.5,3,11,180,179,0,FALSE,TRUE,0.762,False,CRITICAL,56.86
HIST_003595,AST_000015,S&T,PREVENTIVE_MAINTENANCE,53.9,0.0,71.6,5,5,240,290,30,TRUE,TRUE,0.75,False,HIGH,41.74
HIST_003596,AST_000032,TRD,CORRECTIVE_MAINTENANCE,72.1,39.7,54.3,2,10,180,175,0,FALSE,TRUE,0.544,False,LOW,46.16
HIST_003597,AST_000049,ENGINEERING,INSPECTION,67.6,39.7,46.0,4,11,180,180,0,FALSE,TRUE,0.018,False,CRITICAL,54.41
HIST_003598,AST_000016,ENGINEERING,REPAIR,55.3,86.9,57.3,1,1,60,63,2,TRUE,TRUE,0.038,False,LOW,53.52
HIST_003599,AST_000033,S&T,REPLACEMENT,80.7,37.5,25.9,3,8,180,216,22,TRUE,TRUE,0.248,True,LOW,52.52
HIST_003600,AST_000050,TRD,TESTING,88.2,53.8,34.8,0,5,150,181,19,TRUE,FALSE,0.252,False,MEDIUM,54.37
HIST_003601,AST_000017,TRD,PREVENTIVE_MAINTENANCE,66.6,0.0,43.3,1,2,180,146,0,FALSE,TRUE,0.386,False,MEDIUM,36.14
HIST_003602,AST_000034,ENGINEERING,CORRECTIVE_MAINTENANCE,82.4,98.7,19.5,5,8,240,212,0,FALSE,TRUE,0.364,False,MEDIUM,60.8
HIST_003603,AST_000001,ENGINEERING,INSPECTION,50.3,48.1,33.1,2,10,90,94,2,TRUE,TRUE,0.018,False,HIGH,44.98
HIST_003604,AST_000018,S&T,REPAIR,94.2,100.0,23.8,5,10,75,83,5,TRUE,TRUE,0.044,False,HIGH,69.27
HIST_003605,AST_000035,TRD,REPLACEMENT,84.2,14.6,18.3,2,6,90,111,13,TRUE,TRUE,0.761,False,CRITICAL,47.57
HIST_003606,AST_000002,TRD,REPAIR,63.8,3.6,29.0,1,6,120,105,0,FALSE,TRUE,0.584,True,MEDIUM,43.34
HIST_003607,AST_000019,ENGINEERING,REPLACEMENT,79.6,100.0,25.8,5,9,240,207,0,FALSE,TRUE,0.318,False,MEDIUM,61.54
HIST_003608,AST_000036,S&T,TESTING,78.2,19.9,57.2,5,12,45,52,4,TRUE,TRUE,0.15,False,HIGH,51.12
HIST_003609,AST_000003,S&T,PREVENTIVE_MAINTENANCE,55.7,58.8,59.0,5,7,60,51,0,FALSE,TRUE,0.64,False,MEDIUM,50.71
HIST_003610,AST_000020,TRD,CORRECTIVE_MAINTENANCE,63.2,100.0,28.4,1,2,90,78,0,FALSE,TRUE,0.479,False,HIGH,60.89
HIST_003611,AST_000037,ENGINEERING,INSPECTION,81.9,0.0,41.4,3,6,90,104,8,TRUE,TRUE,0.377,False,LOW,36.6
HIST_003612,AST_000004,ENGINEERING,REPAIR,87.4,0.0,50.5,2,11,150,170,12,TRUE,TRUE,0.907,False,MEDIUM,43.82
HIST_003613,AST_000021,S&T,REPLACEMENT,42.9,42.6,48.2,4,8,150,153,2,TRUE,TRUE,0.308,True,LOW,46.91
HIST_003614,AST_000038,TRD,TESTING,95.1,14.2,45.8,0,6,120,135,9,TRUE,FALSE,0.593,False,HIGH,52.49
HIST_003615,AST_000005,TRD,PREVENTIVE_MAINTENANCE,56.6,87.2,18.3,5,8,30,33,2,TRUE,TRUE,0.117,False,CRITICAL,57.44
HIST_003616,AST_000022,ENGINEERING,CORRECTIVE_MAINTENANCE,76.5,0.0,58.4,2,7,180,188,5,TRUE,TRUE,0.412,False,HIGH,45.88
HIST_003617,AST_000039,S&T,INSPECTION,91.8,25.8,40.5,5,1,180,177,0,FALSE,TRUE,0.225,False,LOW,45.84
HIST_003618,AST_000006,S&T,REPAIR,94.3,84.0,22.6,3,5,90,110,12,TRUE,TRUE,0.457,False,HIGH,65.06
HIST_003619,AST_000023,TRD,REPLACEMENT,55.6,56.8,56.1,4,5,240,247,4,TRUE,TRUE,0.138,False,MEDIUM,49.6
HIST_003620,AST_000040,ENGINEERING,TESTING,49.9,0.0,79.9,4,8,30,25,0,FALSE,TRUE,0.968,True,HIGH,52.2
HIST_003621,AST_000007,ENGINEERING,PREVENTIVE_MAINTENANCE,52.8,11.2,40.9,1,9,150,127,0,FALSE,TRUE,0.114,False,HIGH,38.07
HIST_003622,AST_000024,S&T,CORRECTIVE_MAINTENANCE,66.7,77.8,22.5,4,8,120,117,0,FALSE,TRUE,0.904,False,MEDIUM,51.46
HIST_003623,AST_000041,TRD,INSPECTION,89.8,13.2,51.5,4,8,75,66,0,FALSE,TRUE,0.168,False,HIGH,51.79
HIST_003624,AST_000008,TRD,REPAIR,88.0,18.5,68.3,1,7,60,60,0,FALSE,TRUE,0.581,False,HIGH,55.94
HIST_003625,AST_000025,ENGINEERING,REPLACEMENT,94.7,93.9,32.3,0,10,150,161,7,TRUE,FALSE,0.389,False,LOW,62.1
HIST_003626,AST_000042,S&T,TESTING,44.5,0.0,46.5,4,9,30,24,0,FALSE,TRUE,0.657,False,HIGH,33.9
HIST_003627,AST_000009,S&T,PREVENTIVE_MAINTENANCE,89.0,100.0,63.0,2,2,90,103,8,TRUE,TRUE,0.183,True,MEDIUM,81.8
HIST_003628,AST_000026,TRD,CORRECTIVE_MAINTENANCE,79.3,56.1,25.7,4,4,45,53,5,TRUE,TRUE,0.654,False,MEDIUM,50.45
HIST_003629,AST_000043,ENGINEERING,INSPECTION,70.1,93.2,44.1,4,9,180,175,0,FALSE,TRUE,0.885,False,MEDIUM,60.65
HIST_003630,AST_000010,ENGINEERING,REPAIR,83.3,43.8,52.7,3,9,240,228,0,FALSE,TRUE,0.033,False,MEDIUM,53.98
HIST_003631,AST_000027,S&T,REPLACEMENT,50.8,50.5,56.4,2,9,150,140,0,FALSE,TRUE,0.125,False,LOW,42.89
HIST_003632,AST_000044,TRD,REPAIR,56.3,92.5,52.2,4,9,300,313,8,TRUE,TRUE,0.858,False,MEDIUM,57.95
HIST_003633,AST_000011,TRD,REPLACEMENT,69.6,0.0,72.1,2,8,75,79,2,TRUE,TRUE,0.448,False,CRITICAL,50.3
HIST_003634,AST_000028,ENGINEERING,TESTING,49.5,10.1,31.0,3,5,120,97,0,FALSE,TRUE,0.119,True,MEDIUM,41.08
HIST_003635,AST_000045,S&T,PREVENTIVE_MAINTENANCE,42.3,100.0,27.0,2,9,90,83,0,FALSE,TRUE,0.18,False,HIGH,54.34
HIST_003636,AST_000012,S&T,CORRECTIVE_MAINTENANCE,62.0,100.0,43.5,5,1,150,145,0,FALSE,TRUE,0.584,False,HIGH,63.55
HIST_003637,AST_000029,TRD,INSPECTION,88.2,19.2,26.8,0,7,90,100,6,TRUE,FALSE,0.493,False,HIGH,47.87
HIST_003638,AST_000046,ENGINEERING,REPAIR,52.0,0.0,50.4,0,5,120,138,11,TRUE,FALSE,0.34,False,LOW,29.43
HIST_003639,AST_000013,ENGINEERING,REPLACEMENT,54.3,100.0,53.2,5,3,30,29,0,FALSE,TRUE,0.351,False,HIGH,63.18
HIST_003640,AST_000030,S&T,TESTING,88.6,100.0,24.9,2,11,60,61,1,TRUE,TRUE,0.355,False,LOW,60.31
HIST_003641,AST_000047,TRD,PREVENTIVE_MAINTENANCE,84.5,13.9,14.9,4,5,30,34,2,TRUE,TRUE,0.817,True,MEDIUM,49.3
HIST_003642,AST_000014,TRD,CORRECTIVE_MAINTENANCE,44.4,50.2,65.8,3,5,60,61,1,TRUE,TRUE,0.575,False,CRITICAL,54.03
HIST_003643,AST_000031,ENGINEERING,INSPECTION,40.4,97.2,54.1,5,11,60,67,4,TRUE,TRUE,0.118,False,MEDIUM,54.74
HIST_003644,AST_000048,S&T,REPAIR,56.3,0.0,37.4,1,9,180,146,0,FALSE,TRUE,0.388,False,CRITICAL,39.37
HIST_003645,AST_000015,S&T,REPLACEMENT,53.9,100.0,72.1,5,10,30,35,3,TRUE,TRUE,0.423,False,HIGH,66.84
HIST_003646,AST_000032,TRD,TESTING,72.1,0.0,50.4,3,1,90,82,0,FALSE,TRUE,0.878,False,MEDIUM,39.21
HIST_003647,AST_000049,ENGINEERING,PREVENTIVE_MAINTENANCE,67.6,100.0,59.3,4,11,75,84,5,TRUE,TRUE,0.923,False,LOW,60.89
HIST_003648,AST_000016,ENGINEERING,CORRECTIVE_MAINTENANCE,55.3,72.7,46.2,2,12,90,110,12,TRUE,TRUE,0.446,True,HIGH,65.25
HIST_003649,AST_000033,S&T,INSPECTION,80.7,51.2,25.4,4,12,60,68,5,TRUE,TRUE,0.282,False,MEDIUM,49.59
HIST_003650,AST_000050,TRD,REPAIR,88.2,100.0,39.7,1,11,150,133,0,FALSE,TRUE,0.717,False,LOW,63.15
HIST_003651,AST_000017,TRD,REPLACEMENT,66.6,20.3,40.2,5,11,180,180,0,FALSE,TRUE,0.174,False,MEDIUM,40.59
HIST_003652,AST_000034,ENGINEERING,TESTING,82.4,53.7,20.5,2,2,240,212,0,FALSE,TRUE,0.816,False,LOW,46.0
HIST_003653,AST_000001,ENGINEERING,PREVENTIVE_MAINTENANCE,50.3,59.5,27.4,5,7,240,254,8,TRUE,TRUE,0.561,False,MEDIUM,42.94
HIST_003654,AST_000018,S&T,CORRECTIVE_MAINTENANCE,94.2,19.6,21.5,5,4,90,95,3,TRUE,TRUE,0.548,False,CRITICAL,52.46
HIST_003655,AST_000035,TRD,INSPECTION,84.2,32.3,31.3,5,4,240,271,19,TRUE,TRUE,0.049,True,LOW,53.34
HIST_003656,AST_000002,TRD,REPAIR,63.8,24.3,32.5,1,5,90,92,1,TRUE,TRUE,0.004,False,LOW,35.46
HIST_003657,AST_000019,ENGINEERING,REPLACEMENT,79.6,8.5,20.1,1,9,240,274,20,TRUE,TRUE,0.65,False,HIGH,41.27
HIST_003658,AST_000036,S&T,REPAIR,78.2,100.0,53.3,4,8,180,151,0,FALSE,TRUE,0.374,False,HIGH,70.37
HIST_003659,AST_000003,S&T,REPLACEMENT,55.7,0.0,55.5,5,10,120,108,0,FALSE,TRUE,0.271,False,HIGH,39.06
HIST_003660,AST_000020,TRD,TESTING,63.2,0.0,25.6,0,5,90,109,11,TRUE,FALSE,0.293,False,HIGH,35.33
HIST_003661,AST_000037,ENGINEERING,PREVENTIVE_MAINTENANCE,81.9,78.5,35.6,5,9,120,122,1,TRUE,TRUE,0.132,False,HIGH,62.56
HIST_003662,AST_000004,ENGINEERING,CORRECTIVE_MAINTENANCE,87.4,100.0,48.2,1,12,75,85,6,TRUE,TRUE,0.988,True,LOW,74.61
HIST_003663,AST_000021,S&T,INSPECTION,42.9,42.6,45.7,2,5,30,33,2,TRUE,TRUE,0.55,False,CRITICAL,47.66
HIST_003664,AST_000038,TRD,REPAIR,95.1,90.1,39.8,1,9,90,82,0,FALSE,TRUE,0.965,False,CRITICAL,74.01
HIST_003665,AST_000005,TRD,REPLACEMENT,56.6,100.0,21.1,5,9,75,75,0,FALSE,TRUE,0.193,False,CRITICAL,61.2
HIST_003666,AST_000022,ENGINEERING,TESTING,76.5,94.8,55.1,2,5,150,186,22,TRUE,TRUE,0.799,False,LOW,61.42
HIST_003667,AST_000039,S&T,PREVENTIVE_MAINTENANCE,91.8,11.8,42.5,0,5,90,100,6,TRUE,FALSE,0.399,False,CRITICAL,53.99
HIST_003668,AST_000006,S&T,CORRECTIVE_MAINTENANCE,94.3,0.0,24.9,3,9,180,182,1,TRUE,TRUE,0.506,False,HIGH,44.52
HIST_003669,AST_000023,TRD,INSPECTION,55.6,58.2,56.0,2,10,180,162,0,FALSE,TRUE,0.621,True,HIGH,63.68
HIST_003670,AST_000040,ENGINEERING,REPAIR,49.9,45.9,76.1,1,6,120,108,0,FALSE,TRUE,0.289,False,LOW,45.41
HIST_003671,AST_000007,ENGINEERING,REPLACEMENT,52.8,100.0,40.5,0,2,240,224,0,FALSE,FALSE,0.526,False,CRITICAL,63.94
HIST_003672,AST_000024,S&T,TESTING,66.7,100.0,22.4,2,11,180,223,26,TRUE,TRUE,0.479,False,CRITICAL,64.49
HIST_003673,AST_000041,TRD,PREVENTIVE_MAINTENANCE,89.8,0.0,54.0,5,7,60,63,2,TRUE,TRUE,0.309,False,LOW,41.49
HIST_003674,AST_000008,TRD,CORRECTIVE_MAINTENANCE,88.0,0.0,64.3,5,10,150,173,14,TRUE,TRUE,0.294,False,LOW,43.01
HIST_003675,AST_000025,ENGINEERING,INSPECTION,94.7,0.0,43.1,1,8,240,225,0,FALSE,TRUE,0.538,False,LOW,40.78
HIST_003676,AST_000042,S&T,REPAIR,44.5,54.4,41.9,5,12,60,66,4,TRUE,TRUE,0.327,True,HIGH,56.58
HIST_003677,AST_000009,S&T,REPLACEMENT,89.0,32.1,57.4,2,2,30,29,0,FALSE,TRUE,0.481,False,MEDIUM,53.7
HIST_003678,AST_000026,TRD,TESTING,79.3,100.0,18.3,5,2,75,90,9,TRUE,TRUE,0.382,False,MEDIUM,59.95
HIST_003679,AST_000043,ENGINEERING,PREVENTIVE_MAINTENANCE,70.1,87.4,53.1,0,3,60,49,0,FALSE,FALSE,0.821,False,MEDIUM,61.0
HIST_003680,AST_000010,ENGINEERING,CORRECTIVE_MAINTENANCE,83.3,56.6,53.7,1,12,120,109,0,FALSE,TRUE,0.584,False,LOW,53.63
HIST_003681,AST_000027,S&T,INSPECTION,50.8,0.0,50.2,0,12,75,68,0,FALSE,FALSE,0.485,False,HIGH,36.53
HIST_003682,AST_000044,TRD,REPAIR,56.3,15.4,54.0,4,7,90,105,9,TRUE,TRUE,0.185,False,LOW,35.29
HIST_003683,AST_000011,TRD,REPLACEMENT,69.6,28.6,65.4,4,1,75,84,5,TRUE,TRUE,0.539,True,CRITICAL,66.11
HIST_003684,AST_000028,ENGINEERING,TESTING,49.5,100.0,24.9,2,4,150,138,0,FALSE,TRUE,0.297,False,MEDIUM,52.33
HIST_003685,AST_000045,S&T,REPLACEMENT,42.3,74.4,19.6,5,6,120,137,10,TRUE,TRUE,0.191,False,CRITICAL,50.21
HIST_003686,AST_000012,S&T,TESTING,62.0,91.4,51.3,4,9,120,113,0,FALSE,TRUE,0.051,False,MEDIUM,59.21
HIST_003687,AST_000029,TRD,PREVENTIVE_MAINTENANCE,88.2,0.0,30.1,1,7,90,105,9,TRUE,TRUE,0.754,False,CRITICAL,47.48
HIST_003688,AST_000046,ENGINEERING,CORRECTIVE_MAINTENANCE,52.0,36.4,49.6,3,3,45,51,4,TRUE,TRUE,0.836,False,MEDIUM,42.12
HIST_003689,AST_000013,ENGINEERING,INSPECTION,54.3,94.8,61.4,1,11,180,221,25,TRUE,TRUE,0.392,False,CRITICAL,67.27
HIST_003690,AST_000030,S&T,REPAIR,88.6,100.0,27.8,3,9,120,142,13,TRUE,TRUE,0.887,True,LOW,70.89
HIST_003691,AST_000047,TRD,REPLACEMENT,84.5,100.0,25.3,4,9,30,30,0,FALSE,TRUE,0.205,False,LOW,59.16
HIST_003692,AST_000014,TRD,TESTING,44.4,93.3,73.9,5,6,60,71,7,TRUE,TRUE,0.578,False,LOW,55.17
HIST_003693,AST_000031,ENGINEERING,PREVENTIVE_MAINTENANCE,40.4,73.8,55.7,2,11,90,108,11,TRUE,TRUE,0.528,False,MEDIUM,49.21
HIST_003694,AST_000048,S&T,CORRECTIVE_MAINTENANCE,56.3,100.0,31.7,1,10,180,214,20,TRUE,TRUE,0.138,False,HIGH,59.48
HIST_003695,AST_000015,S&T,INSPECTION,53.9,100.0,75.2,0,2,240,261,13,TRUE,FALSE,0.487,False,LOW,59.96
HIST_003696,AST_000032,TRD,REPAIR,72.1,15.3,59.4,5,4,90,83,0,FALSE,TRUE,0.155,False,CRITICAL,52.34
HIST_003697,AST_000049,ENGINEERING,REPLACEMENT,67.6,46.4,54.6,1,8,30,28,0,FALSE,TRUE,0.737,True,LOW,56.55
HIST_003698,AST_000016,ENGINEERING,TESTING,55.3,65.7,56.1,1,5,180,211,19,TRUE,TRUE,0.346,False,MEDIUM,51.73
HIST_003699,AST_000033,S&T,PREVENTIVE_MAINTENANCE,80.7,0.0,15.5,5,12,240,283,26,TRUE,TRUE,0.814,False,MEDIUM,34.81
HIST_003700,AST_000050,TRD,CORRECTIVE_MAINTENANCE,88.2,0.0,34.1,1,11,60,50,0,FALSE,TRUE,0.518,False,LOW,37.03
HIST_003701,AST_000017,TRD,INSPECTION,66.6,100.0,44.8,3,11,30,33,2,TRUE,TRUE,0.606,False,LOW,57.69
HIST_003702,AST_000034,ENGINEERING,REPAIR,82.4,26.5,29.4,3,10,60,73,8,TRUE,TRUE,0.603,False,HIGH,48.48
HIST_003703,AST_000001,ENGINEERING,REPLACEMENT,50.3,89.6,27.7,2,4,90,84,0,FALSE,TRUE,0.198,False,HIGH,54.28
HIST_003704,AST_000018,S&T,TESTING,94.2,32.7,23.6,1,2,90,76,0,FALSE,TRUE,0.68,True,MEDIUM,58.66
HIST_003705,AST_000035,TRD,PREVENTIVE_MAINTENANCE,84.2,25.8,31.4,4,2,90,81,0,FALSE,TRUE,0.121,False,CRITICAL,52.99
HIST_003706,AST_000002,TRD,CORRECTIVE_MAINTENANCE,63.8,11.3,32.8,5,2,60,75,9,TRUE,TRUE,0.056,False,CRITICAL,43.52
HIST_003707,AST_000019,ENGINEERING,INSPECTION,79.6,73.4,28.4,2,6,150,130,0,FALSE,TRUE,0.472,False,LOW,51.66
HIST_003708,AST_000036,S&T,REPAIR,78.2,7.9,57.3,5,6,150,138,0,FALSE,TRUE,0.194,False,CRITICAL,51.9
HIST_003709,AST_000003,S&T,REPLACEMENT,55.7,71.6,63.8,2,5,30,31,1,TRUE,TRUE,0.745,False,CRITICAL,62.37
HIST_003710,AST_000020,TRD,TESTING,63.2,98.5,28.1,3,8,45,44,0,FALSE,TRUE,0.43,False,HIGH,60.45
HIST_003711,AST_000037,ENGINEERING,REPLACEMENT,81.9,97.4,34.5,1,11,300,327,16,TRUE,TRUE,0.165,True,HIGH,77.07
HIST_003712,AST_000004,ENGINEERING,TESTING,87.4,100.0,55.9,5,11,240,240,0,FALSE,TRUE,0.645,False,MEDIUM,69.9
HIST_003713,AST_000021,S&T,PREVENTIVE_MAINTENANCE,42.9,100.0,38.5,5,8,45,40,0,FALSE,TRUE,0.902,False,HIGH,56.82
HIST_003714,AST_000038,TRD,CORRECTIVE_MAINTENANCE,95.1,100.0,36.6,5,6,120,133,8,TRUE,TRUE,0.409,False,LOW,64.6
HIST_003715,AST_000005,TRD,INSPECTION,56.6,68.2,18.9,0,12,45,38,0,FALSE,FALSE,0.157,False,MEDIUM,45.31
HIST_003716,AST_000022,ENGINEERING,REPAIR,76.5,0.0,60.1,4,2,120,141,13,TRUE,TRUE,0.096,False,CRITICAL,49.97
HIST_003717,AST_000039,S&T,REPLACEMENT,91.8,97.1,34.1,4,10,90,74,0,FALSE,TRUE,0.06,False,MEDIUM,66.13
HIST_003718,AST_000006,S&T,TESTING,94.3,27.7,21.4,3,10,90,82,0,FALSE,TRUE,0.133,True,LOW,53.24
HIST_003719,AST_000023,TRD,PREVENTIVE_MAINTENANCE,55.6,55.0,50.0,5,4,90,82,0,FALSE,TRUE,0.338,False,LOW,44.18
HIST_003720,AST_000040,ENGINEERING,CORRECTIVE_MAINTENANCE,49.9,81.6,81.5,5,2,75,68,0,FALSE,TRUE,0.409,False,MEDIUM,59.17
HIST_003721,AST_000007,ENGINEERING,INSPECTION,52.8,0.0,45.9,2,7,75,88,8,TRUE,TRUE,0.031,False,MEDIUM,32.52
HIST_003722,AST_000024,S&T,REPAIR,66.7,34.4,23.8,2,7,45,44,0,FALSE,TRUE,0.414,False,MEDIUM,40.87
HIST_003723,AST_000041,TRD,REPLACEMENT,89.8,100.0,43.6,3,8,180,211,19,TRUE,TRUE,0.25,False,MEDIUM,68.16
HIST_003724,AST_000008,TRD,TESTING,88.0,62.5,64.0,3,6,120,142,13,TRUE,TRUE,0.162,False,HIGH,66.08
HIST_003725,AST_000025,ENGINEERING,PREVENTIVE_MAINTENANCE,94.7,26.1,32.3,1,10,120,111,0,FALSE,TRUE,0.626,True,LOW,55.15
HIST_003726,AST_000042,S&T,CORRECTIVE_MAINTENANCE,44.5,100.0,51.3,4,7,120,122,1,TRUE,TRUE,0.637,False,LOW,52.36
HIST_003727,AST_000009,S&T,INSPECTION,89.0,0.0,63.5,4,10,75,82,4,TRUE,TRUE,0.778,False,HIGH,50.65
HIST_003728,AST_000026,TRD,REPAIR,79.3,100.0,21.5,4,9,120,132,7,TRUE,TRUE,0.481,False,CRITICAL,68.09
HIST_003729,AST_000043,ENGINEERING,REPLACEMENT,70.1,0.0,46.6,5,2,120,144,14,TRUE,TRUE,0.159,False,MEDIUM,37.85
HIST_003730,AST_000010,ENGINEERING,TESTING,83.3,100.0,49.0,4,9,75,72,0,FALSE,TRUE,0.248,False,LOW,63.54
HIST_003731,AST_000027,S&T,PREVENTIVE_MAINTENANCE,50.8,100.0,56.0,4,4,240,237,0,FALSE,TRUE,0.821,False,LOW,55.19
HIST_003732,AST_000044,TRD,CORRECTIVE_MAINTENANCE,56.3,57.9,50.0,4,11,90,111,13,TRUE,TRUE,0.574,True,LOW,55.11
HIST_003733,AST_000011,TRD,INSPECTION,69.6,100.0,64.2,2,4,120,140,12,TRUE,TRUE,0.077,False,LOW,62.47
HIST_003734,AST_000028,ENGINEERING,REPAIR,49.5,38.0,24.9,3,11,180,146,0,FALSE,TRUE,0.916,False,MEDIUM,36.83
HIST_003735,AST_000045,S&T,REPLACEMENT,42.3,62.8,24.0,1,11,90,93,2,TRUE,TRUE,0.035,False,HIGH,44.44
HIST_003736,AST_000012,S&T,TESTING,62.0,0.0,44.2,5,3,90,101,7,TRUE,TRUE,0.251,False,MEDIUM,34.94
HIST_003737,AST_000029,TRD,REPLACEMENT,88.2,23.0,23.4,5,6,60,51,0,FALSE,TRUE,0.464,False,HIGH,48.14
HIST_003738,AST_000046,ENGINEERING,TESTING,52.0,100.0,55.7,4,6,60,59,0,FALSE,TRUE,0.79,False,LOW,55.49
HIST_003739,AST_000013,ENGINEERING,PREVENTIVE_MAINTENANCE,54.3,92.8,50.4,5,11,120,112,0,FALSE,TRUE,0.196,True,MEDIUM,67.07
HIST_003740,AST_000030,S&T,CORRECTIVE_MAINTENANCE,88.6,0.0,18.6,3,2,30,31,1,TRUE,TRUE,0.639,False,HIGH,41.55
HIST_003741,AST_000047,TRD,INSPECTION,84.5,99.2,18.0,5,9,60,66,4,TRUE,TRUE,0.573,False,LOW,57.5
HIST_003742,AST_000014,TRD,REPAIR,44.4,0.0,65.1,5,6,90,100,6,TRUE,TRUE,0.206,False,HIGH,37.59
HIST_003743,AST_000031,ENGINEERING,REPLACEMENT,40.4,0.0,59.2,5,6,240,195,0,FALSE,TRUE,0.143,False,MEDIUM,31.46
HIST_003744,AST_000048,S&T,TESTING,56.3,84.8,30.3,0,11,30,31,1,TRUE,FALSE,0.96,False,MEDIUM,51.65
HIST_003745,AST_000015,S&T,PREVENTIVE_MAINTENANCE,53.9,18.4,76.8,4,12,30,36,4,TRUE,TRUE,0.792,False,CRITICAL,51.13
HIST_003746,AST_000032,TRD,CORRECTIVE_MAINTENANCE,72.1,17.0,54.3,3,2,120,139,11,TRUE,TRUE,0.771,True,MEDIUM,54.24
HIST_003747,AST_000049,ENGINEERING,INSPECTION,67.6,80.7,58.7,3,6,75,92,10,TRUE,TRUE,0.607,False,LOW,55.95
HIST_003748,AST_000016,ENGINEERING,REPAIR,55.3,61.1,47.6,2,11,240,265,15,TRUE,TRUE,0.401,False,CRITICAL,56.39
HIST_003749,AST_000033,S&T,REPLACEMENT,80.7,0.0,18.0,5,8,75,68,0,FALSE,TRUE,0.344,False,CRITICAL,42.81
HIST_003750,AST_000050,TRD,TESTING,88.2,9.1,32.7,4,1,75,87,7,TRUE,TRUE,0.324,False,MEDIUM,42.77
HIST_003751,AST_000017,TRD,PREVENTIVE_MAINTENANCE,66.6,14.4,37.6,2,7,90,83,0,FALSE,TRUE,0.167,False,MEDIUM,38.6
HIST_003752,AST_000034,ENGINEERING,CORRECTIVE_MAINTENANCE,82.4,22.2,21.4,4,8,90,91,1,TRUE,TRUE,0.432,False,LOW,38.3
HIST_003753,AST_000001,ENGINEERING,INSPECTION,50.3,31.2,32.9,5,10,120,145,15,TRUE,TRUE,0.845,True,HIGH,50.72
HIST_003754,AST_000018,S&T,REPAIR,94.2,0.0,27.9,0,1,60,52,0,FALSE,FALSE,0.856,False,CRITICAL,48.84
HIST_003755,AST_000035,TRD,REPLACEMENT,84.2,74.8,26.3,1,9,240,287,28,TRUE,TRUE,0.576,False,CRITICAL,64.22
HIST_003756,AST_000002,TRD,TESTING,63.8,0.0,36.7,2,6,150,181,19,TRUE,TRUE,0.604,False,MEDIUM,33.98
HIST_003757,AST_000019,ENGINEERING,PREVENTIVE_MAINTENANCE,79.6,0.0,20.5,0,12,30,31,1,TRUE,FALSE,0.548,False,MEDIUM,35.48
HIST_003758,AST_000036,S&T,CORRECTIVE_MAINTENANCE,78.2,67.0,45.1,0,12,60,68,5,TRUE,FALSE,0.801,False,LOW,52.98
HIST_003759,AST_000003,S&T,INSPECTION,55.7,64.4,52.7,1,2,60,71,7,TRUE,TRUE,0.517,False,LOW,47.1
HIST_003760,AST_000020,TRD,REPAIR,63.2,0.0,26.4,2,2,90,112,13,TRUE,TRUE,0.871,True,HIGH,45.49
HIST_003761,AST_000037,ENGINEERING,REPLACEMENT,81.9,51.8,30.3,4,2,240,288,29,TRUE,TRUE,0.522,False,CRITICAL,58.58
HIST_003762,AST_000004,ENGINEERING,TESTING,87.4,100.0,44.5,5,2,90,86,0,FALSE,TRUE,0.323,False,CRITICAL,75.12
HIST_003763,AST_000021,S&T,PREVENTIVE_MAINTENANCE,42.9,59.6,44.6,3,7,90,80,0,FALSE,TRUE,0.895,False,CRITICAL,51.69
HIST_003764,AST_000038,TRD,TESTING,95.1,75.3,46.7,1,4,90,111,13,TRUE,TRUE,0.371,False,HIGH,67.94
HIST_003765,AST_000005,TRD,PREVENTIVE_MAINTENANCE,56.6,100.0,19.9,5,9,120,100,0,FALSE,TRUE,0.274,False,CRITICAL,60.96
HIST_003766,AST_000022,ENGINEERING,CORRECTIVE_MAINTENANCE,76.5,69.3,51.7,4,4,150,156,4,TRUE,TRUE,0.482,False,LOW,54.37
HIST_003767,AST_000039,S&T,INSPECTION,91.8,26.2,36.3,2,6,90,73,0,FALSE,TRUE,0.37,True,LOW,55.1
HIST_003768,AST_000006,S&T,REPAIR,94.3,59.8,25.7,1,3,60,67,4,TRUE,TRUE,0.745,False,HIGH,59.63
HIST_003769,AST_000023,TRD,REPLACEMENT,55.6,87.2,61.1,3,8,45,41,0,FALSE,TRUE,0.248,False,HIGH,61.95
HIST_003770,AST_000040,ENGINEERING,TESTING,49.9,95.4,74.7,0,5,180,187,4,TRUE,FALSE,0.547,False,LOW,57.51
HIST_003771,AST_000007,ENGINEERING,PREVENTIVE_MAINTENANCE,52.8,50.4,44.2,0,11,150,154,2,TRUE,FALSE,0.4,False,LOW,41.03
HIST_003772,AST_000024,S&T,CORRECTIVE_MAINTENANCE,66.7,58.3,21.3,5,1,120,132,7,TRUE,TRUE,0.037,False,MEDIUM,46.34
HIST_003773,AST_000041,TRD,INSPECTION,89.8,94.1,52.4,5,8,90,76,0,FALSE,TRUE,0.513,False,LOW,64.69
HIST_003774,AST_000008,TRD,REPAIR,88.0,88.9,68.3,5,1,150,131,0,FALSE,TRUE,0.733,True,HIGH,83.53
HIST_003775,AST_000025,ENGINEERING,REPLACEMENT,94.7,37.3,39.9,0,12,180,181,1,TRUE,FALSE,0.086,False,CRITICAL,60.72
HIST_003776,AST_000042,S&T,TESTING,44.5,100.0,48.6,1,6,90,97,4,TRUE,TRUE,0.565,False,CRITICAL,63.07
HIST_003777,AST_000009,S&T,PREVENTIVE_MAINTENANCE,89.0,0.0,57.2,0,11,120,125,3,TRUE,FALSE,0.105,False,LOW,41.89
HIST_003778,AST_000026,TRD,CORRECTIVE_MAINTENANCE,79.3,80.9,28.4,1,10,90,79,0,FALSE,TRUE,0.851,False,HIGH,60.95
HIST_003779,AST_000043,ENGINEERING,INSPECTION,70.1,93.6,43.2,5,12,30,33,2,TRUE,TRUE,0.584,False,CRITICAL,68.07
HIST_003780,AST_000010,ENGINEERING,REPAIR,83.3,91.6,45.8,5,11,120,140,12,TRUE,TRUE,0.008,False,HIGH,68.3
HIST_003781,AST_000027,S&T,REPLACEMENT,50.8,24.1,60.9,3,7,240,298,35,TRUE,TRUE,0.727,True,CRITICAL,58.45
HIST_003782,AST_000044,TRD,TESTING,56.3,79.6,46.1,3,1,75,87,7,TRUE,TRUE,0.719,False,MEDIUM,53.51
HIST_003783,AST_000011,TRD,PREVENTIVE_MAINTENANCE,69.6,54.1,74.0,1,4,150,174,14,TRUE,TRUE,0.09,False,CRITICAL,64.2
HIST_003784,AST_000028,ENGINEERING,CORRECTIVE_MAINTENANCE,49.5,65.8,21.9,1,5,75,71,0,FALSE,TRUE,0.107,False,LOW,39.43
HIST_003785,AST_000045,S&T,INSPECTION,42.3,96.3,25.4,5,11,240,210,0,FALSE,TRUE,0.445,False,MEDIUM,49.34
HIST_003786,AST_000012,S&T,REPAIR,62.0,0.0,47.3,2,11,180,211,19,TRUE,TRUE,0.185,False,MEDIUM,35.56
HIST_003787,AST_000029,TRD,REPLACEMENT,88.2,100.0,17.3,5,11,60,66,4,TRUE,TRUE,0.626,False,HIGH,66.17
HIST_003788,AST_000046,ENGINEERING,TESTING,52.0,25.5,50.0,1,12,30,36,4,TRUE,TRUE,0.133,True,HIGH,53.23
HIST_003789,AST_000013,ENGINEERING,PREVENTIVE_MAINTENANCE,54.3,0.0,62.4,0,6,120,132,7,TRUE,FALSE,0.114,False,CRITICAL,43.77
HIST_003790,AST_000030,S&T,TESTING,88.6,94.9,27.9,5,2,300,302,1,TRUE,TRUE,0.929,False,LOW,59.63
HIST_003791,AST_000047,TRD,PREVENTIVE_MAINTENANCE,84.5,0.0,15.9,2,6,150,141,0,FALSE,TRUE,0.818,False,LOW,32.28
HIST_003792,AST_000014,TRD,CORRECTIVE_MAINTENANCE,44.4,100.0,74.4,1,10,180,168,0,FALSE,TRUE,0.798,False,CRITICAL,68.2
HIST_003793,AST_000031,ENGINEERING,INSPECTION,40.4,9.9,58.1,3,4,75,74,0,FALSE,TRUE,0.48,False,HIGH,37.47
HIST_003794,AST_000048,S&T,REPAIR,56.3,0.0,34.5,3,7,45,47,1,TRUE,TRUE,0.403,False,HIGH,35.04
HIST_003795,AST_000015,S&T,REPLACEMENT,53.9,15.2,71.0,1,7,150,164,8,TRUE,TRUE,0.421,True,MEDIUM,51.67
HIST_003796,AST_000032,TRD,TESTING,72.1,54.8,55.7,0,10,60,53,0,FALSE,FALSE,0.742,False,LOW,50.22
HIST_003797,AST_000049,ENGINEERING,PREVENTIVE_MAINTENANCE,67.6,68.9,59.7,2,7,45,49,2,TRUE,TRUE,0.715,False,HIGH,60.69
HIST_003798,AST_000016,ENGINEERING,CORRECTIVE_MAINTENANCE,55.3,100.0,54.2,5,3,120,150,18,TRUE,TRUE,0.386,False,HIGH,63.68
HIST_003799,AST_000033,S&T,INSPECTION,80.7,100.0,27.9,3,4,90,85,0,FALSE,TRUE,0.843,False,LOW,58.54
HIST_003800,AST_000050,TRD,REPAIR,88.2,100.0,35.1,1,7,75,71,0,FALSE,TRUE,0.975,False,CRITICAL,73.48
HIST_003801,AST_000017,TRD,REPLACEMENT,66.6,0.0,38.2,3,12,240,230,0,FALSE,TRUE,0.175,False,CRITICAL,42.62
HIST_003802,AST_000034,ENGINEERING,TESTING,82.4,31.1,24.6,1,1,60,49,0,FALSE,TRUE,0.442,True,MEDIUM,54.92
HIST_003803,AST_000001,ENGINEERING,PREVENTIVE_MAINTENANCE,50.3,100.0,27.6,3,1,60,70,6,TRUE,TRUE,0.793,False,MEDIUM,53.11
HIST_003804,AST_000018,S&T,CORRECTIVE_MAINTENANCE,94.2,100.0,32.2,4,11,30,30,0,FALSE,TRUE,0.259,False,MEDIUM,67.2
HIST_003805,AST_000035,TRD,INSPECTION,84.2,100.0,22.2,0,3,150,151,1,TRUE,FALSE,0.387,False,HIGH,65.95
HIST_003806,AST_000002,TRD,REPAIR,63.8,100.0,34.8,1,7,30,36,4,TRUE,TRUE,0.215,False,MEDIUM,58.6
HIST_003807,AST_000019,ENGINEERING,REPLACEMENT,79.6,100.0,18.1,2,11,150,182,19,TRUE,TRUE,0.42,False,MEDIUM,60.0
HIST_003808,AST_000036,S&T,TESTING,78.2,94.2,48.5,2,4,30,28,0,FALSE,TRUE,0.791,False,CRITICAL,71.71
HIST_003809,AST_000003,S&T,PREVENTIVE_MAINTENANCE,55.7,17.4,61.0,5,7,60,66,4,TRUE,TRUE,0.416,True,CRITICAL,58.26
HIST_003810,AST_000020,TRD,CORRECTIVE_MAINTENANCE,63.2,57.5,30.5,0,8,240,226,0,FALSE,FALSE,0.652,False,MEDIUM,46.94
HIST_003811,AST_000037,ENGINEERING,INSPECTION,81.9,1.7,31.3,0,2,240,259,11,TRUE,FALSE,0.995,False,LOW,35.01
HIST_003812,AST_000004,ENGINEERING,REPAIR,87.4,79.0,48.7,4,10,75,68,0,FALSE,TRUE,0.159,False,HIGH,66.96
HIST_003813,AST_000021,S&T,REPLACEMENT,42.9,45.5,44.3,0,7,240,205,0,FALSE,FALSE,0.565,False,HIGH,44.35
HIST_003814,AST_000038,TRD,TESTING,95.1,100.0,40.5,2,1,60,61,1,TRUE,TRUE,0.695,False,LOW,65.38
HIST_003815,AST_000005,TRD,PREVENTIVE_MAINTENANCE,56.6,100.0,19.0,3,2,120,141,13,TRUE,TRUE,0.868,False,MEDIUM,53.28
HIST_003816,AST_000022,ENGINEERING,TESTING,76.5,9.3,56.3,1,9,180,209,17,TRUE,TRUE,0.381,True,CRITICAL,61.53
HIST_003817,AST_000039,S&T,PREVENTIVE_MAINTENANCE,91.8,48.5,36.2,0,6,90,85,0,FALSE,FALSE,0.183,False,MEDIUM,54.41
HIST_003818,AST_000006,S&T,CORRECTIVE_MAINTENANCE,94.3,6.9,16.0,3,6,150,127,0,FALSE,TRUE,0.637,False,LOW,36.97
HIST_003819,AST_000023,TRD,INSPECTION,55.6,18.6,62.0,2,2,60,48,0,FALSE,TRUE,0.812,False,HIGH,44.98
HIST_003820,AST_000040,ENGINEERING,REPAIR,49.9,25.4,70.3,0,3,90,93,2,TRUE,FALSE,0.32,False,LOW,39.13
HIST_003821,AST_000007,ENGINEERING,REPLACEMENT,52.8,100.0,35.2,4,6,180,145,0,FALSE,TRUE,0.646,False,HIGH,59.13
HIST_003822,AST_000024,S&T,TESTING,66.7,48.1,23.6,1,4,150,157,4,TRUE,TRUE,0.412,False,CRITICAL,51.76
HIST_003823,AST_000041,TRD,PREVENTIVE_MAINTENANCE,89.8,0.7,53.9,4,8,45,51,4,TRUE,TRUE,0.715,True,HIGH,59.14
HIST_003824,AST_000008,TRD,CORRECTIVE_MAINTENANCE,88.0,100.0,61.0,0,10,60,58,0,FALSE,FALSE,0.769,False,HIGH,74.85
HIST_003825,AST_000025,ENGINEERING,INSPECTION,94.7,100.0,40.4,2,5,180,203,14,TRUE,TRUE,0.305,False,CRITICAL,76.49
HIST_003826,AST_000042,S&T,REPAIR,44.5,100.0,49.8,1,1,180,152,0,FALSE,TRUE,0.795,False,LOW,52.06
HIST_003827,AST_000009,S&T,REPLACEMENT,89.0,0.0,56.3,5,5,240,278,23,TRUE,TRUE,0.218,False,MEDIUM,45.46
HIST_003828,AST_000026,TRD,TESTING,79.3,59.5,27.8,2,4,60,52,0,FALSE,TRUE,0.384,False,LOW,47.98
HIST_003829,AST_000043,ENGINEERING,PREVENTIVE_MAINTENANCE,70.1,32.6,45.2,4,1,90,81,0,FALSE,TRUE,0.326,False,LOW,41.97
HIST_003830,AST_000010,ENGINEERING,CORRECTIVE_MAINTENANCE,83.3,40.9,46.2,3,4,75,72,0,FALSE,TRUE,0.252,True,LOW,58.2
HIST_003831,AST_000027,S&T,INSPECTION,50.8,47.6,60.3,5,11,240,210,0,FALSE,TRUE,0.923,False,HIGH,50.45
HIST_003832,AST_000044,TRD,REPAIR,56.3,5.7,47.8,4,5,75,65,0,FALSE,TRUE,0.504,False,CRITICAL,42.88
HIST_003833,AST_000011,TRD,REPLACEMENT,69.6,100.0,64.9,3,12,90,112,13,TRUE,TRUE,0.588,False,CRITICAL,73.86
HIST_003834,AST_000028,ENGINEERING,TESTING,49.5,0.0,27.7,0,11,30,26,0,FALSE,FALSE,0.144,False,CRITICAL,35.39
HIST_003835,AST_000045,S&T,PREVENTIVE_MAINTENANCE,42.3,43.1,29.7,4,8,75,63,0,FALSE,TRUE,0.333,False,LOW,33.16
HIST_003836,AST_000012,S&T,CORRECTIVE_MAINTENANCE,62.0,73.4,46.4,4,4,90,94,2,TRUE,TRUE,0.421,False,HIGH,57.48
HIST_003837,AST_000029,TRD,INSPECTION,88.2,100.0,18.3,1,6,150,122,0,FALSE,TRUE,0.144,True,HIGH,76.37
HIST_003838,AST_000046,ENGINEERING,REPAIR,52.0,73.2,59.7,0,11,75,90,9,TRUE,FALSE,0.242,False,CRITICAL,60.84
HIST_003839,AST_000013,ENGINEERING,REPLACEMENT,54.3,81.8,53.8,5,6,120,115,0,FALSE,TRUE,0.887,False,CRITICAL,62.5
HIST_003840,AST_000030,S&T,TESTING,88.6,73.2,20.0,2,3,180,178,0,FALSE,TRUE,0.934,False,MEDIUM,56.38
HIST_003841,AST_000047,TRD,PREVENTIVE_MAINTENANCE,84.5,100.0,24.4,4,8,90,105,9,TRUE,TRUE,0.67,False,LOW,58.98
HIST_003842,AST_000014,TRD,CORRECTIVE_MAINTENANCE,44.4,10.9,73.5,1,5,30,31,1,TRUE,TRUE,0.597,False,CRITICAL,45.74
HIST_003843,AST_000031,ENGINEERING,PREVENTIVE_MAINTENANCE,40.4,59.8,53.7,0,3,150,150,0,FALSE,FALSE,0.358,False,CRITICAL,52.81
HIST_003844,AST_000048,S&T,CORRECTIVE_MAINTENANCE,56.3,74.6,37.2,2,8,120,136,10,TRUE,TRUE,0.038,True,HIGH,64.23
HIST_003845,AST_000015,S&T,INSPECTION,53.9,99.7,69.6,2,2,180,162,0,FALSE,TRUE,0.806,False,MEDIUM,62.52
HIST_003846,AST_000032,TRD,REPAIR,72.1,69.8,54.9,5,9,60,48,0,FALSE,TRUE,0.775,False,HIGH,61.31
HIST_003847,AST_000049,ENGINEERING,REPLACEMENT,67.6,100.0,55.3,4,5,120,123,2,TRUE,TRUE,0.076,False,HIGH,67.59
HIST_003848,AST_000016,ENGINEERING,TESTING,55.3,100.0,48.3,2,6,150,153,2,TRUE,TRUE,0.428,False,CRITICAL,66.25
HIST_003849,AST_000033,S&T,PREVENTIVE_MAINTENANCE,80.7,74.9,17.4,0,9,180,220,24,TRUE,FALSE,0.737,False,LOW,50.16
HIST_003850,AST_000050,TRD,CORRECTIVE_MAINTENANCE,88.2,26.1,35.4,3,11,180,181,1,TRUE,TRUE,0.494,False,HIGH,51.31
HIST_003851,AST_000017,TRD,INSPECTION,66.6,7.2,43.4,5,4,90,99,5,TRUE,TRUE,0.59,True,HIGH,51.71
HIST_003852,AST_000034,ENGINEERING,REPAIR,82.4,0.0,18.3,3,4,60,57,0,FALSE,TRUE,0.504,False,MEDIUM,35.88
HIST_003853,AST_000001,ENGINEERING,REPLACEMENT,50.3,0.0,34.3,5,5,120,97,0,FALSE,TRUE,0.17,False,CRITICAL,36.95
HIST_003854,AST_000018,S&T,TESTING,94.2,0.0,21.5,5,10,90,83,0,FALSE,TRUE,0.962,False,CRITICAL,47.56
HIST_003855,AST_000035,TRD,PREVENTIVE_MAINTENANCE,84.2,83.3,29.5,4,8,120,148,17,TRUE,TRUE,0.031,False,LOW,55.73
HIST_003856,AST_000002,TRD,CORRECTIVE_MAINTENANCE,63.8,0.0,34.7,2,9,90,87,0,FALSE,TRUE,0.863,False,MEDIUM,33.58
HIST_003857,AST_000019,ENGINEERING,INSPECTION,79.6,100.0,28.5,1,10,150,139,0,FALSE,TRUE,0.577,False,MEDIUM,62.08
HIST_003858,AST_000036,S&T,REPAIR,78.2,71.1,57.9,4,9,75,92,10,TRUE,TRUE,0.893,True,LOW,66.56
HIST_003859,AST_000003,S&T,REPLACEMENT,55.7,72.3,57.3,4,3,180,184,2,TRUE,TRUE,0.271,False,HIGH,57.49
HIST_003860,AST_000020,TRD,TESTING,63.2,26.7,22.6,1,6,120,100,0,FALSE,TRUE,0.2,False,LOW,33.91
HIST_003861,AST_000037,ENGINEERING,PREVENTIVE_MAINTENANCE,81.9,62.2,34.1,3,6,150,167,10,TRUE,TRUE,0.165,False,CRITICAL,61.94
HIST_003862,AST_000004,ENGINEERING,CORRECTIVE_MAINTENANCE,87.4,0.0,50.4,5,12,150,154,2,TRUE,TRUE,0.468,False,MEDIUM,43.8
HIST_003863,AST_000021,S&T,INSPECTION,42.9,100.0,44.5,1,11,240,263,14,TRUE,TRUE,0.32,False,HIGH,58.02
HIST_003864,AST_000038,TRD,REPAIR,95.1,100.0,46.7,4,4,45,49,2,TRUE,TRUE,0.113,False,LOW,66.62
HIST_003865,AST_000005,TRD,REPLACEMENT,56.6,100.0,24.7,5,6,150,164,8,TRUE,TRUE,0.742,True,CRITICAL,71.92
HIST_003866,AST_000022,ENGINEERING,TESTING,76.5,16.0,50.4,4,2,180,173,0,FALSE,TRUE,0.038,False,MEDIUM,44.53
HIST_003867,AST_000039,S&T,PREVENTIVE_MAINTENANCE,91.8,0.0,35.9,3,7,60,70,6,TRUE,TRUE,0.369,False,MEDIUM,42.22
HIST_003868,AST_000006,S&T,CORRECTIVE_MAINTENANCE,94.3,89.2,21.7,1,7,75,65,0,FALSE,TRUE,0.067,False,HIGH,66.18
HIST_003869,AST_000023,TRD,PREVENTIVE_MAINTENANCE,55.6,22.4,55.1,0,7,60,71,7,TRUE,FALSE,0.494,False,CRITICAL,48.3
HIST_003870,AST_000040,ENGINEERING,CORRECTIVE_MAINTENANCE,49.9,78.5,75.1,0,6,75,82,4,TRUE,FALSE,0.571,False,HIGH,60.86
HIST_003871,AST_000007,ENGINEERING,INSPECTION,52.8,62.5,39.5,3,8,180,205,15,TRUE,TRUE,0.969,False,MEDIUM,46.86
HIST_003872,AST_000024,S&T,REPAIR,66.7,0.0,29.7,2,5,75,88,8,TRUE,TRUE,0.163,True,LOW,39.7
HIST_003873,AST_000041,TRD,REPLACEMENT,89.8,100.0,46.1,3,2,30,28,0,FALSE,TRUE,0.189,False,HIGH,72.41
HIST_003874,AST_000008,TRD,TESTING,88.0,81.6,60.9,0,1,30,29,0,FALSE,FALSE,0.704,False,MEDIUM,66.48
HIST_003875,AST_000025,ENGINEERING,PREVENTIVE_MAINTENANCE,94.7,82.2,39.7,3,10,45,50,3,TRUE,TRUE,0.715,False,HIGH,68.15
HIST_003876,AST_000042,S&T,CORRECTIVE_MAINTENANCE,44.5,100.0,39.3,2,10,240,206,0,FALSE,TRUE,0.83,False,LOW,49.96
HIST_003877,AST_000009,S&T,INSPECTION,89.0,0.0,61.0,0,12,60,54,0,FALSE,FALSE,0.963,False,CRITICAL,53.9
HIST_003878,AST_000026,TRD,REPAIR,79.3,78.6,20.7,4,4,60,53,0,FALSE,TRUE,0.483,False,CRITICAL,62.58
HIST_003879,AST_000043,ENGINEERING,REPLACEMENT,70.1,70.3,51.0,5,7,60,49,0,FALSE,TRUE,0.998,True,MEDIUM,66.31
HIST_003880,AST_000010,ENGINEERING,TESTING,83.3,96.1,52.4,0,3,180,167,0,FALSE,FALSE,0.679,False,MEDIUM,67.0
HIST_003881,AST_000027,S&T,PREVENTIVE_MAINTENANCE,50.8,60.9,48.5,3,7,120,99,0,FALSE,TRUE,0.885,False,HIGH,51.41
HIST_003882,AST_000044,TRD,CORRECTIVE_MAINTENANCE,56.3,0.0,47.6,3,3,180,224,26,TRUE,TRUE,0.043,False,LOW,30.16
HIST_003883,AST_000011,TRD,INSPECTION,69.6,10.8,71.0,2,2,30,36,4,TRUE,TRUE,0.452,False,MEDIUM,45.28
HIST_003884,AST_000028,ENGINEERING,REPAIR,49.5,54.2,23.9,3,2,45,44,0,FALSE,TRUE,0.304,False,CRITICAL,48.18
HIST_003885,AST_000045,S&T,REPLACEMENT,42.3,19.2,23.2,3,11,60,75,9,TRUE,TRUE,0.414,False,LOW,25.88
HIST_003886,AST_000012,S&T,TESTING,62.0,0.0,42.1,2,7,150,172,13,TRUE,TRUE,0.416,True,CRITICAL,52.02
HIST_003887,AST_000029,TRD,PREVENTIVE_MAINTENANCE,88.2,0.0,30.3,4,10,120,101,0,FALSE,TRUE,0.361,False,LOW,36.27
HIST_003888,AST_000046,ENGINEERING,CORRECTIVE_MAINTENANCE,52.0,0.0,61.4,5,2,150,177,16,TRUE,TRUE,0.659,False,MEDIUM,35.38
HIST_003889,AST_000013,ENGINEERING,INSPECTION,54.3,88.2,61.5,4,10,30,34,2,TRUE,TRUE,0.89,False,LOW,54.39
HIST_003890,AST_000030,S&T,REPAIR,88.6,100.0,27.4,5,9,60,73,8,TRUE,TRUE,0.186,False,HIGH,68.31
HIST_003891,AST_000047,TRD,REPLACEMENT,84.5,0.0,19.8,4,1,30,37,4,TRUE,TRUE,0.243,False,CRITICAL,44.31
HIST_003892,AST_000014,TRD,TESTING,44.4,71.8,72.4,4,4,90,90,0,FALSE,TRUE,0.204,False,MEDIUM,53.25
HIST_003893,AST_000031,ENGINEERING,PREVENTIVE_MAINTENANCE,40.4,100.0,50.0,5,9,180,208,17,TRUE,TRUE,0.379,True,CRITICAL,72.12
HIST_003894,AST_000048,S&T,CORRECTIVE_MAINTENANCE,56.3,39.3,37.7,4,9,75,89,8,TRUE,TRUE,0.071,False,MEDIUM,41.75
HIST_003895,AST_000015,S&T,PREVENTIVE_MAINTENANCE,53.9,69.1,69.0,2,12,180,147,0,FALSE,TRUE,0.374,False,MEDIUM,54.74
HIST_003896,AST_000032,TRD,CORRECTIVE_MAINTENANCE,72.1,80.0,57.0,1,5,120,119,0,FALSE,TRUE,0.256,False,HIGH,64.28
HIST_003897,AST_000049,ENGINEERING,INSPECTION,67.6,0.0,50.5,5,5,60,69,5,TRUE,TRUE,0.837,False,HIGH,41.63
HIST_003898,AST_000016,ENGINEERING,REPAIR,55.3,63.7,43.4,5,2,90,112,13,TRUE,TRUE,0.539,False,HIGH,52.45
HIST_003899,AST_000033,S&T,REPLACEMENT,80.7,75.6,24.8,0,6,75,92,10,TRUE,FALSE,0.658,False,CRITICAL,63.07
HIST_003900,AST_000050,TRD,TESTING,88.2,35.6,35.5,4,5,30,30,0,FALSE,TRUE,0.659,True,LOW,56.21
HIST_003901,AST_000017,TRD,PREVENTIVE_MAINTENANCE,66.6,100.0,43.2,2,6,30,26,0,FALSE,TRUE,0.268,False,HIGH,64.87
HIST_003902,AST_000034,ENGINEERING,CORRECTIVE_MAINTENANCE,82.4,0.0,25.1,5,3,150,149,0,FALSE,TRUE,0.379,False,HIGH,40.99
HIST_003903,AST_000001,ENGINEERING,INSPECTION,50.3,19.7,27.1,4,1,75,82,4,TRUE,TRUE,0.834,False,MEDIUM,32.94
HIST_003904,AST_000018,S&T,REPAIR,94.2,40.6,26.1,4,2,240,254,8,TRUE,TRUE,0.896,False,LOW,47.38
HIST_003905,AST_000035,TRD,REPLACEMENT,84.2,100.0,23.3,0,3,60,64,2,TRUE,FALSE,0.222,False,HIGH,66.17
HIST_003906,AST_000002,TRD,TESTING,63.8,100.0,39.9,1,1,60,74,8,TRUE,TRUE,0.906,False,MEDIUM,59.62
HIST_003907,AST_000019,ENGINEERING,PREVENTIVE_MAINTENANCE,79.6,42.0,22.7,1,10,120,98,0,FALSE,TRUE,0.34,True,HIGH,60.17
HIST_003908,AST_000036,S&T,CORRECTIVE_MAINTENANCE,78.2,100.0,44.8,4,4,240,239,0,FALSE,TRUE,0.813,False,MEDIUM,64.92
HIST_003909,AST_000003,S&T,INSPECTION,55.7,0.0,54.3,1,10,30,25,0,FALSE,TRUE,0.888,False,MEDIUM,35.07
HIST_003910,AST_000020,TRD,REPAIR,63.2,77.6,28.3,4,5,90,88,0,FALSE,TRUE,0.127,False,MEDIUM,51.52
HIST_003911,AST_000037,ENGINEERING,REPLACEMENT,81.9,74.4,29.5,3,3,180,196,10,TRUE,TRUE,0.57,False,MEDIUM,56.57
HIST_003912,AST_000004,ENGINEERING,TESTING,87.4,100.0,43.6,0,3,120,134,8,TRUE,FALSE,0.099,False,LOW,63.69
HIST_003913,AST_000021,S&T,PREVENTIVE_MAINTENANCE,42.9,17.6,48.8,2,1,30,35,3,TRUE,TRUE,0.37,False,LOW,30.78
HIST_003914,AST_000038,TRD,CORRECTIVE_MAINTENANCE,95.1,86.1,40.6,5,12,180,179,0,FALSE,TRUE,0.065,True,MEDIUM,75.67
HIST_003915,AST_000005,TRD,INSPECTION,56.6,82.3,21.0,3,7,60,73,8,TRUE,TRUE,0.961,False,CRITICAL,56.76
HIST_003916,AST_000022,ENGINEERING,REPAIR,76.5,100.0,54.0,3,7,240,212,0,FALSE,TRUE,0.386,False,LOW,62.5
HIST_003917,AST_000039,S&T,REPLACEMENT,91.8,100.0,44.8,0,2,60,50,0,FALSE,FALSE,0.288,False,HIGH,72.75
HIST_003918,AST_000006,S&T,TESTING,94.3,62.3,16.1,0,9,75,65,0,FALSE,FALSE,0.866,False,LOW,50.83
HIST_003919,AST_000023,TRD,PREVENTIVE_MAINTENANCE,55.6,88.7,57.5,5,6,60,69,5,TRUE,TRUE,0.23,False,CRITICAL,65.36
HIST_003920,AST_000040,ENGINEERING,CORRECTIVE_MAINTENANCE,49.9,0.0,81.8,0,1,75,76,1,TRUE,FALSE,0.572,False,HIGH,42.58
HIST_003921,AST_000007,ENGINEERING,INSPECTION,52.8,17.5,37.0,5,10,120,130,6,TRUE,TRUE,0.386,True,MEDIUM,45.11
HIST_003922,AST_000024,S&T,CORRECTIVE_MAINTENANCE,66.7,10.8,27.7,3,12,240,292,31,TRUE,TRUE,0.1,False,MEDIUM,35.75
HIST_003923,AST_000041,TRD,INSPECTION,89.8,100.0,51.7,1,5,90,91,1,TRUE,TRUE,0.997,False,MEDIUM,69.78
HIST_003924,AST_000008,TRD,REPAIR,88.0,57.6,58.6,3,6,75,89,8,TRUE,TRUE,0.656,False,HIGH,63.77
HIST_003925,AST_000025,ENGINEERING,REPLACEMENT,94.7,98.7,40.5,4,3,180,191,7,TRUE,TRUE,0.104,False,HIGH,72.44
HIST_003926,AST_000042,S&T,TESTING,44.5,100.0,51.0,0,5,180,221,25,TRUE,FALSE,0.236,False,LOW,52.3
HIST_003927,AST_000009,S&T,PREVENTIVE_MAINTENANCE,89.0,97.0,52.7,3,5,150,135,0,FALSE,TRUE,0.55,False,HIGH,72.74
HIST_003928,AST_000026,TRD,CORRECTIVE_MAINTENANCE,79.3,0.0,22.1,4,5,75,91,10,TRUE,TRUE,0.243,True,HIGH,49.46
HIST_003929,AST_000043,ENGINEERING,INSPECTION,70.1,100.0,44.3,2,8,150,172,13,TRUE,TRUE,0.664,False,HIGH,66.14
HIST_003930,AST_000010,ENGINEERING,REPAIR,83.3,0.0,53.3,3,6,75,66,0,FALSE,TRUE,0.598,False,HIGH,46.9
HIST_003931,AST_000027,S&T,REPLACEMENT,50.8,3.4,52.9,1,3,30,29,0,FALSE,TRUE,0.929,False,HIGH,37.92
HIST_003932,AST_000044,TRD,TESTING,56.3,91.6,52.4,3,4,75,66,0,FALSE,TRUE,0.685,False,MEDIUM,57.77
HIST_003933,AST_000011,TRD,PREVENTIVE_MAINTENANCE,69.6,57.1,74.5,1,9,180,149,0,FALSE,TRUE,0.916,False,MEDIUM,57.55
HIST_003934,AST_000028,ENGINEERING,CORRECTIVE_MAINTENANCE,49.5,100.0,23.3,4,12,120,136,10,TRUE,TRUE,0.145,False,HIGH,55.76
HIST_003935,AST_000045,S&T,INSPECTION,42.3,100.0,26.5,1,10,180,221,25,TRUE,TRUE,0.477,True,LOW,56.74
HIST_003936,AST_000012,S&T,REPAIR,62.0,34.5,47.7,0,4,120,126,4,TRUE,FALSE,0.61,False,LOW,40.52
HIST_003937,AST_000029,TRD,REPLACEMENT,88.2,100.0,20.6,2,10,30,26,0,FALSE,TRUE,0.512,False,HIGH,66.83
HIST_003938,AST_000046,ENGINEERING,TESTING,52.0,0.0,49.0,1,5,240,196,0,FALSE,TRUE,0.228,False,CRITICAL,40.4
HIST_003939,AST_000013,ENGINEERING,PREVENTIVE_MAINTENANCE,54.3,100.0,53.2,3,7,75,64,0,FALSE,TRUE,0.909,False,LOW,55.68
HIST_003940,AST_000030,S&T,CORRECTIVE_MAINTENANCE,88.6,54.3,29.8,5,2,240,245,3,TRUE,TRUE,0.298,False,CRITICAL,61.12
HIST_003941,AST_000047,TRD,INSPECTION,84.5,89.4,26.8,1,9,180,200,12,TRUE,TRUE,0.586,False,MEDIUM,60.56
HIST_003942,AST_000014,TRD,REPAIR,44.4,1.6,63.6,4,9,60,54,0,FALSE,TRUE,0.572,True,MEDIUM,43.94
HIST_003943,AST_000031,ENGINEERING,REPLACEMENT,40.4,11.6,58.3,5,1,240,298,35,TRUE,TRUE,0.347,False,LOW,30.43
HIST_003944,AST_000048,S&T,TESTING,56.3,100.0,33.3,2,7,90,86,0,FALSE,TRUE,0.379,False,LOW,52.3
HIST_003945,AST_000015,S&T,PREVENTIVE_MAINTENANCE,53.9,29.9,68.0,4,9,60,50,0,FALSE,TRUE,0.307,False,CRITICAL,52.24
HIST_003946,AST_000032,TRD,CORRECTIVE_MAINTENANCE,72.1,0.0,54.6,0,7,240,228,0,FALSE,FALSE,0.162,False,HIGH,43.8
HIST_003947,AST_000049,ENGINEERING,INSPECTION,67.6,81.9,53.4,5,1,150,175,15,TRUE,TRUE,0.912,False,HIGH,62.68
HIST_003948,AST_000016,ENGINEERING,CORRECTIVE_MAINTENANCE,55.3,100.0,47.3,1,9,61,76,9,TRUE,TRUE,0.173,False,LOW,54.8
HIST_003949,AST_000033,S&T,INSPECTION,80.7,96.8,17.5,5,4,240,223,0,FALSE,TRUE,0.156,True,CRITICAL,76.91
HIST_003950,AST_000050,TRD,REPAIR,88.2,57.0,30.9,0,2,180,211,19,TRUE,FALSE,0.073,False,MEDIUM,54.39
HIST_003951,AST_000017,TRD,REPLACEMENT,66.6,100.0,44.2,5,8,60,70,6,TRUE,TRUE,0.029,False,MEDIUM,61.32
HIST_003952,AST_000034,ENGINEERING,TESTING,82.4,99.0,26.0,0,1,75,82,4,TRUE,FALSE,0.712,False,MEDIUM,62.17
HIST_003953,AST_000001,ENGINEERING,PREVENTIVE_MAINTENANCE,50.3,100.0,28.8,3,8,60,66,4,TRUE,TRUE,0.351,False,CRITICAL,60.85
HIST_003954,AST_000018,S&T,CORRECTIVE_MAINTENANCE,94.2,71.6,28.3,3,7,150,135,0,FALSE,TRUE,0.214,False,MEDIUM,59.32
HIST_003955,AST_000035,TRD,INSPECTION,84.2,100.0,26.0,5,2,75,78,2,TRUE,TRUE,0.868,False,HIGH,66.71
HIST_003956,AST_000002,TRD,REPAIR,63.8,10.9,40.2,4,11,90,100,6,TRUE,TRUE,0.762,True,CRITICAL,54.91
HIST_003957,AST_000019,ENGINEERING,REPLACEMENT,79.6,71.1,21.3,0,8,75,62,0,FALSE,FALSE,0.765,False,MEDIUM,53.41
HIST_003958,AST_000036,S&T,TESTING,78.2,94.5,54.3,0,1,45,48,2,TRUE,FALSE,0.163,False,MEDIUM,65.44
HIST_003959,AST_000003,S&T,PREVENTIVE_MAINTENANCE,55.7,75.5,52.8,4,7,90,110,12,TRUE,TRUE,0.926,False,CRITICAL,61.15
HIST_003960,AST_000020,TRD,CORRECTIVE_MAINTENANCE,63.2,100.0,29.2,0,5,75,65,0,FALSE,FALSE,0.055,False,CRITICAL,64.8
HIST_003961,AST_000037,ENGINEERING,INSPECTION,81.9,54.4,41.5,5,11,75,93,11,TRUE,TRUE,0.921,False,MEDIUM,53.97
HIST_003962,AST_000004,ENGINEERING,REPAIR,87.4,100.0,43.9,5,2,75,77,1,TRUE,TRUE,0.348,False,HIGH,71.25
HIST_003963,AST_000021,S&T,REPLACEMENT,42.9,0.0,45.7,3,5,30,26,0,FALSE,TRUE,0.67,True,HIGH,43.26
HIST_003964,AST_000038,TRD,TESTING,95.1,100.0,44.3,4,8,45,43,0,FALSE,TRUE,0.955,False,LOW,66.14
HIST_003965,AST_000005,TRD,PREVENTIVE_MAINTENANCE,56.6,66.7,11.2,1,6,120,111,0,FALSE,TRUE,0.846,False,MEDIUM,43.4
HIST_003966,AST_000022,ENGINEERING,CORRECTIVE_MAINTENANCE,76.5,51.8,53.6,4,2,45,47,1,TRUE,TRUE,0.222,False,CRITICAL,61.62
HIST_003967,AST_000039,S&T,INSPECTION,91.8,15.5,41.4,3,3,180,204,14,TRUE,TRUE,0.215,False,LOW,43.45
HIST_003968,AST_000006,S&T,REPAIR,94.3,0.0,14.0,2,11,75,75,0,FALSE,TRUE,0.883,False,MEDIUM,38.59
HIST_003969,AST_000023,TRD,REPLACEMENT,55.6,24.2,62.7,5,2,30,28,0,FALSE,TRUE,0.391,False,LOW,39.02
HIST_003970,AST_000040,ENGINEERING,TESTING,49.9,75.5,71.1,4,4,75,73,0,FALSE,TRUE,0.797,True,MEDIUM,65.56
HIST_003971,AST_000007,ENGINEERING,PREVENTIVE_MAINTENANCE,52.8,20.3,42.5,1,10,75,66,0,FALSE,TRUE,0.084,False,LOW,33.16
HIST_003972,AST_000024,S&T,CORRECTIVE_MAINTENANCE,66.7,0.0,22.4,2,2,90,85,0,FALSE,TRUE,0.806,False,LOW,28.24
HIST_003973,AST_000041,TRD,INSPECTION,89.8,100.0,51.6,2,5,150,175,15,TRUE,TRUE,0.195,False,CRITICAL,77.26
HIST_003974,AST_000008,TRD,CORRECTIVE_MAINTENANCE,88.0,10.5,59.8,5,1,60,67,4,TRUE,TRUE,0.172,False,LOW,44.73
HIST_003975,AST_000025,ENGINEERING,INSPECTION,94.7,71.1,33.7,1,3,45,36,0,FALSE,TRUE,0.679,False,CRITICAL,67.93
HIST_003976,AST_000042,S&T,REPAIR,44.5,42.4,38.7,1,8,120,137,10,TRUE,TRUE,0.582,False,MEDIUM,39.19
HIST_003977,AST_000009,S&T,REPLACEMENT,89.0,0.0,60.6,1,4,30,26,0,FALSE,TRUE,0.467,True,HIGH,60.07
HIST_003978,AST_000026,TRD,TESTING,79.3,77.7,17.8,4,9,240,281,25,TRUE,TRUE,0.874,False,LOW,50.53
HIST_003979,AST_000043,ENGINEERING,PREVENTIVE_MAINTENANCE,70.1,0.0,44.0,1,1,120,99,0,FALSE,TRUE,0.962,False,CRITICAL,44.83
HIST_003980,AST_000010,ENGINEERING,CORRECTIVE_MAINTENANCE,83.3,100.0,42.3,3,8,180,161,0,FALSE,TRUE,0.856,False,LOW,62.2
HIST_003981,AST_000027,S&T,INSPECTION,50.8,24.5,60.7,1,3,45,45,0,FALSE,TRUE,0.008,False,LOW,37.25
HIST_003982,AST_000044,TRD,REPAIR,56.3,100.0,49.2,1,9,60,60,0,FALSE,TRUE,0.493,False,CRITICAL,66.73
HIST_003983,AST_000011,TRD,REPLACEMENT,69.6,98.8,66.3,3,6,240,245,3,TRUE,TRUE,0.447,False,HIGH,70.09
HIST_003984,AST_000028,ENGINEERING,TESTING,49.5,96.7,31.2,3,3,90,81,0,FALSE,TRUE,0.488,True,MEDIUM,62.77
HIST_003985,AST_000045,S&T,PREVENTIVE_MAINTENANCE,42.3,100.0,24.6,3,2,75,88,8,TRUE,TRUE,0.89,False,HIGH,53.86
HIST_003986,AST_000012,S&T,CORRECTIVE_MAINTENANCE,62.0,100.0,43.8,3,8,180,186,4,TRUE,TRUE,0.778,False,CRITICAL,67.36
HIST_003987,AST_000029,TRD,INSPECTION,88.2,92.9,25.1,3,7,90,96,4,TRUE,TRUE,0.628,False,CRITICAL,69.71
HIST_003988,AST_000046,ENGINEERING,REPAIR,52.0,40.2,56.4,1,12,30,30,0,FALSE,TRUE,0.924,False,MEDIUM,44.43
HIST_003989,AST_000013,ENGINEERING,REPLACEMENT,54.3,33.1,58.0,4,4,60,57,0,FALSE,TRUE,0.991,False,HIGH,47.41
HIST_003990,AST_000030,S&T,TESTING,88.6,16.7,24.1,2,3,75,84,5,TRUE,TRUE,0.55,False,CRITICAL,50.58
HIST_003991,AST_000047,TRD,PREVENTIVE_MAINTENANCE,84.5,0.0,20.4,1,6,120,122,1,TRUE,TRUE,0.709,True,HIGH,50.68
HIST_003992,AST_000014,TRD,CORRECTIVE_MAINTENANCE,44.4,100.0,66.0,5,4,180,152,0,FALSE,TRUE,0.593,False,CRITICAL,66.52
HIST_003993,AST_000031,ENGINEERING,INSPECTION,40.4,100.0,50.0,1,2,120,107,0,FALSE,TRUE,0.023,False,MEDIUM,54.62
HIST_003994,AST_000048,S&T,REPAIR,56.3,65.4,35.2,2,12,180,164,0,FALSE,TRUE,0.674,False,LOW,44.03
HIST_003995,AST_000015,S&T,REPLACEMENT,53.9,66.0,70.1,0,2,45,55,6,TRUE,FALSE,0.516,False,CRITICAL,61.69
HIST_003996,AST_000032,TRD,TESTING,72.1,100.0,51.7,4,4,45,55,6,TRUE,TRUE,0.862,False,LOW,60.72
HIST_003997,AST_000049,ENGINEERING,PREVENTIVE_MAINTENANCE,67.6,100.0,49.6,2,11,150,185,21,TRUE,TRUE,0.126,False,CRITICAL,70.2
HIST_003998,AST_000016,ENGINEERING,CORRECTIVE_MAINTENANCE,55.3,0.2,47.4,1,7,90,102,7,TRUE,TRUE,0.746,True,HIGH,47.37
HIST_003999,AST_000033,S&T,INSPECTION,80.7,43.6,18.8,1,10,120,102,0,FALSE,TRUE,0.468,False,MEDIUM,46.37
HIST_004000,AST_000050,TRD,REPAIR,88.2,100.0,40.4,2,1,120,144,14,TRUE,TRUE,0.427,False,MEDIUM,67.04
HIST_004001,AST_000017,TRD,INSPECTION,66.6,72.3,34.2,3,12,180,156,0,FALSE,TRUE,0.859,False,HIGH,56.14
HIST_004002,AST_000034,ENGINEERING,REPAIR,82.4,16.2,28.0,4,4,60,72,7,TRUE,TRUE,0.601,False,CRITICAL,49.37
HIST_004003,AST_000001,ENGINEERING,REPLACEMENT,50.3,0.4,27.4,4,4,180,182,1,TRUE,TRUE,0.412,False,MEDIUM,28.17
HIST_004004,AST_000018,S&T,TESTING,94.2,97.7,26.8,2,9,150,165,9,TRUE,TRUE,0.999,False,MEDIUM,65.55
HIST_004005,AST_000035,TRD,PREVENTIVE_MAINTENANCE,84.2,100.0,25.2,1,3,60,63,2,TRUE,TRUE,0.38,True,CRITICAL,80.3
HIST_004006,AST_000002,TRD,CORRECTIVE_MAINTENANCE,63.8,100.0,40.0,4,12,60,59,0,FALSE,TRUE,0.764,False,LOW,55.89
HIST_004007,AST_000019,ENGINEERING,INSPECTION,79.6,30.4,28.8,1,7,60,65,3,TRUE,TRUE,0.83,False,MEDIUM,44.74
HIST_004008,AST_000036,S&T,REPAIR,78.2,6.1,58.4,1,9,240,205,0,FALSE,TRUE,0.531,False,CRITICAL,51.66
HIST_004009,AST_000003,S&T,REPLACEMENT,55.7,89.5,64.4,3,3,45,41,0,FALSE,TRUE,0.8,False,LOW,55.72
HIST_004010,AST_000020,TRD,TESTING,63.2,51.7,28.4,5,1,240,228,0,FALSE,TRUE,0.719,False,MEDIUM,45.06
HIST_004011,AST_000037,ENGINEERING,PREVENTIVE_MAINTENANCE,81.9,0.7,32.8,0,6,150,173,14,TRUE,FALSE,0.514,False,MEDIUM,38.8
HIST_004012,AST_000004,ENGINEERING,CORRECTIVE_MAINTENANCE,87.4,100.0,50.6,3,9,180,212,19,TRUE,TRUE,0.641,True,HIGH,82.59
HIST_004013,AST_000021,S&T,INSPECTION,42.9,21.7,49.7,3,3,240,269,17,TRUE,TRUE,0.125,False,LOW,31.98
HIST_004014,AST_000038,TRD,REPAIR,95.1,99.4,36.0,3,9,240,275,21,TRUE,TRUE,0.775,False,LOW,64.33
HIST_004015,AST_000005,TRD,REPLACEMENT,56.6,0.0,20.4,0,5,150,139,0,FALSE,FALSE,0.296,False,LOW,24.81
HIST_004016,AST_000022,ENGINEERING,TESTING,76.5,22.5,50.9,1,11,240,219,0,FALSE,TRUE,0.723,False,HIGH,50.0
HIST_004017,AST_000039,S&T,PREVENTIVE_MAINTENANCE,91.8,50.3,38.9,3,1,180,176,0,FALSE,TRUE,0.981,False,LOW,51.64
HIST_004018,AST_000006,S&T,CORRECTIVE_MAINTENANCE,94.3,39.9,13.1,5,6,150,170,12,TRUE,TRUE,0.037,False,MEDIUM,48.38
HIST_004019,AST_000023,TRD,INSPECTION,55.6,36.5,58.2,3,2,180,165,0,FALSE,TRUE,0.525,True,HIGH,58.7
HIST_004020,AST_000040,ENGINEERING,REPAIR,49.9,49.9,70.1,2,11,75,74,0,FALSE,TRUE,0.705,False,MEDIUM,48.97
HIST_004021,AST_000007,ENGINEERING,REPLACEMENT,52.8,73.1,43.5,0,12,30,28,0,FALSE,FALSE,0.99,False,LOW,46.56
HIST_004022,AST_000024,S&T,TESTING,66.7,12.0,19.5,5,7,60,65,3,TRUE,TRUE,0.332,False,LOW,30.66
HIST_004023,AST_000041,TRD,PREVENTIVE_MAINTENANCE,89.8,100.0,44.4,5,8,180,183,2,TRUE,TRUE,0.104,False,LOW,64.57
HIST_004024,AST_000008,TRD,CORRECTIVE_MAINTENANCE,88.0,97.6,58.6,1,11,240,296,34,TRUE,TRUE,0.104,False,CRITICAL,77.52
HIST_004025,AST_000025,ENGINEERING,INSPECTION,94.7,52.4,34.9,1,1,30,28,0,FALSE,TRUE,0.424,False,CRITICAL,63.49
HIST_004026,AST_000042,S&T,REPAIR,44.5,0.0,48.8,4,5,240,299,35,TRUE,TRUE,0.06,True,LOW,36.86
HIST_004027,AST_000009,S&T,INSPECTION,89.0,47.3,64.9,4,8,30,34,2,TRUE,TRUE,0.799,False,LOW,55.26
HIST_004028,AST_000026,TRD,REPAIR,79.3,14.6,21.0,3,8,180,168,0,FALSE,TRUE,0.039,False,CRITICAL,46.64
HIST_004029,AST_000043,ENGINEERING,REPLACEMENT,70.1,82.3,52.2,0,8,30,34,2,TRUE,FALSE,0.725,False,CRITICAL,67.05
HIST_004030,AST_000010,ENGINEERING,TESTING,83.3,17.1,47.2,4,12,240,233,0,FALSE,TRUE,0.619,False,LOW,42.45
HIST_004031,AST_000027,S&T,PREVENTIVE_MAINTENANCE,50.8,0.0,50.4,3,11,120,146,16,TRUE,TRUE,0.142,False,HIGH,36.57
HIST_004032,AST_000044,TRD,CORRECTIVE_MAINTENANCE,56.3,100.0,41.6,4,7,60,60,0,FALSE,TRUE,0.119,False,MEDIUM,57.71
HIST_004033,AST_000011,TRD,INSPECTION,69.6,59.0,71.2,3,2,120,135,9,TRUE,TRUE,0.256,True,HIGH,71.12
HIST_004034,AST_000028,ENGINEERING,REPAIR,49.5,0.0,24.2,0,12,180,196,10,TRUE,FALSE,0.571,False,LOW,23.44
HIST_004035,AST_000045,S&T,REPLACEMENT,42.3,68.1,19.7,4,11,45,48,2,TRUE,TRUE,0.933,False,MEDIUM,41.15
HIST_004036,AST_000012,S&T,TESTING,62.0,0.0,42.3,0,7,75,93,11,TRUE,FALSE,0.25,False,HIGH,38.31
HIST_004037,AST_000029,TRD,PREVENTIVE_MAINTENANCE,88.2,100.0,29.4,4,6,60,61,1,TRUE,TRUE,0.419,False,CRITICAL,72.34
HIST_004038,AST_000046,ENGINEERING,CORRECTIVE_MAINTENANCE,52.0,99.7,53.3,4,6,240,230,0,FALSE,TRUE,0.493,False,HIGH,62.44
HIST_004039,AST_000013,ENGINEERING,INSPECTION,54.3,42.9,53.3,5,10,120,111,0,FALSE,TRUE,0.714,False,LOW,41.42
HIST_004040,AST_000030,S&T,REPAIR,88.6,80.3,24.4,1,5,150,178,17,TRUE,TRUE,0.393,True,MEDIUM,69.03
HIST_004041,AST_000047,TRD,REPLACEMENT,84.5,100.0,26.0,5,8,240,288,29,TRUE,TRUE,0.144,False,CRITICAL,70.55
HIST_004042,AST_000014,TRD,TESTING,44.4,2.2,72.9,2,3,90,73,0,FALSE,TRUE,0.528,False,LOW,32.2
HIST_004043,AST_000031,ENGINEERING,PREVENTIVE_MAINTENANCE,40.4,21.8,50.1,1,9,30,33,2,TRUE,TRUE,0.817,False,MEDIUM,35.09
HIST_004044,AST_000048,S&T,CORRECTIVE_MAINTENANCE,56.3,0.0,25.0,3,10,45,43,0,FALSE,TRUE,0.027,False,CRITICAL,36.89
HIST_004045,AST_000015,S&T,INSPECTION,53.9,0.0,75.9,5,2,180,216,22,TRUE,TRUE,0.974,False,CRITICAL,46.35
HIST_004046,AST_000032,TRD,REPAIR,72.1,21.9,54.3,1,10,240,230,0,FALSE,TRUE,0.454,False,LOW,41.71
HIST_004047,AST_000049,ENGINEERING,REPLACEMENT,67.6,21.4,56.0,2,2,90,87,0,FALSE,TRUE,0.155,True,HIGH,58.08
HIST_004048,AST_000016,ENGINEERING,TESTING,55.3,71.7,47.2,1,1,120,127,4,TRUE,TRUE,0.381,False,LOW,47.7
HIST_004049,AST_000033,S&T,PREVENTIVE_MAINTENANCE,80.7,39.9,17.4,4,11,180,191,7,TRUE,TRUE,0.054,False,HIGH,48.91
HIST_004050,AST_000050,TRD,CORRECTIVE_MAINTENANCE,88.2,0.0,34.1,0,10,240,263,14,TRUE,FALSE,0.862,False,HIGH,44.53
HIST_004051,AST_000017,TRD,INSPECTION,66.6,0.0,40.3,4,11,240,224,0,FALSE,TRUE,0.192,False,MEDIUM,35.54
HIST_004052,AST_000034,ENGINEERING,REPAIR,82.4,41.9,28.4,4,8,180,161,0,FALSE,TRUE,0.798,False,MEDIUM,48.38
HIST_004053,AST_000001,ENGINEERING,INSPECTION,50.3,89.0,32.4,4,8,60,58,0,FALSE,TRUE,0.499,False,MEDIUM,51.32
HIST_004054,AST_000018,S&T,REPAIR,94.2,21.6,30.4,1,1,120,117,0,FALSE,TRUE,0.521,True,HIGH,60.99
HIST_004055,AST_000035,TRD,REPLACEMENT,84.2,0.0,30.6,1,3,45,52,4,TRUE,TRUE,0.53,False,CRITICAL,46.38
HIST_004056,AST_000002,TRD,TESTING,63.8,81.3,27.6,1,8,30,36,4,TRUE,TRUE,0.716,False,LOW,48.73
HIST_004057,AST_000019,ENGINEERING,PREVENTIVE_MAINTENANCE,79.6,0.0,22.6,2,4,120,101,0,FALSE,TRUE,0.323,False,HIGH,39.65
HIST_004058,AST_000036,S&T,CORRECTIVE_MAINTENANCE,78.2,100.0,45.0,1,5,75,81,4,TRUE,TRUE,0.255,False,CRITICAL,72.46
HIST_004059,AST_000003,S&T,INSPECTION,55.7,59.7,53.8,2,1,30,30,0,FALSE,TRUE,0.288,False,HIGH,53.65
HIST_004060,AST_000020,TRD,REPAIR,63.2,100.0,21.4,0,6,150,130,0,FALSE,FALSE,0.045,False,HIGH,59.49
HIST_004061,AST_000037,ENGINEERING,REPLACEMENT,81.9,47.5,38.0,2,7,120,137,10,TRUE,TRUE,0.733,True,MEDIUM,61.55
HIST_004062,AST_000004,ENGINEERING,TESTING,87.4,0.0,53.9,2,4,90,101,7,TRUE,TRUE,0.313,False,MEDIUM,44.5
HIST_004063,AST_000021,S&T,PREVENTIVE_MAINTENANCE,42.9,0.0,38.5,4,5,240,241,1,TRUE,TRUE,0.891,False,CRITICAL,35.57
HIST_004064,AST_000038,TRD,CORRECTIVE_MAINTENANCE,95.1,55.1,47.7,3,7,240,295,33,TRUE,TRUE,0.634,False,HIGH,63.09
HIST_004065,AST_000005,TRD,INSPECTION,56.6,89.5,23.2,4,8,90,95,3,TRUE,TRUE,0.767,False,CRITICAL,59.0
HIST_004066,AST_000022,ENGINEERING,REPAIR,76.5,48.9,61.9,4,5,90,81,0,FALSE,TRUE,0.787,False,HIGH,58.8
HIST_004067,AST_000039,S&T,REPLACEMENT,91.8,55.6,37.9,3,1,60,71,7,TRUE,TRUE,0.764,False,CRITICAL,64.02
HIST_004068,AST_000006,S&T,TESTING,94.3,0.0,16.1,1,4,45,51,4,TRUE,TRUE,0.213,True,MEDIUM,49.01
HIST_004069,AST_000023,TRD,PREVENTIVE_MAINTENANCE,55.6,0.0,58.2,3,1,75,67,0,FALSE,TRUE,0.523,False,HIGH,39.57
HIST_004070,AST_000040,ENGINEERING,CORRECTIVE_MAINTENANCE,49.9,100.0,72.2,3,12,240,202,0,FALSE,TRUE,0.434,False,MEDIUM,61.91
HIST_004071,AST_000007,ENGINEERING,INSPECTION,52.8,100.0,44.5,0,9,30,32,1,TRUE,FALSE,0.903,False,LOW,53.49
HIST_004072,AST_000024,S&T,REPAIR,66.7,23.7,22.2,4,11,120,111,0,FALSE,TRUE,0.676,False,MEDIUM,37.88
HIST_004073,AST_000041,TRD,REPLACEMENT,89.8,0.0,48.6,1,9,150,147,0,FALSE,TRUE,0.39,False,MEDIUM,44.16
HIST_004074,AST_000008,TRD,TESTING,88.0,29.6,68.3,4,11,90,104,8,TRUE,TRUE,0.275,False,LOW,51.21
HIST_004075,AST_000025,ENGINEERING,PREVENTIVE_MAINTENANCE,94.7,20.5,34.8,3,11,30,37,4,TRUE,TRUE,0.306,True,MEDIUM,57.99
HIST_004076,AST_000042,S&T,CORRECTIVE_MAINTENANCE,44.5,27.9,43.2,3,12,45,54,5,TRUE,TRUE,0.486,False,MEDIUM,36.47
HIST_004077,AST_000009,S&T,INSPECTION,89.0,88.5,53.1,4,6,180,210,18,TRUE,TRUE,0.501,False,CRITICAL,74.45
HIST_004078,AST_000026,TRD,REPAIR,79.3,84.3,27.4,0,6,75,93,11,TRUE,FALSE,0.25,False,LOW,54.09
HIST_004079,AST_000043,ENGINEERING,INSPECTION,70.1,100.0,43.2,5,3,90,108,11,TRUE,TRUE,0.771,False,LOW,58.42
HIST_004080,AST_000010,ENGINEERING,REPAIR,83.3,0.0,43.6,5,6,180,153,0,FALSE,TRUE,0.082,False,CRITICAL,48.71
HIST_004081,AST_000027,S&T,REPLACEMENT,50.8,2.3,49.7,5,12,150,166,10,TRUE,TRUE,0.106,False,LOW,29.5
HIST_004082,AST_000044,TRD,TESTING,56.3,6.1,53.9,1,9,90,88,0,FALSE,TRUE,0.848,True,LOW,42.94
HIST_004083,AST_000011,TRD,PREVENTIVE_MAINTENANCE,69.6,86.6,70.2,2,6,75,90,9,TRUE,TRUE,0.591,False,LOW,60.32
HIST_004084,AST_000028,ENGINEERING,CORRECTIVE_MAINTENANCE,49.5,24.0,19.7,4,9,45,51,4,TRUE,TRUE,0.255,False,CRITICAL,39.79
HIST_004085,AST_000045,S&T,INSPECTION,42.3,36.9,23.2,4,11,180,219,23,TRUE,TRUE,0.639,False,HIGH,37.8
HIST_004086,AST_000012,S&T,REPAIR,62.0,75.6,40.1,3,12,150,130,0,FALSE,TRUE,0.314,False,LOW,49.27
HIST_004087,AST_000029,TRD,REPLACEMENT,88.2,15.0,23.4,4,10,75,80,3,TRUE,TRUE,0.065,False,HIGH,46.14
HIST_004088,AST_000046,ENGINEERING,TESTING,52.0,100.0,52.4,1,8,240,218,0,FALSE,TRUE,0.548,False,HIGH,62.33
HIST_004089,AST_000013,ENGINEERING,PREVENTIVE_MAINTENANCE,54.3,23.3,54.7,5,4,240,250,6,TRUE,TRUE,0.865,True,LOW,46.8
HIST_004090,AST_000030,S&T,CORRECTIVE_MAINTENANCE,88.6,53.8,28.6,2,3,90,102,7,TRUE,TRUE,0.499,False,HIGH,57.0
HIST_004091,AST_000047,TRD,INSPECTION,84.5,95.5,25.4,1,8,240,275,21,TRUE,TRUE,0.417,False,CRITICAL,69.3
HIST_004092,AST_000014,TRD,REPAIR,44.4,2.5,63.3,1,3,60,51,0,FALSE,TRUE,0.223,False,CRITICAL,41.6
HIST_004093,AST_000031,ENGINEERING,REPLACEMENT,40.4,97.8,58.9,1,1,180,195,9,TRUE,TRUE,0.854,False,LOW,52.1
HIST_004094,AST_000048,S&T,TESTING,56.3,78.7,26.5,0,2,180,206,16,TRUE,FALSE,0.385,False,LOW,45.61
HIST_004095,AST_000015,S&T,PREVENTIVE_MAINTENANCE,53.9,0.0,71.6,5,2,240,294,32,TRUE,TRUE,0.245,False,LOW,34.24
HIST_004096,AST_000032,TRD,CORRECTIVE_MAINTENANCE,72.1,39.7,54.3,5,5,180,153,0,FALSE,TRUE,0.438,True,HIGH,63.66
HIST_004097,AST_000049,ENGINEERING,INSPECTION,67.6,39.7,46.0,4,1,180,208,17,TRUE,TRUE,0.016,False,CRITICAL,54.41
HIST_004098,AST_000016,ENGINEERING,REPAIR,55.3,86.9,57.3,2,4,60,48,0,FALSE,TRUE,0.521,False,HIGH,61.02
HIST_004099,AST_000033,S&T,REPLACEMENT,80.7,37.5,25.9,3,11,180,217,22,TRUE,TRUE,0.309,False,LOW,42.52
HIST_004100,AST_000050,TRD,TESTING,88.2,53.8,34.8,0,7,150,182,19,TRUE,FALSE,0.733,False,LOW,50.62
HIST_004101,AST_000017,TRD,PREVENTIVE_MAINTENANCE,66.6,0.0,43.3,0,9,180,152,0,FALSE,FALSE,0.378,False,HIGH,39.89
HIST_004102,AST_000034,ENGINEERING,CORRECTIVE_MAINTENANCE,82.4,98.7,19.5,5,8,240,254,8,TRUE,TRUE,0.353,False,MEDIUM,60.8
HIST_004103,AST_000001,ENGINEERING,INSPECTION,50.3,48.1,33.1,5,12,90,107,10,TRUE,TRUE,0.567,True,CRITICAL,58.73
HIST_004104,AST_000018,S&T,REPAIR,94.2,100.0,23.8,0,3,75,89,8,TRUE,FALSE,0.808,False,HIGH,69.27
HIST_004105,AST_000035,TRD,REPLACEMENT,84.2,14.6,18.3,3,1,90,85,0,FALSE,TRUE,0.864,False,LOW,36.32
HIST_004106,AST_000002,TRD,REPAIR,63.8,3.6,29.0,0,12,120,150,18,TRUE,FALSE,0.113,False,HIGH,37.09
HIST_004107,AST_000019,ENGINEERING,REPLACEMENT,79.6,100.0,25.8,4,6,240,235,0,FALSE,TRUE,0.519,False,CRITICAL,69.04
HIST_004108,AST_000036,S&T,TESTING,78.2,19.9,57.2,0,10,45,55,6,TRUE,FALSE,0.166,False,LOW,43.62
HIST_004109,AST_000003,S&T,PREVENTIVE_MAINTENANCE,55.7,58.8,59.0,0,9,60,65,3,TRUE,FALSE,0.413,False,CRITICAL,58.21
HIST_004110,AST_000020,TRD,CORRECTIVE_MAINTENANCE,63.2,100.0,28.4,3,3,90,109,11,TRUE,TRUE,0.853,True,LOW,63.39
HIST_004111,AST_000037,ENGINEERING,INSPECTION,81.9,0.0,41.4,5,3,90,105,9,TRUE,TRUE,0.068,False,CRITICAL,47.85
HIST_004112,AST_000004,ENGINEERING,REPAIR,87.4,0.0,50.5,4,2,150,127,0,FALSE,TRUE,0.821,False,CRITICAL,51.32
HIST_004113,AST_000021,S&T,REPLACEMENT,42.9,42.6,48.2,2,3,150,121,0,FALSE,TRUE,0.98,False,HIGH,44.41
HIST_004114,AST_000038,TRD,TESTING,95.1,14.2,45.8,3,5,120,99,0,FALSE,TRUE,0.723,False,CRITICAL,56.24
HIST_004115,AST_000005,TRD,PREVENTIVE_MAINTENANCE,56.6,87.2,18.3,2,10,30,24,0,FALSE,TRUE,0.452,False,CRITICAL,57.44
HIST_004116,AST_000022,ENGINEERING,CORRECTIVE_MAINTENANCE,76.5,0.0,58.4,5,9,180,214,20,TRUE,TRUE,0.433,False,LOW,38.38
HIST_004117,AST_000039,S&T,INSPECTION,91.8,25.8,40.5,2,8,180,213,20,TRUE,TRUE,0.785,True,CRITICAL,67.09
HIST_004118,AST_000006,S&T,REPAIR,94.3,84.0,22.6,1,10,90,89,0,FALSE,TRUE,0.55,False,LOW,57.56
HIST_004119,AST_000023,TRD,REPLACEMENT,55.6,56.8,56.1,4,8,240,253,8,TRUE,TRUE,0.068,False,LOW,45.85
HIST_004120,AST_000040,ENGINEERING,TESTING,49.9,0.0,79.9,1,3,30,25,0,FALSE,TRUE,0.88,False,LOW,34.7
HIST_004121,AST_000007,ENGINEERING,PREVENTIVE_MAINTENANCE,52.8,11.2,40.9,2,8,150,187,22,TRUE,TRUE,0.246,False,HIGH,38.07
HIST_004122,AST_000024,S&T,CORRECTIVE_MAINTENANCE,66.7,77.8,22.5,5,10,120,114,0,FALSE,TRUE,0.556,False,HIGH,55.21
HIST_004123,AST_000041,TRD,INSPECTION,89.8,13.2,51.5,5,10,75,67,0,FALSE,TRUE,0.878,False,MEDIUM,48.04
HIST_004124,AST_000008,TRD,REPAIR,88.0,18.5,68.3,3,10,60,71,7,TRUE,TRUE,0.013,True,HIGH,65.94
HIST_004125,AST_000025,ENGINEERING,REPLACEMENT,94.7,93.9,32.3,0,7,150,141,0,FALSE,FALSE,0.909,False,LOW,62.1
HIST_004126,AST_000042,S&T,TESTING,44.5,0.0,46.5,1,5,30,24,0,FALSE,TRUE,0.511,False,CRITICAL,37.65
HIST_004127,AST_000009,S&T,PREVENTIVE_MAINTENANCE,89.0,100.0,63.0,5,7,90,98,5,TRUE,TRUE,0.898,False,HIGH,75.55
HIST_004128,AST_000026,TRD,CORRECTIVE_MAINTENANCE,79.3,56.1,25.7,2,10,45,43,0,FALSE,TRUE,0.111,False,LOW,46.7
HIST_004129,AST_000043,ENGINEERING,INSPECTION,70.1,93.2,44.1,0,1,180,173,0,FALSE,FALSE,0.086,False,HIGH,64.4
HIST_004130,AST_000010,ENGINEERING,REPAIR,83.3,43.8,52.7,4,8,240,193,0,FALSE,TRUE,0.425,False,LOW,50.23
HIST_004131,AST_000027,S&T,REPLACEMENT,50.8,50.5,56.4,5,1,150,161,7,TRUE,TRUE,0.745,True,HIGH,60.39
HIST_004132,AST_000044,TRD,REPAIR,56.3,92.5,52.2,4,3,300,262,0,FALSE,TRUE,0.252,False,MEDIUM,57.95
HIST_004133,AST_000011,TRD,REPLACEMENT,69.6,0.0,72.1,1,8,75,61,0,FALSE,TRUE,0.774,False,LOW,39.05
HIST_004134,AST_000028,ENGINEERING,TESTING,49.5,10.1,31.0,3,8,120,139,11,TRUE,TRUE,0.204,False,HIGH,34.83
HIST_004135,AST_000045,S&T,PREVENTIVE_MAINTENANCE,42.3,100.0,27.0,3,1,90,73,0,FALSE,TRUE,0.23,False,HIGH,54.34
HIST_004136,AST_000012,S&T,CORRECTIVE_MAINTENANCE,62.0,100.0,43.5,2,12,150,139,0,FALSE,TRUE,0.352,False,LOW,56.05
HIST_004137,AST_000029,TRD,INSPECTION,88.2,19.2,26.8,1,12,90,99,5,TRUE,TRUE,0.427,False,LOW,40.37
HIST_004138,AST_000046,ENGINEERING,REPAIR,52.0,0.0,50.4,1,1,120,103,0,FALSE,TRUE,0.969,True,CRITICAL,50.68
HIST_004139,AST_000013,ENGINEERING,REPLACEMENT,54.3,100.0,53.2,4,5,30,32,1,TRUE,TRUE,0.428,False,MEDIUM,59.43
HIST_004140,AST_000030,S&T,TESTING,88.6,100.0,24.9,4,7,60,60,0,FALSE,TRUE,0.181,False,CRITICAL,71.56
HIST_004141,AST_000047,TRD,PREVENTIVE_MAINTENANCE,84.5,13.9,14.9,1,8,30,36,4,TRUE,TRUE,0.937,False,MEDIUM,39.3
HIST_004142,AST_000014,TRD,CORRECTIVE_MAINTENANCE,44.4,50.2,65.8,1,3,60,65,3,TRUE,TRUE,0.592,False,CRITICAL,54.03
HIST_004143,AST_000031,ENGINEERING,INSPECTION,40.4,97.2,54.1,3,7,60,48,0,FALSE,TRUE,0.355,False,HIGH,58.49
HIST_004144,AST_000048,S&T,REPAIR,56.3,0.0,37.4,5,9,180,186,4,TRUE,TRUE,0.845,False,LOW,28.12
HIST_004145,AST_000015,S&T,REPLACEMENT,53.9,100.0,72.1,4,4,30,25,0,FALSE,TRUE,0.031,True,LOW,69.34
HIST_004146,AST_000032,TRD,TESTING,72.1,0.0,50.4,3,2,90,94,2,TRUE,TRUE,0.055,False,HIGH,42.96
HIST_004147,AST_000049,ENGINEERING,PREVENTIVE_MAINTENANCE,67.6,100.0,59.3,4,7,75,92,10,TRUE,TRUE,0.488,False,MEDIUM,64.64
HIST_004148,AST_000016,ENGINEERING,CORRECTIVE_MAINTENANCE,55.3,72.7,46.2,1,8,90,86,0,FALSE,TRUE,0.077,False,MEDIUM,51.51
HIST_004149,AST_000033,S&T,INSPECTION,80.7,51.2,25.4,0,7,60,74,8,TRUE,FALSE,0.675,False,MEDIUM,49.59
HIST_004150,AST_000050,TRD,REPAIR,88.2,100.0,39.7,4,12,150,167,10,TRUE,TRUE,0.845,False,MEDIUM,66.9
HIST_004151,AST_000017,TRD,REPLACEMENT,66.6,20.3,40.2,5,5,180,198,11,TRUE,TRUE,0.334,False,MEDIUM,40.59
HIST_004152,AST_000034,ENGINEERING,TESTING,82.4,53.7,20.5,3,5,240,269,17,TRUE,TRUE,0.902,True,LOW,56.0
HIST_004153,AST_000001,ENGINEERING,PREVENTIVE_MAINTENANCE,50.3,59.5,27.4,5,3,240,250,6,TRUE,TRUE,0.506,False,MEDIUM,42.94
HIST_004154,AST_000018,S&T,CORRECTIVE_MAINTENANCE,94.2,19.6,21.5,1,7,90,82,0,FALSE,TRUE,0.47,False,LOW,41.21
HIST_004155,AST_000035,TRD,INSPECTION,84.2,32.3,31.3,4,5,240,265,15,TRUE,TRUE,0.113,False,LOW,43.34
HIST_004156,AST_000002,TRD,REPAIR,63.8,24.3,32.5,4,2,90,75,0,FALSE,TRUE,0.9,False,MEDIUM,39.21
HIST_004157,AST_000019,ENGINEERING,REPLACEMENT,79.6,8.5,20.1,0,12,240,271,19,TRUE,FALSE,0.789,False,MEDIUM,37.52
HIST_004158,AST_000036,S&T,REPAIR,78.2,100.0,53.3,3,5,180,192,7,TRUE,TRUE,0.778,False,LOW,62.87
HIST_004159,AST_000003,S&T,REPLACEMENT,55.7,0.0,55.5,4,8,120,105,0,FALSE,TRUE,0.254,True,LOW,41.56
HIST_004160,AST_000020,TRD,TESTING,63.2,0.0,25.6,5,1,90,86,0,FALSE,TRUE,0.087,False,LOW,27.83
HIST_004161,AST_000037,ENGINEERING,PREVENTIVE_MAINTENANCE,81.9,78.5,35.6,0,11,120,129,5,TRUE,FALSE,0.686,False,HIGH,62.56
HIST_004162,AST_000004,ENGINEERING,CORRECTIVE_MAINTENANCE,87.4,100.0,48.2,1,5,75,73,0,FALSE,TRUE,0.06,False,MEDIUM,68.36
HIST_004163,AST_000021,S&T,INSPECTION,42.9,42.6,45.7,0,8,30,35,3,TRUE,FALSE,0.594,False,LOW,36.41
HIST_004164,AST_000038,TRD,REPAIR,95.1,90.1,39.8,5,7,90,94,2,TRUE,TRUE,0.799,False,HIGH,70.26
HIST_004165,AST_000005,TRD,REPLACEMENT,56.6,100.0,21.1,2,3,75,80,3,TRUE,TRUE,0.288,False,MEDIUM,53.7
HIST_004166,AST_000022,ENGINEERING,TESTING,76.5,94.8,55.1,4,12,150,141,0,FALSE,TRUE,0.838,True,MEDIUM,75.17
HIST_004167,AST_000039,S&T,PREVENTIVE_MAINTENANCE,91.8,11.8,42.5,2,2,90,97,4,TRUE,TRUE,0.83,False,CRITICAL,53.99
HIST_004168,AST_000006,S&T,CORRECTIVE_MAINTENANCE,94.3,0.0,24.9,1,12,180,203,14,TRUE,TRUE,0.825,False,LOW,37.02
HIST_004169,AST_000023,TRD,INSPECTION,55.6,58.2,56.0,0,3,180,209,17,TRUE,FALSE,0.351,False,CRITICAL,57.43
HIST_004170,AST_000040,ENGINEERING,REPAIR,49.9,45.9,76.1,2,12,120,144,14,TRUE,TRUE,0.197,False,LOW,45.41
HIST_004171,AST_000007,ENGINEERING,REPLACEMENT,52.8,100.0,40.5,0,1,240,199,0,FALSE,FALSE,0.268,False,MEDIUM,56.44
HIST_004172,AST_000024,S&T,TESTING,66.7,100.0,22.4,4,1,180,171,0,FALSE,TRUE,0.414,False,LOW,53.24
HIST_004173,AST_000041,TRD,PREVENTIVE_MAINTENANCE,89.8,0.0,54.0,3,7,60,58,0,FALSE,TRUE,0.653,True,HIGH,58.99
HIST_004174,AST_000008,TRD,CORRECTIVE_MAINTENANCE,88.0,0.0,64.3,1,11,150,167,10,TRUE,TRUE,0.406,False,LOW,43.01
HIST_004175,AST_000025,ENGINEERING,INSPECTION,94.7,0.0,43.1,5,2,240,228,0,FALSE,TRUE,0.637,False,HIGH,48.28
HIST_004176,AST_000042,S&T,REPAIR,44.5,54.4,41.9,3,10,60,67,4,TRUE,TRUE,0.745,False,HIGH,46.58
HIST_004177,AST_000009,S&T,REPLACEMENT,89.0,32.1,57.4,5,5,30,36,4,TRUE,TRUE,0.629,False,LOW,49.95
HIST_004178,AST_000026,TRD,TESTING,79.3,100.0,18.3,5,6,75,84,5,TRUE,TRUE,0.023,False,MEDIUM,59.95
HIST_004179,AST_000043,ENGINEERING,PREVENTIVE_MAINTENANCE,70.1,87.4,53.1,0,4,60,71,7,TRUE,FALSE,0.915,False,CRITICAL,68.5
HIST_004180,AST_000010,ENGINEERING,CORRECTIVE_MAINTENANCE,83.3,56.6,53.7,1,11,120,102,0,FALSE,TRUE,0.571,True,LOW,63.63
HIST_004181,AST_000027,S&T,INSPECTION,50.8,0.0,50.2,5,9,75,66,0,FALSE,TRUE,0.807,False,LOW,29.03
HIST_004182,AST_000044,TRD,REPAIR,56.3,15.4,54.0,0,5,90,86,0,FALSE,FALSE,0.009,False,LOW,35.29
HIST_004183,AST_000011,TRD,REPLACEMENT,69.6,28.6,65.4,4,3,75,77,1,TRUE,TRUE,0.332,False,LOW,44.86
HIST_004184,AST_000028,ENGINEERING,TESTING,49.5,100.0,24.9,3,8,150,160,6,TRUE,TRUE,0.658,False,LOW,48.58
HIST_004185,AST_000045,S&T,REPLACEMENT,42.3,74.4,19.6,5,2,120,116,0,FALSE,TRUE,0.757,False,LOW,38.96
HIST_004186,AST_000012,S&T,TESTING,62.0,91.4,51.3,2,9,120,112,0,FALSE,TRUE,0.813,False,CRITICAL,66.71
HIST_004187,AST_000029,TRD,PREVENTIVE_MAINTENANCE,88.2,0.0,30.1,3,7,90,74,0,FALSE,TRUE,0.027,True,HIGH,53.73
HIST_004188,AST_000046,ENGINEERING,CORRECTIVE_MAINTENANCE,52.0,36.4,49.6,5,10,45,49,2,TRUE,TRUE,0.661,False,LOW,38.37
HIST_004189,AST_000013,ENGINEERING,INSPECTION,54.3,94.8,61.4,0,10,180,184,2,TRUE,FALSE,0.629,False,CRITICAL,67.27
HIST_004190,AST_000030,S&T,REPAIR,88.6,100.0,27.8,2,2,120,127,4,TRUE,TRUE,0.312,False,MEDIUM,64.64
HIST_004191,AST_000047,TRD,REPLACEMENT,84.5,100.0,25.3,0,8,30,31,1,TRUE,FALSE,0.994,False,HIGH,66.66
HIST_004192,AST_000014,TRD,TESTING,44.4,93.3,73.9,2,4,60,64,2,TRUE,TRUE,0.005,False,LOW,55.17
HIST_004193,AST_000031,ENGINEERING,PREVENTIVE_MAINTENANCE,40.4,73.8,55.7,3,1,90,97,4,TRUE,TRUE,0.858,False,HIGH,52.96
HIST_004194,AST_000048,S&T,CORRECTIVE_MAINTENANCE,56.3,100.0,31.7,1,9,180,179,0,FALSE,TRUE,0.933,True,CRITICAL,73.23
HIST_004195,AST_000015,S&T,INSPECTION,53.9,100.0,75.2,5,12,240,259,11,TRUE,TRUE,0.555,False,HIGH,67.46
HIST_004196,AST_000032,TRD,REPAIR,72.1,15.3,59.4,2,11,90,76,0,FALSE,TRUE,0.361,False,HIGH,48.59
HIST_004197,AST_000049,ENGINEERING,REPLACEMENT,67.6,46.4,54.6,1,11,30,34,2,TRUE,TRUE,0.477,False,MEDIUM,50.3
HIST_004198,AST_000016,ENGINEERING,TESTING,55.3,65.7,56.1,1,7,180,197,10,TRUE,TRUE,0.35,False,LOW,47.98
HIST_004199,AST_000033,S&T,PREVENTIVE_MAINTENANCE,80.7,0.0,15.5,4,3,240,282,25,TRUE,TRUE,0.776,False,CRITICAL,42.31
HIST_004200,AST_000050,TRD,CORRECTIVE_MAINTENANCE,88.2,0.0,34.1,0,5,60,65,3,TRUE,FALSE,0.014,False,MEDIUM,40.78
HIST_004201,AST_000017,TRD,INSPECTION,66.6,100.0,44.8,4,6,30,29,0,FALSE,TRUE,0.261,True,CRITICAL,78.94
HIST_004202,AST_000034,ENGINEERING,REPAIR,82.4,26.5,29.4,0,10,60,73,8,TRUE,FALSE,0.692,False,MEDIUM,44.73
HIST_004203,AST_000001,ENGINEERING,REPLACEMENT,50.3,89.6,27.7,5,3,90,107,10,TRUE,TRUE,0.528,False,CRITICAL,58.03
HIST_004204,AST_000018,S&T,TESTING,94.2,32.7,23.6,2,1,90,94,2,TRUE,TRUE,0.554,False,LOW,44.91
HIST_004205,AST_000035,TRD,PREVENTIVE_MAINTENANCE,84.2,25.8,31.4,3,9,90,91,1,TRUE,TRUE,0.564,False,HIGH,49.24
HIST_004206,AST_000002,TRD,CORRECTIVE_MAINTENANCE,63.8,11.3,32.8,0,12,60,68,5,TRUE,FALSE,0.09,False,MEDIUM,36.02
HIST_004207,AST_000019,ENGINEERING,INSPECTION,79.6,73.4,28.4,4,6,150,176,16,TRUE,TRUE,0.658,False,LOW,51.66
HIST_004208,AST_000036,S&T,REPAIR,78.2,7.9,57.3,5,9,150,129,0,FALSE,TRUE,0.122,True,MEDIUM,54.4
HIST_004209,AST_000003,S&T,REPLACEMENT,55.7,71.6,63.8,0,12,30,30,0,FALSE,FALSE,0.998,False,HIGH,58.62
HIST_004210,AST_000020,TRD,TESTING,63.2,98.5,28.1,0,2,45,44,0,FALSE,FALSE,0.503,False,MEDIUM,56.7
HIST_004211,AST_000037,ENGINEERING,REPLACEMENT,81.9,97.4,34.5,4,7,300,245,0,FALSE,TRUE,0.605,False,CRITICAL,70.82
HIST_004212,AST_000004,ENGINEERING,TESTING,87.4,100.0,55.9,3,7,240,265,15,TRUE,TRUE,0.34,False,LOW,66.15
HIST_004213,AST_000021,S&T,PREVENTIVE_MAINTENANCE,42.9,100.0,38.5,0,1,45,41,0,FALSE,FALSE,0.749,False,HIGH,56.82
HIST_004214,AST_000038,TRD,CORRECTIVE_MAINTENANCE,95.1,100.0,36.6,2,3,120,103,0,FALSE,TRUE,0.203,False,LOW,64.6
HIST_004215,AST_000005,TRD,INSPECTION,56.6,68.2,18.9,4,8,45,44,0,FALSE,TRUE,0.082,True,LOW,51.56
HIST_004216,AST_000022,ENGINEERING,REPAIR,76.5,0.0,60.1,4,11,120,103,0,FALSE,TRUE,0.499,False,MEDIUM,42.47
HIST_004217,AST_000039,S&T,REPLACEMENT,91.8,97.1,34.1,4,5,90,74,0,FALSE,TRUE,0.422,False,MEDIUM,66.13
HIST_004218,AST_000006,S&T,TESTING,94.3,27.7,21.4,1,10,90,73,0,FALSE,TRUE,0.38,False,MEDIUM,46.99
HIST_004219,AST_000023,TRD,PREVENTIVE_MAINTENANCE,55.6,55.0,50.0,0,11,90,82,0,FALSE,FALSE,0.594,False,CRITICAL,55.43
HIST_004220,AST_000040,ENGINEERING,CORRECTIVE_MAINTENANCE,49.9,81.6,81.5,4,2,75,67,0,FALSE,TRUE,0.916,False,CRITICAL,66.67
HIST_004221,AST_000007,ENGINEERING,INSPECTION,52.8,0.0,45.9,2,2,75,76,1,TRUE,TRUE,0.466,False,HIGH,36.27
HIST_004222,AST_000024,S&T,REPAIR,66.7,34.4,23.8,3,3,45,41,0,FALSE,TRUE,0.839,True,HIGH,54.62
HIST_004223,AST_000041,TRD,REPLACEMENT,89.8,100.0,43.6,5,11,180,178,0,FALSE,TRUE,0.083,False,CRITICAL,75.66
HIST_004224,AST_000008,TRD,TESTING,88.0,62.5,64.0,2,7,120,120,0,FALSE,TRUE,0.786,False,MEDIUM,62.33
HIST_004225,AST_000025,ENGINEERING,PREVENTIVE_MAINTENANCE,94.7,26.1,32.3,3,3,120,119,0,FALSE,TRUE,0.957,False,MEDIUM,48.9
HIST_004226,AST_000042,S&T,CORRECTIVE_MAINTENANCE,44.5,100.0,51.3,0,8,120,106,0,FALSE,FALSE,0.197,False,LOW,52.36
HIST_004227,AST_000009,S&T,INSPECTION,89.0,0.0,63.5,2,2,75,72,0,FALSE,TRUE,0.704,False,CRITICAL,54.4
HIST_004228,AST_000026,TRD,REPAIR,79.3,100.0,21.5,0,7,120,104,0,FALSE,FALSE,0.672,False,LOW,56.84
HIST_004229,AST_000043,ENGINEERING,REPLACEMENT,70.1,0.0,46.6,1,6,120,145,15,TRUE,TRUE,0.047,True,MEDIUM,47.85
HIST_004230,AST_000010,ENGINEERING,TESTING,83.3,100.0,49.0,2,5,75,87,7,TRUE,TRUE,0.711,False,LOW,63.54
HIST_004231,AST_000027,S&T,PREVENTIVE_MAINTENANCE,50.8,100.0,56.0,2,8,240,207,0,FALSE,TRUE,0.798,False,LOW,55.19
HIST_004232,AST_000044,TRD,CORRECTIVE_MAINTENANCE,56.3,57.9,50.0,5,6,90,79,0,FALSE,TRUE,0.579,False,LOW,45.11
HIST_004233,AST_000011,TRD,INSPECTION,69.6,100.0,64.2,4,7,120,123,2,TRUE,TRUE,0.009,False,HIGH,69.97
HIST_004234,AST_000028,ENGINEERING,REPAIR,49.5,38.0,24.9,4,1,180,187,4,TRUE,TRUE,0.405,False,LOW,33.08
HIST_004235,AST_000045,S&T,REPLACEMENT,42.3,62.8,24.0,3,11,90,82,0,FALSE,TRUE,0.788,False,HIGH,44.44
HIST_004236,AST_000012,S&T,TESTING,62.0,0.0,44.2,1,7,90,102,7,TRUE,TRUE,0.085,True,HIGH,48.69
HIST_004237,AST_000029,TRD,REPLACEMENT,88.2,23.0,23.4,5,5,60,64,2,TRUE,TRUE,0.491,False,HIGH,48.14
HIST_004238,AST_000046,ENGINEERING,TESTING,52.0,100.0,55.7,0,2,60,69,5,TRUE,FALSE,0.316,False,CRITICAL,66.74
HIST_004239,AST_000013,ENGINEERING,PREVENTIVE_MAINTENANCE,54.3,92.8,50.4,4,11,120,102,0,FALSE,TRUE,0.824,False,CRITICAL,64.57
HIST_004240,AST_000030,S&T,CORRECTIVE_MAINTENANCE,88.6,0.0,18.6,5,6,30,27,0,FALSE,TRUE,0.333,False,LOW,34.05
HIST_004241,AST_000047,TRD,INSPECTION,84.5,99.2,18.0,4,9,60,57,0,FALSE,TRUE,0.105,False,LOW,57.5
HIST_004242,AST_000014,TRD,REPAIR,44.4,0.0,65.1,4,2,90,110,12,TRUE,TRUE,0.472,False,CRITICAL,41.34
HIST_004243,AST_000031,ENGINEERING,REPLACEMENT,40.4,0.0,59.2,2,1,240,219,0,FALSE,TRUE,0.249,True,MEDIUM,41.46
HIST_004244,AST_000048,S&T,TESTING,56.3,84.8,30.3,1,8,30,27,0,FALSE,TRUE,0.219,False,CRITICAL,59.15
HIST_004245,AST_000015,S&T,PREVENTIVE_MAINTENANCE,53.9,18.4,76.8,4,1,30,36,4,TRUE,TRUE,0.906,False,LOW,39.88
HIST_004246,AST_000032,TRD,CORRECTIVE_MAINTENANCE,72.1,17.0,54.3,4,5,120,108,0,FALSE,TRUE,0.184,False,MEDIUM,44.24
HIST_004247,AST_000049,ENGINEERING,INSPECTION,67.6,80.7,58.7,2,9,75,64,0,FALSE,TRUE,0.058,False,HIGH,63.45
HIST_004248,AST_000016,ENGINEERING,REPAIR,55.3,61.1,47.6,3,6,240,227,0,FALSE,TRUE,0.618,False,MEDIUM,48.89
HIST_004249,AST_000033,S&T,REPLACEMENT,80.7,0.0,18.0,3,9,75,86,7,TRUE,TRUE,0.584,False,MEDIUM,35.31
HIST_004250,AST_000050,TRD,TESTING,88.2,9.1,32.7,4,8,75,83,5,TRUE,TRUE,0.769,True,CRITICAL,60.27
HIST_004251,AST_000017,TRD,PREVENTIVE_MAINTENANCE,66.6,14.4,37.6,1,3,90,105,9,TRUE,TRUE,0.01,False,CRITICAL,46.1
HIST_004252,AST_000034,ENGINEERING,CORRECTIVE_MAINTENANCE,82.4,22.2,21.4,3,10,90,83,0,FALSE,TRUE,0.956,False,HIGH,45.8
HIST_004253,AST_000001,ENGINEERING,INSPECTION,50.3,31.2,32.9,3,1,120,114,0,FALSE,TRUE,0.306,False,HIGH,40.72
HIST_004254,AST_000018,S&T,REPAIR,94.2,0.0,27.9,2,8,60,66,4,TRUE,TRUE,0.08,False,HIGH,45.09
HIST_004255,AST_000035,TRD,REPLACEMENT,84.2,74.8,26.3,5,5,240,222,0,FALSE,TRUE,0.098,False,CRITICAL,64.22
HIST_004256,AST_000002,TRD,TESTING,63.8,0.0,36.7,3,8,150,139,0,FALSE,TRUE,0.749,False,HIGH,37.73
HIST_004257,AST_000019,ENGINEERING,PREVENTIVE_MAINTENANCE,79.6,0.0,20.5,1,10,30,32,1,TRUE,TRUE,0.015,True,CRITICAL,52.98
HIST_004258,AST_000036,S&T,CORRECTIVE_MAINTENANCE,78.2,67.0,45.1,1,10,60,67,4,TRUE,TRUE,0.963,False,MEDIUM,56.73
HIST_004259,AST_000003,S&T,INSPECTION,55.7,64.4,52.7,5,12,60,69,5,TRUE,TRUE,0.838,False,LOW,47.1
HIST_004260,AST_000020,TRD,REPAIR,63.2,0.0,26.4,1,8,90,90,0,FALSE,TRUE,0.651,False,MEDIUM,31.74
HIST_004261,AST_000037,ENGINEERING,REPLACEMENT,81.9,51.8,30.3,5,10,240,288,29,TRUE,TRUE,0.063,False,MEDIUM,51.08
HIST_004262,AST_000004,ENGINEERING,TESTING,87.4,100.0,44.5,0,2,90,75,0,FALSE,FALSE,0.756,False,CRITICAL,75.12
HIST_004263,AST_000021,S&T,PREVENTIVE_MAINTENANCE,42.9,59.6,44.6,2,12,90,92,1,TRUE,TRUE,0.085,False,MEDIUM,44.19
HIST_004264,AST_000038,TRD,TESTING,95.1,75.3,46.7,5,10,90,79,0,FALSE,TRUE,0.404,True,CRITICAL,81.69
HIST_004265,AST_000005,TRD,PREVENTIVE_MAINTENANCE,56.6,100.0,19.9,2,4,120,149,17,TRUE,TRUE,0.068,False,HIGH,57.21
HIST_004266,AST_000022,ENGINEERING,CORRECTIVE_MAINTENANCE,76.5,69.3,51.7,2,7,150,121,0,FALSE,TRUE,0.477,False,CRITICAL,65.62
HIST_004267,AST_000039,S&T,INSPECTION,91.8,26.2,36.3,3,5,90,90,0,FALSE,TRUE,0.789,False,HIGH,52.6
HIST_004268,AST_000006,S&T,REPAIR,94.3,59.8,25.7,3,12,60,52,0,FALSE,TRUE,0.758,False,MEDIUM,55.88
HIST_004269,AST_000023,TRD,REPLACEMENT,55.6,87.2,61.1,5,11,45,40,0,FALSE,TRUE,0.737,False,CRITICAL,65.7
HIST_004270,AST_000040,ENGINEERING,TESTING,49.9,95.4,74.7,1,5,180,163,0,FALSE,TRUE,0.6,False,MEDIUM,61.26
HIST_004271,AST_000007,ENGINEERING,PREVENTIVE_MAINTENANCE,52.8,50.4,44.2,4,4,150,125,0,FALSE,TRUE,0.468,True,MEDIUM,54.78
HIST_004272,AST_000024,S&T,CORRECTIVE_MAINTENANCE,66.7,58.3,21.3,2,3,120,109,0,FALSE,TRUE,0.857,False,HIGH,50.09
HIST_004273,AST_000041,TRD,INSPECTION,89.8,94.1,52.4,2,5,90,86,0,FALSE,TRUE,0.139,False,MEDIUM,68.44
HIST_004274,AST_000008,TRD,REPAIR,88.0,88.9,68.3,5,5,150,144,0,FALSE,TRUE,0.794,False,HIGH,73.53
HIST_004275,AST_000025,ENGINEERING,REPLACEMENT,94.7,37.3,39.9,0,12,180,219,23,TRUE,FALSE,0.675,False,MEDIUM,53.22
HIST_004276,AST_000042,S&T,TESTING,44.5,100.0,48.6,2,2,90,93,2,TRUE,TRUE,0.874,False,MEDIUM,55.57
HIST_004277,AST_000009,S&T,PREVENTIVE_MAINTENANCE,89.0,0.0,57.2,3,10,120,128,5,TRUE,TRUE,0.69,False,LOW,41.89
HIST_004278,AST_000026,TRD,CORRECTIVE_MAINTENANCE,79.3,80.9,28.4,1,5,90,74,0,FALSE,TRUE,0.802,True,HIGH,70.94
HIST_004279,AST_000043,ENGINEERING,INSPECTION,70.1,93.6,43.2,2,3,30,36,4,TRUE,TRUE,0.593,False,MEDIUM,60.57
HIST_004280,AST_000010,ENGINEERING,REPAIR,83.3,91.6,45.8,4,3,120,133,8,TRUE,TRUE,0.755,False,MEDIUM,64.55
HIST_004281,AST_000027,S&T,REPLACEMENT,50.8,24.1,60.9,3,4,240,208,0,FALSE,TRUE,0.9,False,CRITICAL,48.45
HIST_004282,AST_000044,TRD,TESTING,56.3,79.6,46.1,0,3,75,63,0,FALSE,FALSE,0.045,False,MEDIUM,53.51
HIST_004283,AST_000011,TRD,PREVENTIVE_MAINTENANCE,69.6,54.1,74.0,4,7,150,139,0,FALSE,TRUE,0.592,False,LOW,52.95
HIST_004284,AST_000028,ENGINEERING,CORRECTIVE_MAINTENANCE,49.5,65.8,21.9,5,5,75,82,4,TRUE,TRUE,0.452,False,CRITICAL,50.68
HIST_004285,AST_000045,S&T,INSPECTION,42.3,96.3,25.4,5,1,240,247,4,TRUE,TRUE,0.471,True,LOW,55.59
HIST_004286,AST_000012,S&T,REPAIR,62.0,0.0,47.3,2,8,180,185,3,TRUE,TRUE,0.864,False,CRITICAL,43.06
HIST_004287,AST_000029,TRD,REPLACEMENT,88.2,100.0,17.3,1,6,60,66,4,TRUE,TRUE,0.449,False,MEDIUM,62.42
HIST_004288,AST_000046,ENGINEERING,TESTING,52.0,25.5,50.0,2,12,30,27,0,FALSE,TRUE,0.946,False,MEDIUM,39.48
HIST_004289,AST_000013,ENGINEERING,PREVENTIVE_MAINTENANCE,54.3,0.0,62.4,2,7,120,142,13,TRUE,TRUE,0.824,False,CRITICAL,43.77
HIST_004290,AST_000030,S&T,TESTING,88.6,94.9,27.9,5,6,300,271,0,FALSE,TRUE,0.652,False,HIGH,67.13
HIST_004291,AST_000047,TRD,PREVENTIVE_MAINTENANCE,84.5,0.0,15.9,0,4,150,162,7,TRUE,FALSE,0.809,False,MEDIUM,36.03
HIST_004292,AST_000014,TRD,CORRECTIVE_MAINTENANCE,44.4,100.0,74.4,3,4,180,223,26,TRUE,TRUE,0.251,True,LOW,66.95
HIST_004293,AST_000031,ENGINEERING,INSPECTION,40.4,9.9,58.1,1,2,75,72,0,FALSE,TRUE,0.578,False,CRITICAL,41.22
HIST_004294,AST_000048,S&T,REPAIR,56.3,0.0,34.5,1,12,45,40,0,FALSE,TRUE,0.949,False,LOW,27.54
HIST_004295,AST_000015,S&T,REPLACEMENT,53.9,15.2,71.0,5,10,150,154,2,TRUE,TRUE,0.154,False,MEDIUM,41.67
HIST_004296,AST_000032,TRD,TESTING,72.1,54.8,55.7,3,3,60,62,1,TRUE,TRUE,0.632,False,HIGH,57.72
HIST_004297,AST_000049,ENGINEERING,PREVENTIVE_MAINTENANCE,67.6,68.9,59.7,3,3,45,48,2,TRUE,TRUE,0.044,False,MEDIUM,56.94
HIST_004298,AST_000016,ENGINEERING,CORRECTIVE_MAINTENANCE,55.3,100.0,54.2,5,9,120,146,16,TRUE,TRUE,0.6,False,HIGH,63.68
HIST_004299,AST_000033,S&T,INSPECTION,80.7,100.0,27.9,2,12,90,101,7,TRUE,TRUE,0.597,True,HIGH,76.04
HIST_004300,AST_000050,TRD,REPAIR,88.2,100.0,35.1,0,12,75,88,8,TRUE,FALSE,0.117,False,MEDIUM,65.98
HIST_004301,AST_000017,TRD,REPLACEMENT,66.6,0.0,38.2,4,3,240,288,29,TRUE,TRUE,0.064,False,CRITICAL,42.62
HIST_004302,AST_000034,ENGINEERING,TESTING,82.4,31.1,24.6,1,2,60,65,3,TRUE,TRUE,0.894,False,MEDIUM,44.92
HIST_004303,AST_000001,ENGINEERING,PREVENTIVE_MAINTENANCE,50.3,100.0,27.6,4,4,60,55,0,FALSE,TRUE,0.579,False,HIGH,56.86
HIST_004304,AST_000018,S&T,CORRECTIVE_MAINTENANCE,94.2,100.0,32.2,1,1,30,29,0,FALSE,TRUE,0.927,False,LOW,63.45
HIST_004305,AST_000035,TRD,INSPECTION,84.2,100.0,22.2,2,8,150,154,2,TRUE,TRUE,0.234,False,HIGH,65.95
HIST_004306,AST_000002,TRD,REPAIR,63.8,100.0,34.8,1,2,30,26,0,FALSE,TRUE,0.977,True,HIGH,72.35
HIST_004307,AST_000019,ENGINEERING,REPLACEMENT,79.6,100.0,18.1,0,5,150,159,5,TRUE,FALSE,0.705,False,HIGH,63.75
HIST_004308,AST_000036,S&T,TESTING,78.2,94.2,48.5,0,1,30,37,4,TRUE,FALSE,0.923,False,HIGH,67.96
HIST_004309,AST_000003,S&T,PREVENTIVE_MAINTENANCE,55.7,17.4,61.0,3,10,60,72,7,TRUE,TRUE,0.219,False,MEDIUM,40.76
HIST_004310,AST_000020,TRD,CORRECTIVE_MAINTENANCE,63.2,57.5,30.5,4,9,240,208,0,FALSE,TRUE,0.7,False,MEDIUM,46.94
HIST_004311,AST_000037,ENGINEERING,INSPECTION,81.9,1.7,31.3,4,12,240,233,0,FALSE,TRUE,0.726,False,MEDIUM,38.76
HIST_004312,AST_000004,ENGINEERING,REPAIR,87.4,79.0,48.7,4,6,75,93,11,TRUE,TRUE,0.346,False,LOW,59.46
HIST_004313,AST_000021,S&T,REPLACEMENT,42.9,45.5,44.3,3,5,240,193,0,FALSE,TRUE,0.799,True,MEDIUM,50.6
HIST_004314,AST_000038,TRD,TESTING,95.1,100.0,40.5,0,11,60,48,0,FALSE,FALSE,0.076,False,LOW,65.38
HIST_004315,AST_000005,TRD,PREVENTIVE_MAINTENANCE,56.6,100.0,19.0,0,2,120,114,0,FALSE,FALSE,0.916,False,HIGH,57.03
HIST_004316,AST_000022,ENGINEERING,TESTING,76.5,9.3,56.3,5,8,180,149,0,FALSE,TRUE,0.203,False,CRITICAL,51.53
HIST_004317,AST_000039,S&T,PREVENTIVE_MAINTENANCE,91.8,48.5,36.2,4,8,90,95,3,TRUE,TRUE,0.891,False,CRITICAL,61.91
HIST_004318,AST_000006,S&T,CORRECTIVE_MAINTENANCE,94.3,6.9,16.0,2,3,150,161,7,TRUE,TRUE,0.907,False,LOW,36.97
HIST_004319,AST_000023,TRD,INSPECTION,55.6,18.6,62.0,0,6,60,58,0,FALSE,FALSE,0.448,False,LOW,37.48
HIST_004320,AST_000040,ENGINEERING,REPAIR,49.9,25.4,70.3,5,10,90,98,5,TRUE,TRUE,0.002,True,MEDIUM,52.88
HIST_004321,AST_000007,ENGINEERING,REPLACEMENT,52.8,100.0,35.2,5,1,180,156,0,FALSE,TRUE,0.604,False,LOW,51.63
HIST_004322,AST_000024,S&T,TESTING,66.7,48.1,23.6,5,11,150,166,10,TRUE,TRUE,0.232,False,HIGH,48.01
HIST_004323,AST_000041,TRD,PREVENTIVE_MAINTENANCE,89.8,0.7,53.9,4,3,45,43,0,FALSE,TRUE,0.592,False,HIGH,49.14
HIST_004324,AST_000008,TRD,CORRECTIVE_MAINTENANCE,88.0,100.0,61.0,4,9,60,66,4,TRUE,TRUE,0.504,False,CRITICAL,78.6
HIST_004325,AST_000025,ENGINEERING,INSPECTION,94.7,100.0,40.4,4,1,180,150,0,FALSE,TRUE,0.35,False,LOW,65.24
HIST_004326,AST_000042,S&T,REPAIR,44.5,100.0,49.8,0,8,180,213,20,TRUE,FALSE,0.955,False,LOW,52.06
HIST_004327,AST_000009,S&T,REPLACEMENT,89.0,0.0,56.3,3,4,240,246,4,TRUE,TRUE,0.894,True,HIGH,59.21
HIST_004328,AST_000026,TRD,TESTING,79.3,59.5,27.8,3,2,60,58,0,FALSE,TRUE,0.678,False,HIGH,55.48
HIST_004329,AST_000043,ENGINEERING,PREVENTIVE_MAINTENANCE,70.1,32.6,45.2,3,6,90,87,0,FALSE,TRUE,0.736,False,HIGH,49.47
HIST_004330,AST_000010,ENGINEERING,CORRECTIVE_MAINTENANCE,83.3,40.9,46.2,5,11,75,77,1,TRUE,TRUE,0.299,False,HIGH,55.7
HIST_004331,AST_000027,S&T,INSPECTION,50.8,47.6,60.3,5,11,240,297,34,TRUE,TRUE,0.074,False,CRITICAL,54.2
HIST_004332,AST_000044,TRD,REPAIR,56.3,5.7,47.8,2,6,75,65,0,FALSE,TRUE,0.068,False,CRITICAL,42.88
HIST_004333,AST_000011,TRD,REPLACEMENT,69.6,100.0,64.9,2,9,90,105,9,TRUE,TRUE,0.759,False,HIGH,70.11
HIST_004334,AST_000028,ENGINEERING,TESTING,49.5,0.0,27.7,1,12,30,30,0,FALSE,TRUE,0.376,True,MEDIUM,37.89
HIST_004335,AST_000045,S&T,PREVENTIVE_MAINTENANCE,42.3,43.1,29.7,4,10,75,69,0,FALSE,TRUE,0.257,False,HIGH,40.66
HIST_004336,AST_000012,S&T,CORRECTIVE_MAINTENANCE,62.0,73.4,46.4,5,12,90,88,0,FALSE,TRUE,0.383,False,LOW,49.98
HIST_004337,AST_000029,TRD,INSPECTION,88.2,100.0,18.3,5,5,150,179,17,TRUE,TRUE,0.456,False,HIGH,66.37
HIST_004338,AST_000046,ENGINEERING,REPAIR,52.0,73.2,59.7,3,3,75,74,0,FALSE,TRUE,0.433,False,HIGH,57.09
HIST_004339,AST_000013,ENGINEERING,REPLACEMENT,54.3,81.8,53.8,2,6,120,111,0,FALSE,TRUE,0.755,False,HIGH,58.75
HIST_004340,AST_000030,S&T,TESTING,88.6,73.2,20.0,0,2,180,203,14,TRUE,FALSE,0.455,False,HIGH,60.13
HIST_004341,AST_000047,TRD,PREVENTIVE_MAINTENANCE,84.5,100.0,24.4,1,5,90,85,0,FALSE,TRUE,0.305,True,LOW,68.98
HIST_004342,AST_000014,TRD,CORRECTIVE_MAINTENANCE,44.4,10.9,73.5,1,3,30,30,0,FALSE,TRUE,0.844,False,CRITICAL,45.74
HIST_004343,AST_000031,ENGINEERING,PREVENTIVE_MAINTENANCE,40.4,59.8,53.7,5,10,150,187,22,TRUE,TRUE,0.189,False,CRITICAL,52.81
HIST_004344,AST_000048,S&T,CORRECTIVE_MAINTENANCE,56.3,74.6,37.2,0,8,120,126,4,TRUE,FALSE,0.076,False,LOW,46.73
HIST_004345,AST_000015,S&T,INSPECTION,53.9,99.7,69.6,3,12,180,188,5,TRUE,TRUE,0.601,False,MEDIUM,62.52
HIST_004346,AST_000032,TRD,REPAIR,72.1,69.8,54.9,2,3,60,69,5,TRUE,TRUE,0.639,False,MEDIUM,57.56
HIST_004347,AST_000049,ENGINEERING,REPLACEMENT,67.6,100.0,55.3,2,12,120,139,11,TRUE,TRUE,0.721,False,HIGH,67.59
HIST_004348,AST_000016,ENGINEERING,TESTING,55.3,100.0,48.3,5,8,150,174,14,TRUE,TRUE,0.908,True,MEDIUM,68.75
HIST_004349,AST_000033,S&T,PREVENTIVE_MAINTENANCE,80.7,74.9,17.4,5,7,180,212,19,TRUE,TRUE,0.229,False,HIGH,57.66
HIST_004350,AST_000050,TRD,CORRECTIVE_MAINTENANCE,88.2,26.1,35.4,3,11,180,224,26,TRUE,TRUE,0.758,False,LOW,43.81
HIST_004351,AST_000017,TRD,INSPECTION,66.6,7.2,43.4,2,4,90,78,0,FALSE,TRUE,0.064,False,HIGH,41.71
HIST_004352,AST_000034,ENGINEERING,REPAIR,82.4,0.0,18.3,1,10,60,63,2,TRUE,TRUE,0.733,False,HIGH,39.63
HIST_004353,AST_000001,ENGINEERING,REPLACEMENT,50.3,0.0,34.3,1,5,120,114,0,FALSE,TRUE,0.741,False,HIGH,33.2
HIST_004354,AST_000018,S&T,TESTING,94.2,0.0,21.5,2,8,90,75,0,FALSE,TRUE,0.434,False,CRITICAL,47.56
HIST_004355,AST_000035,TRD,PREVENTIVE_MAINTENANCE,84.2,83.3,29.5,5,6,120,110,0,FALSE,TRUE,0.349,True,LOW,65.73
HIST_004356,AST_000002,TRD,CORRECTIVE_MAINTENANCE,63.8,0.0,34.7,5,9,90,103,8,TRUE,TRUE,0.522,False,HIGH,37.33
HIST_004357,AST_000019,ENGINEERING,INSPECTION,79.6,100.0,28.5,4,6,150,132,0,FALSE,TRUE,0.64,False,MEDIUM,62.08
HIST_004358,AST_000036,S&T,REPAIR,78.2,71.1,57.9,1,3,75,93,11,TRUE,TRUE,0.218,False,MEDIUM,60.31
HIST_004359,AST_000003,S&T,REPLACEMENT,55.7,72.3,57.3,4,10,180,180,0,FALSE,TRUE,0.116,False,MEDIUM,53.74
HIST_004360,AST_000020,TRD,TESTING,63.2,26.7,22.6,0,9,120,147,16,TRUE,FALSE,0.047,False,CRITICAL,45.16
HIST_004361,AST_000037,ENGINEERING,PREVENTIVE_MAINTENANCE,81.9,62.2,34.1,5,4,150,154,2,TRUE,TRUE,0.441,False,MEDIUM,54.44
HIST_004362,AST_000004,ENGINEERING,CORRECTIVE_MAINTENANCE,87.4,0.0,50.4,3,8,150,142,0,FALSE,TRUE,0.138,True,LOW,50.05
HIST_004363,AST_000021,S&T,INSPECTION,42.9,100.0,44.5,2,7,240,198,0,FALSE,TRUE,0.207,False,HIGH,58.02
HIST_004364,AST_000038,TRD,REPAIR,95.1,100.0,46.7,2,3,45,39,0,FALSE,TRUE,0.95,False,LOW,66.62
HIST_004365,AST_000005,TRD,REPLACEMENT,56.6,100.0,24.7,4,6,150,154,2,TRUE,TRUE,0.1,False,CRITICAL,61.92
HIST_004366,AST_000022,ENGINEERING,TESTING,76.5,16.0,50.4,2,11,180,155,0,FALSE,TRUE,0.827,False,MEDIUM,44.53
HIST_004367,AST_000039,S&T,PREVENTIVE_MAINTENANCE,91.8,0.0,35.9,2,11,60,67,4,TRUE,TRUE,0.378,False,LOW,38.47
HIST_004368,AST_000006,S&T,CORRECTIVE_MAINTENANCE,94.3,89.2,21.7,5,7,75,92,10,TRUE,TRUE,0.731,False,CRITICAL,69.93
HIST_004369,AST_000023,TRD,PREVENTIVE_MAINTENANCE,55.6,22.4,55.1,1,12,60,64,2,TRUE,TRUE,0.914,True,LOW,47.05
HIST_004370,AST_000040,ENGINEERING,CORRECTIVE_MAINTENANCE,49.9,78.5,75.1,1,2,75,76,1,TRUE,TRUE,0.884,False,LOW,53.36
HIST_004371,AST_000007,ENGINEERING,INSPECTION,52.8,62.5,39.5,1,7,180,216,22,TRUE,TRUE,0.048,False,MEDIUM,46.86
HIST_004372,AST_000024,S&T,REPAIR,66.7,0.0,29.7,0,3,75,68,0,FALSE,FALSE,0.685,False,MEDIUM,33.45
HIST_004373,AST_000041,TRD,REPLACEMENT,89.8,100.0,46.1,2,11,30,30,0,FALSE,TRUE,0.453,False,MEDIUM,68.66
HIST_004374,AST_000008,TRD,TESTING,88.0,81.6,60.9,0,2,30,37,4,TRUE,FALSE,0.742,False,LOW,62.73
HIST_004375,AST_000025,ENGINEERING,PREVENTIVE_MAINTENANCE,94.7,82.2,39.7,4,6,45,53,5,TRUE,TRUE,0.209,False,CRITICAL,71.9
HIST_004376,AST_000042,S&T,CORRECTIVE_MAINTENANCE,44.5,100.0,39.3,5,12,240,245,3,TRUE,TRUE,0.87,True,CRITICAL,71.21
HIST_004377,AST_000009,S&T,INSPECTION,89.0,0.0,61.0,0,3,60,55,0,FALSE,FALSE,0.734,False,MEDIUM,46.4
HIST_004378,AST_000026,TRD,REPAIR,79.3,78.6,20.7,4,11,60,50,0,FALSE,TRUE,0.656,False,LOW,51.33
HIST_004379,AST_000043,ENGINEERING,REPLACEMENT,70.1,70.3,51.0,4,1,60,53,0,FALSE,TRUE,0.202,False,CRITICAL,63.8
HIST_004380,AST_000010,ENGINEERING,TESTING,83.3,96.1,52.4,5,1,180,202,13,TRUE,TRUE,0.217,False,HIGH,70.75
HIST_004381,AST_000027,S&T,PREVENTIVE_MAINTENANCE,50.8,60.9,48.5,5,12,120,149,17,TRUE,TRUE,0.425,False,MEDIUM,47.66
HIST_004382,AST_000044,TRD,CORRECTIVE_MAINTENANCE,56.3,0.0,47.6,1,11,180,210,18,TRUE,TRUE,0.283,False,MEDIUM,33.91
HIST_004383,AST_000011,TRD,INSPECTION,69.6,10.8,71.0,1,8,30,37,4,TRUE,TRUE,0.379,True,HIGH,59.03
HIST_004384,AST_000028,ENGINEERING,REPAIR,49.5,54.2,23.9,1,7,45,48,2,TRUE,TRUE,0.662,False,LOW,36.93
HIST_004385,AST_000045,S&T,REPLACEMENT,42.3,19.2,23.2,5,3,60,58,0,FALSE,TRUE,0.961,False,CRITICAL,37.13
HIST_004386,AST_000012,S&T,TESTING,62.0,0.0,42.1,2,9,150,143,0,FALSE,TRUE,0.981,False,MEDIUM,34.52
HIST_004387,AST_000029,TRD,PREVENTIVE_MAINTENANCE,88.2,0.0,30.3,0,4,120,108,0,FALSE,FALSE,0.502,False,CRITICAL,47.52
HIST_004388,AST_000046,ENGINEERING,CORRECTIVE_MAINTENANCE,52.0,0.0,61.4,1,6,150,141,0,FALSE,TRUE,0.995,False,CRITICAL,42.88
HIST_004389,AST_000013,ENGINEERING,INSPECTION,54.3,88.2,61.5,5,6,30,35,3,TRUE,TRUE,0.997,False,LOW,54.39
HIST_004390,AST_000030,S&T,REPAIR,88.6,100.0,27.4,1,9,60,58,0,FALSE,TRUE,0.018,True,CRITICAL,82.06
HIST_004391,AST_000047,TRD,REPLACEMENT,84.5,0.0,19.8,1,6,30,26,0,FALSE,TRUE,0.807,False,HIGH,40.56
HIST_004392,AST_000014,TRD,TESTING,44.4,71.8,72.4,4,2,90,81,0,FALSE,TRUE,0.117,False,LOW,49.5
HIST_004393,AST_000031,ENGINEERING,PREVENTIVE_MAINTENANCE,40.4,100.0,50.0,4,5,180,200,12,TRUE,TRUE,0.858,False,CRITICAL,62.12
HIST_004394,AST_000048,S&T,CORRECTIVE_MAINTENANCE,56.3,39.3,37.7,1,6,75,87,7,TRUE,TRUE,0.011,False,LOW,38.0
HIST_004395,AST_000015,S&T,PREVENTIVE_MAINTENANCE,53.9,69.1,69.0,5,7,180,170,0,FALSE,TRUE,0.37,False,LOW,50.99
HIST_004396,AST_000032,TRD,CORRECTIVE_MAINTENANCE,72.1,80.0,57.0,0,12,120,137,10,TRUE,FALSE,0.497,False,HIGH,64.28
HIST_004397,AST_000049,ENGINEERING,INSPECTION,67.6,0.0,50.5,4,10,60,62,1,TRUE,TRUE,0.084,True,CRITICAL,55.38
HIST_004398,AST_000016,ENGINEERING,REPAIR,55.3,63.7,43.4,0,5,90,87,0,FALSE,FALSE,0.551,False,MEDIUM,48.7
HIST_004399,AST_000033,S&T,REPLACEMENT,80.7,75.6,24.8,0,7,75,78,2,TRUE,FALSE,0.401,False,MEDIUM,55.57
HIST_004400,AST_000050,TRD,TESTING,88.2,35.6,35.5,1,8,30,28,0,FALSE,TRUE,0.717,False,MEDIUM,49.96
HIST_004401,AST_000017,TRD,PREVENTIVE_MAINTENANCE,66.6,100.0,43.2,2,2,30,32,1,TRUE,TRUE,0.577,False,HIGH,64.87
HIST_004402,AST_000034,ENGINEERING,CORRECTIVE_MAINTENANCE,82.4,0.0,25.1,5,10,150,178,17,TRUE,TRUE,0.132,False,LOW,33.49
HIST_004403,AST_000001,ENGINEERING,INSPECTION,50.3,19.7,27.1,5,8,75,91,10,TRUE,TRUE,0.326,False,MEDIUM,32.94
HIST_004404,AST_000018,S&T,REPAIR,94.2,40.6,26.1,1,1,240,270,18,TRUE,TRUE,0.4,True,HIGH,64.88
HIST_004405,AST_000035,TRD,REPLACEMENT,84.2,100.0,23.3,1,2,60,66,4,TRUE,TRUE,0.323,False,HIGH,66.17
HIST_004406,AST_000002,TRD,TESTING,63.8,100.0,39.9,1,12,60,63,2,TRUE,TRUE,0.644,False,LOW,55.87
HIST_004407,AST_000019,ENGINEERING,PREVENTIVE_MAINTENANCE,79.6,42.0,22.7,3,12,120,109,0,FALSE,TRUE,0.653,False,HIGH,50.17
HIST_004408,AST_000036,S&T,CORRECTIVE_MAINTENANCE,78.2,100.0,44.8,2,7,240,260,12,TRUE,TRUE,0.765,False,MEDIUM,64.92
HIST_004409,AST_000003,S&T,INSPECTION,55.7,0.0,54.3,2,4,30,36,4,TRUE,TRUE,0.413,False,LOW,31.32
HIST_004410,AST_000020,TRD,REPAIR,63.2,77.6,28.3,2,1,90,90,0,FALSE,TRUE,0.242,False,MEDIUM,51.52
HIST_004411,AST_000037,ENGINEERING,REPLACEMENT,81.9,74.4,29.5,3,3,180,182,1,TRUE,TRUE,0.89,True,HIGH,70.32
HIST_004412,AST_000004,ENGINEERING,TESTING,87.4,100.0,43.6,0,6,120,110,0,FALSE,FALSE,0.514,False,LOW,63.69
HIST_004413,AST_000021,S&T,PREVENTIVE_MAINTENANCE,42.9,17.6,48.8,1,11,30,24,0,FALSE,TRUE,0.906,False,LOW,30.78
HIST_004414,AST_000038,TRD,CORRECTIVE_MAINTENANCE,95.1,86.1,40.6,0,6,180,156,0,FALSE,FALSE,0.508,False,LOW,61.92
HIST_004415,AST_000005,TRD,INSPECTION,56.6,82.3,21.0,0,5,60,59,0,FALSE,FALSE,0.738,False,CRITICAL,56.76
HIST_004416,AST_000022,ENGINEERING,REPAIR,76.5,100.0,54.0,0,6,240,204,0,FALSE,FALSE,0.191,False,LOW,62.5
HIST_004417,AST_000039,S&T,REPLACEMENT,91.8,100.0,44.8,2,7,60,74,8,TRUE,TRUE,0.017,False,HIGH,72.75
HIST_004418,AST_000006,S&T,TESTING,94.3,62.3,16.1,1,2,75,79,2,TRUE,TRUE,0.735,True,LOW,60.83
HIST_004419,AST_000023,TRD,PREVENTIVE_MAINTENANCE,55.6,88.7,57.5,2,1,60,64,2,TRUE,TRUE,0.427,False,LOW,54.11
HIST_004420,AST_000040,ENGINEERING,CORRECTIVE_MAINTENANCE,49.9,0.0,81.8,3,5,75,70,0,FALSE,TRUE,0.062,False,HIGH,42.58
HIST_004421,AST_000007,ENGINEERING,INSPECTION,52.8,17.5,37.0,5,1,120,145,15,TRUE,TRUE,0.981,False,LOW,31.36
HIST_004422,AST_000024,S&T,CORRECTIVE_MAINTENANCE,66.7,10.8,27.7,5,2,240,200,0,FALSE,TRUE,0.189,False,MEDIUM,35.75
HIST_004423,AST_000041,TRD,INSPECTION,89.8,100.0,51.7,0,12,90,104,8,TRUE,FALSE,0.691,False,HIGH,73.53
HIST_004424,AST_000008,TRD,REPAIR,88.0,57.6,58.6,1,4,75,62,0,FALSE,TRUE,0.208,False,CRITICAL,67.52
HIST_004425,AST_000025,ENGINEERING,REPLACEMENT,94.7,98.7,40.5,3,4,180,171,0,FALSE,TRUE,0.025,True,LOW,74.94
HIST_004426,AST_000042,S&T,TESTING,44.5,100.0,51.0,2,6,180,198,11,TRUE,TRUE,0.909,False,HIGH,59.8
HIST_004427,AST_000009,S&T,PREVENTIVE_MAINTENANCE,89.0,97.0,52.7,5,3,150,170,12,TRUE,TRUE,0.409,False,MEDIUM,68.99
HIST_004428,AST_000026,TRD,CORRECTIVE_MAINTENANCE,79.3,0.0,22.1,0,11,75,78,2,TRUE,FALSE,0.453,False,MEDIUM,35.71
HIST_004429,AST_000043,ENGINEERING,INSPECTION,70.1,100.0,44.3,4,1,150,124,0,FALSE,TRUE,0.879,False,CRITICAL,69.89
HIST_004430,AST_000010,ENGINEERING,REPAIR,83.3,0.0,53.3,0,10,75,81,4,TRUE,FALSE,0.218,False,MEDIUM,43.15
HIST_004431,AST_000027,S&T,REPLACEMENT,50.8,3.4,52.9,0,3,30,26,0,FALSE,FALSE,0.883,False,LOW,30.42
HIST_004432,AST_000044,TRD,TESTING,56.3,91.6,52.4,2,2,75,67,0,FALSE,TRUE,0.088,True,LOW,64.02
HIST_004433,AST_000011,TRD,PREVENTIVE_MAINTENANCE,69.6,57.1,74.5,1,11,180,192,7,TRUE,TRUE,0.404,False,CRITICAL,65.06
HIST_004434,AST_000028,ENGINEERING,CORRECTIVE_MAINTENANCE,49.5,100.0,23.3,2,9,120,108,0,FALSE,TRUE,0.967,False,MEDIUM,52.01
HIST_004435,AST_000045,S&T,INSPECTION,42.3,100.0,26.5,1,10,180,222,25,TRUE,TRUE,0.279,False,MEDIUM,50.49
HIST_004436,AST_000012,S&T,REPAIR,62.0,34.5,47.7,5,10,120,146,16,TRUE,TRUE,0.682,False,CRITICAL,51.77
HIST_004437,AST_000029,TRD,REPLACEMENT,88.2,100.0,20.6,3,5,30,37,4,TRUE,TRUE,0.616,False,MEDIUM,63.08
HIST_004438,AST_000046,ENGINEERING,TESTING,52.0,0.0,49.0,1,10,240,243,2,TRUE,TRUE,0.694,False,LOW,29.15
HIST_004439,AST_000013,ENGINEERING,PREVENTIVE_MAINTENANCE,54.3,100.0,53.2,1,8,75,76,1,TRUE,TRUE,0.08,True,LOW,65.68
HIST_004440,AST_000030,S&T,CORRECTIVE_MAINTENANCE,88.6,54.3,29.8,3,1,240,245,3,TRUE,TRUE,0.06,False,CRITICAL,61.12
HIST_004441,AST_000047,TRD,INSPECTION,84.5,89.4,26.8,5,5,180,159,0,FALSE,TRUE,0.185,False,HIGH,64.31
HIST_004442,AST_000014,TRD,REPAIR,44.4,1.6,63.6,0,5,60,73,8,TRUE,FALSE,0.477,False,LOW,30.19
HIST_004443,AST_000031,ENGINEERING,REPLACEMENT,40.4,11.6,58.3,3,5,240,272,19,TRUE,TRUE,0.268,False,HIGH,37.93
HIST_004444,AST_000048,S&T,TESTING,56.3,100.0,33.3,2,7,90,74,0,FALSE,TRUE,0.437,False,HIGH,59.8
HIST_004445,AST_000015,S&T,PREVENTIVE_MAINTENANCE,53.9,29.9,68.0,3,10,60,57,0,FALSE,TRUE,0.277,False,HIGH,48.49
HIST_004446,AST_000032,TRD,CORRECTIVE_MAINTENANCE,72.1,0.0,54.6,2,3,240,282,25,TRUE,TRUE,0.867,True,CRITICAL,57.55
HIST_004447,AST_000049,ENGINEERING,INSPECTION,67.6,81.9,53.4,3,7,150,185,21,TRUE,TRUE,0.748,False,CRITICAL,66.44
HIST_004448,AST_000016,ENGINEERING,CORRECTIVE_MAINTENANCE,55.3,100.0,47.3,5,12,61,62,1,TRUE,TRUE,0.907,False,LOW,54.8
HIST_004449,AST_000033,S&T,INSPECTION,80.7,96.8,17.5,1,10,240,219,0,FALSE,TRUE,0.98,False,HIGH,63.16
HIST_004450,AST_000050,TRD,REPAIR,88.2,57.0,30.9,4,2,180,203,14,TRUE,TRUE,0.961,False,MEDIUM,54.39
HIST_004451,AST_000017,TRD,REPLACEMENT,66.6,100.0,44.2,0,7,60,50,0,FALSE,FALSE,0.757,False,HIGH,65.07
HIST_004452,AST_000034,ENGINEERING,TESTING,82.4,99.0,26.0,1,12,75,81,4,TRUE,TRUE,0.331,False,LOW,58.42
HIST_004453,AST_000001,ENGINEERING,PREVENTIVE_MAINTENANCE,50.3,100.0,28.8,1,2,60,60,0,FALSE,TRUE,0.914,True,HIGH,67.1
HIST_004454,AST_000018,S&T,CORRECTIVE_MAINTENANCE,94.2,71.6,28.3,3,5,150,168,11,TRUE,TRUE,0.967,False,MEDIUM,59.32
HIST_004455,AST_000035,TRD,INSPECTION,84.2,100.0,26.0,0,12,75,88,8,TRUE,FALSE,0.172,False,HIGH,66.71
HIST_004456,AST_000002,TRD,REPAIR,63.8,10.9,40.2,2,9,90,86,0,FALSE,TRUE,0.564,False,MEDIUM,37.41
HIST_004457,AST_000019,ENGINEERING,REPLACEMENT,79.6,71.1,21.3,3,7,75,69,0,FALSE,TRUE,0.282,False,LOW,49.66
HIST_004458,AST_000036,S&T,TESTING,78.2,94.5,54.3,3,12,45,40,0,FALSE,TRUE,0.419,False,MEDIUM,65.44
HIST_004459,AST_000003,S&T,PREVENTIVE_MAINTENANCE,55.7,75.5,52.8,4,9,90,77,0,FALSE,TRUE,0.855,False,CRITICAL,61.15
HIST_004460,AST_000020,TRD,CORRECTIVE_MAINTENANCE,63.2,100.0,29.2,2,12,75,72,0,FALSE,TRUE,0.983,True,LOW,63.55
HIST_004461,AST_000037,ENGINEERING,INSPECTION,81.9,54.4,41.5,3,10,75,73,0,FALSE,TRUE,0.658,False,LOW,50.22
HIST_004462,AST_000004,ENGINEERING,REPAIR,87.4,100.0,43.9,5,6,75,76,1,TRUE,TRUE,0.548,False,MEDIUM,67.5
HIST_004463,AST_000021,S&T,REPLACEMENT,42.9,0.0,45.7,4,6,30,35,3,TRUE,TRUE,0.228,False,LOW,25.76
HIST_004464,AST_000038,TRD,TESTING,95.1,100.0,44.3,5,9,45,48,2,TRUE,TRUE,0.652,False,LOW,66.14
HIST_004465,AST_000005,TRD,PREVENTIVE_MAINTENANCE,56.6,66.7,11.2,3,5,120,104,0,FALSE,TRUE,0.587,False,LOW,39.65
HIST_004466,AST_000022,ENGINEERING,CORRECTIVE_MAINTENANCE,76.5,51.8,53.6,4,9,45,38,0,FALSE,TRUE,0.481,False,MEDIUM,54.12
HIST_004467,AST_000039,S&T,INSPECTION,91.8,15.5,41.4,1,5,180,209,17,TRUE,TRUE,0.459,True,MEDIUM,57.2
HIST_004468,AST_000006,S&T,REPAIR,94.3,0.0,14.0,4,1,75,71,0,FALSE,TRUE,0.258,False,HIGH,42.34
HIST_004469,AST_000023,TRD,REPLACEMENT,55.6,24.2,62.7,4,4,30,33,2,TRUE,TRUE,0.386,False,MEDIUM,42.77
HIST_004470,AST_000040,ENGINEERING,TESTING,49.9,75.5,71.1,4,8,75,90,9,TRUE,TRUE,0.116,False,MEDIUM,55.56
HIST_004471,AST_000007,ENGINEERING,PREVENTIVE_MAINTENANCE,52.8,20.3,42.5,5,7,75,66,0,FALSE,TRUE,0.618,False,CRITICAL,44.41
HIST_004472,AST_000024,S&T,CORRECTIVE_MAINTENANCE,66.7,0.0,22.4,3,5,90,74,0,FALSE,TRUE,0.063,False,LOW,28.24
HIST_004473,AST_000041,TRD,INSPECTION,89.8,100.0,51.6,5,1,150,154,2,TRUE,TRUE,0.363,False,LOW,66.01
HIST_004474,AST_000008,TRD,CORRECTIVE_MAINTENANCE,88.0,10.5,59.8,1,1,60,51,0,FALSE,TRUE,0.641,True,HIGH,62.23
HIST_004475,AST_000025,ENGINEERING,INSPECTION,94.7,71.1,33.7,3,11,45,45,0,FALSE,TRUE,0.724,False,CRITICAL,67.93
HIST_004476,AST_000042,S&T,REPAIR,44.5,42.4,38.7,5,8,120,126,4,TRUE,TRUE,0.445,False,CRITICAL,46.69
HIST_004477,AST_000009,S&T,REPLACEMENT,89.0,0.0,60.6,2,3,30,30,0,FALSE,TRUE,0.385,False,HIGH,50.07
HIST_004478,AST_000026,TRD,TESTING,79.3,77.7,17.8,1,2,240,237,0,FALSE,TRUE,0.791,False,CRITICAL,61.78
HIST_004479,AST_000043,ENGINEERING,PREVENTIVE_MAINTENANCE,70.1,0.0,44.0,5,10,120,144,14,TRUE,TRUE,0.007,False,MEDIUM,37.33
HIST_004480,AST_000010,ENGINEERING,CORRECTIVE_MAINTENANCE,83.3,100.0,42.3,2,12,180,177,0,FALSE,TRUE,0.903,False,LOW,62.2
HIST_004481,AST_000027,S&T,INSPECTION,50.8,24.5,60.7,5,6,45,43,0,FALSE,TRUE,0.039,True,LOW,47.25
HIST_004482,AST_000044,TRD,REPAIR,56.3,100.0,49.2,3,5,60,72,7,TRUE,TRUE,0.279,False,CRITICAL,66.73
HIST_004483,AST_000011,TRD,REPLACEMENT,69.6,98.8,66.3,2,2,240,227,0,FALSE,TRUE,0.571,False,LOW,62.59
HIST_004484,AST_000028,ENGINEERING,TESTING,49.5,96.7,31.2,1,5,90,93,2,TRUE,TRUE,0.555,False,CRITICAL,60.27
HIST_004485,AST_000045,S&T,PREVENTIVE_MAINTENANCE,42.3,100.0,24.6,3,1,75,62,0,FALSE,TRUE,0.292,False,CRITICAL,57.61
HIST_004486,AST_000012,S&T,CORRECTIVE_MAINTENANCE,62.0,100.0,43.8,1,4,180,221,25,TRUE,TRUE,0.759,False,LOW,56.11
HIST_004487,AST_000029,TRD,INSPECTION,88.2,92.9,25.1,0,2,90,81,0,FALSE,FALSE,0.874,False,HIGH,65.96
HIST_004488,AST_000046,ENGINEERING,REPAIR,52.0,40.2,56.4,3,11,30,34,2,TRUE,TRUE,0.204,True,CRITICAL,61.93
HIST_004489,AST_000013,ENGINEERING,REPLACEMENT,54.3,33.1,58.0,4,7,60,60,0,FALSE,TRUE,0.698,False,CRITICAL,51.16
HIST_004490,AST_000030,S&T,TESTING,88.6,16.7,24.1,5,5,75,73,0,FALSE,TRUE,0.568,False,HIGH,46.83
HIST_004491,AST_000047,TRD,PREVENTIVE_MAINTENANCE,84.5,0.0,20.4,4,11,120,107,0,FALSE,TRUE,0.989,False,CRITICAL,44.43
HIST_004492,AST_000014,TRD,CORRECTIVE_MAINTENANCE,44.4,100.0,66.0,5,5,180,175,0,FALSE,TRUE,0.64,False,HIGH,62.77
HIST_004493,AST_000031,ENGINEERING,INSPECTION,40.4,100.0,50.0,4,8,120,134,8,TRUE,TRUE,0.203,False,CRITICAL,62.12
HIST_004494,AST_000048,S&T,REPAIR,56.3,65.4,35.2,5,9,180,175,0,FALSE,TRUE,0.448,False,HIGH,51.53
HIST_004495,AST_000015,S&T,REPLACEMENT,53.9,66.0,70.1,3,11,45,38,0,FALSE,TRUE,0.871,True,LOW,60.44
HIST_004496,AST_000032,TRD,TESTING,72.1,100.0,51.7,1,6,45,39,0,FALSE,TRUE,0.654,False,LOW,60.72
HIST_004497,AST_000049,ENGINEERING,PREVENTIVE_MAINTENANCE,67.6,100.0,49.6,0,6,150,158,5,TRUE,FALSE,0.768,False,CRITICAL,70.2
HIST_004498,AST_000016,ENGINEERING,CORRECTIVE_MAINTENANCE,55.3,0.2,47.4,5,3,90,109,11,TRUE,TRUE,0.435,False,HIGH,37.37
HIST_004499,AST_000033,S&T,INSPECTION,80.7,43.6,18.8,4,1,120,101,0,FALSE,TRUE,0.078,False,MEDIUM,46.37
HIST_004500,AST_000050,TRD,REPAIR,88.2,100.0,40.4,4,1,120,139,11,TRUE,TRUE,0.77,False,HIGH,70.79
HIST_004501,AST_000017,TRD,INSPECTION,66.6,72.3,34.2,1,7,180,218,23,TRUE,TRUE,0.209,False,HIGH,56.14
HIST_004502,AST_000034,ENGINEERING,REPAIR,82.4,16.2,28.0,5,4,60,57,0,FALSE,TRUE,0.779,True,HIGH,55.62
HIST_004503,AST_000001,ENGINEERING,REPLACEMENT,50.3,0.4,27.4,1,7,180,164,0,FALSE,TRUE,0.433,False,MEDIUM,28.17
HIST_004504,AST_000018,S&T,TESTING,94.2,97.7,26.8,2,10,150,146,0,FALSE,TRUE,0.857,False,MEDIUM,65.55
HIST_004505,AST_000035,TRD,PREVENTIVE_MAINTENANCE,84.2,100.0,25.2,5,3,60,72,7,TRUE,TRUE,0.365,False,LOW,59.05
HIST_004506,AST_000002,TRD,CORRECTIVE_MAINTENANCE,63.8,100.0,40.0,2,6,60,57,0,FALSE,TRUE,0.765,False,LOW,55.89
HIST_004507,AST_000019,ENGINEERING,INSPECTION,79.6,30.4,28.8,2,1,60,74,8,TRUE,TRUE,0.28,False,CRITICAL,52.24
HIST_004508,AST_000036,S&T,REPAIR,78.2,6.1,58.4,2,12,240,252,7,TRUE,TRUE,0.973,False,MEDIUM,44.16
HIST_004509,AST_000003,S&T,REPLACEMENT,55.7,89.5,64.4,5,7,45,52,4,TRUE,TRUE,0.408,True,LOW,65.72
HIST_004510,AST_000020,TRD,TESTING,63.2,51.7,28.4,3,4,240,264,14,TRUE,TRUE,0.869,False,LOW,41.31
HIST_004511,AST_000037,ENGINEERING,PREVENTIVE_MAINTENANCE,81.9,0.7,32.8,0,1,150,182,19,TRUE,FALSE,0.466,False,HIGH,42.55
HIST_004512,AST_000004,ENGINEERING,CORRECTIVE_MAINTENANCE,87.4,100.0,50.6,2,4,180,174,0,FALSE,TRUE,0.686,False,LOW,65.09
HIST_004513,AST_000021,S&T,INSPECTION,42.9,21.7,49.7,1,5,240,202,0,FALSE,TRUE,0.603,False,LOW,31.98
HIST_004514,AST_000038,TRD,REPAIR,95.1,99.4,36.0,1,8,240,280,24,TRUE,TRUE,0.405,False,HIGH,71.83
HIST_004515,AST_000005,TRD,REPLACEMENT,56.6,0.0,20.4,4,10,150,164,8,TRUE,TRUE,0.99,False,MEDIUM,28.56
HIST_004516,AST_000022,ENGINEERING,TESTING,76.5,22.5,50.9,4,10,240,195,0,FALSE,TRUE,0.505,True,CRITICAL,63.75
HIST_004517,AST_000039,S&T,PREVENTIVE_MAINTENANCE,91.8,50.3,38.9,5,5,180,215,21,TRUE,TRUE,0.887,False,HIGH,59.14
HIST_004518,AST_000006,S&T,CORRECTIVE_MAINTENANCE,94.3,39.9,13.1,2,12,150,137,0,FALSE,TRUE,0.555,False,MEDIUM,48.38
HIST_004519,AST_000023,TRD,INSPECTION,55.6,36.5,58.2,2,8,180,166,0,FALSE,TRUE,1.0,False,HIGH,48.7
HIST_004520,AST_000040,ENGINEERING,REPAIR,49.9,49.9,70.1,5,12,75,78,2,TRUE,TRUE,0.013,False,LOW,45.22
HIST_004521,AST_000007,ENGINEERING,REPLACEMENT,52.8,73.1,43.5,1,11,30,32,1,TRUE,TRUE,0.194,False,CRITICAL,57.81
HIST_004522,AST_000024,S&T,TESTING,66.7,12.0,19.5,4,4,60,74,8,TRUE,TRUE,0.516,False,LOW,30.66
HIST_004523,AST_000041,TRD,PREVENTIVE_MAINTENANCE,89.8,100.0,44.4,5,8,180,165,0,FALSE,TRUE,0.801,True,LOW,74.57
HIST_004524,AST_000008,TRD,CORRECTIVE_MAINTENANCE,88.0,97.6,58.6,3,6,240,209,0,FALSE,TRUE,0.69,False,HIGH,73.77
HIST_004525,AST_000025,ENGINEERING,INSPECTION,94.7,52.4,34.9,2,4,30,34,2,TRUE,TRUE,0.986,False,MEDIUM,55.99
HIST_004526,AST_000042,S&T,REPAIR,44.5,0.0,48.8,5,7,240,287,28,TRUE,TRUE,0.441,False,CRITICAL,38.11
HIST_004527,AST_000009,S&T,INSPECTION,89.0,47.3,64.9,4,5,30,28,0,FALSE,TRUE,0.323,False,HIGH,62.76
HIST_004528,AST_000026,TRD,REPAIR,79.3,14.6,21.0,3,11,180,150,0,FALSE,TRUE,0.542,False,CRITICAL,46.64
HIST_004529,AST_000043,ENGINEERING,REPLACEMENT,70.1,82.3,52.2,1,3,30,29,0,FALSE,TRUE,0.696,False,LOW,55.8
HIST_004530,AST_000010,ENGINEERING,TESTING,83.3,17.1,47.2,5,7,240,233,0,FALSE,TRUE,0.933,True,HIGH,59.95
HIST_004531,AST_000027,S&T,PREVENTIVE_MAINTENANCE,50.8,0.0,50.4,5,7,120,103,0,FALSE,TRUE,0.233,False,HIGH,36.57
HIST_004532,AST_000044,TRD,CORRECTIVE_MAINTENANCE,56.3,100.0,41.6,5,9,60,70,6,TRUE,TRUE,0.937,False,HIGH,61.46
HIST_004533,AST_000011,TRD,INSPECTION,69.6,59.0,71.2,4,7,120,130,6,TRUE,TRUE,0.517,False,HIGH,61.12
HIST_004534,AST_000028,ENGINEERING,REPAIR,49.5,0.0,24.2,0,10,180,202,13,TRUE,FALSE,0.789,False,HIGH,30.94
HIST_004535,AST_000045,S&T,REPLACEMENT,42.3,68.1,19.7,2,11,45,39,0,FALSE,TRUE,0.037,False,HIGH,44.9
HIST_004536,AST_000012,S&T,TESTING,62.0,0.0,42.3,0,2,75,83,5,TRUE,FALSE,0.349,False,HIGH,38.31
HIST_004537,AST_000029,TRD,PREVENTIVE_MAINTENANCE,88.2,100.0,29.4,2,4,60,54,0,FALSE,TRUE,0.071,True,LOW,71.09
HIST_004538,AST_000046,ENGINEERING,CORRECTIVE_MAINTENANCE,52.0,99.7,53.3,5,12,240,275,21,TRUE,TRUE,0.804,False,LOW,54.94
HIST_004539,AST_000013,ENGINEERING,INSPECTION,54.3,42.9,53.3,5,3,120,113,0,FALSE,TRUE,0.04,False,LOW,41.42
HIST_004540,AST_000030,S&T,REPAIR,88.6,80.3,24.4,5,2,150,131,0,FALSE,TRUE,0.311,False,HIGH,62.79
HIST_004541,AST_000047,TRD,REPLACEMENT,84.5,100.0,26.0,3,11,240,236,0,FALSE,TRUE,0.805,False,HIGH,66.8
HIST_004542,AST_000014,TRD,TESTING,44.4,2.2,72.9,1,10,90,98,5,TRUE,TRUE,0.986,False,HIGH,39.7
HIST_004543,AST_000031,ENGINEERING,PREVENTIVE_MAINTENANCE,40.4,21.8,50.1,2,12,30,34,2,TRUE,TRUE,0.096,False,LOW,31.34
HIST_004544,AST_000048,S&T,CORRECTIVE_MAINTENANCE,56.3,0.0,25.0,1,12,45,37,0,FALSE,TRUE,0.525,True,HIGH,43.14
HIST_004545,AST_000015,S&T,INSPECTION,53.9,0.0,75.9,0,5,180,207,16,TRUE,FALSE,0.981,False,CRITICAL,46.35
HIST_004546,AST_000032,TRD,REPAIR,72.1,21.9,54.3,3,12,240,232,0,FALSE,TRUE,0.34,False,MEDIUM,45.46
HIST_004547,AST_000049,ENGINEERING,REPLACEMENT,67.6,21.4,56.0,2,10,90,73,0,FALSE,TRUE,0.016,False,MEDIUM,44.33
HIST_004548,AST_000016,ENGINEERING,TESTING,55.3,71.7,47.2,5,9,120,99,0,FALSE,TRUE,0.6,False,CRITICAL,58.95
HIST_004549,AST_000033,S&T,PREVENTIVE_MAINTENANCE,80.7,39.9,17.4,4,3,180,224,26,TRUE,TRUE,0.67,False,HIGH,48.91
HIST_004550,AST_000050,TRD,CORRECTIVE_MAINTENANCE,88.2,0.0,34.1,2,8,240,270,18,TRUE,TRUE,0.608,False,MEDIUM,40.78
HIST_004551,AST_000017,TRD,INSPECTION,66.6,0.0,40.3,1,10,240,232,0,FALSE,TRUE,0.928,True,CRITICAL,53.04
HIST_004552,AST_000034,ENGINEERING,REPAIR,82.4,41.9,28.4,2,7,180,171,0,FALSE,TRUE,0.11,False,HIGH,52.12
HIST_004553,AST_000001,ENGINEERING,INSPECTION,50.3,89.0,32.4,0,5,60,53,0,FALSE,FALSE,0.639,False,CRITICAL,58.82
HIST_004554,AST_000018,S&T,REPAIR,94.2,21.6,30.4,4,10,120,101,0,FALSE,TRUE,0.887,False,CRITICAL,54.74
HIST_004555,AST_000035,TRD,REPLACEMENT,84.2,0.0,30.6,1,2,45,50,3,TRUE,TRUE,0.786,False,HIGH,42.63
HIST_004556,AST_000002,TRD,TESTING,63.8,81.3,27.6,1,8,30,34,2,TRUE,TRUE,0.208,False,CRITICAL,59.98
HIST_004557,AST_000019,ENGINEERING,PREVENTIVE_MAINTENANCE,79.6,0.0,22.6,3,3,120,99,0,FALSE,TRUE,0.346,False,LOW,32.15
HIST_004558,AST_000036,S&T,CORRECTIVE_MAINTENANCE,78.2,100.0,45.0,4,2,75,89,8,TRUE,TRUE,0.308,True,HIGH,78.71
HIST_004559,AST_000003,S&T,INSPECTION,55.7,59.7,53.8,0,7,30,27,0,FALSE,FALSE,0.08,False,HIGH,53.65
HIST_004560,AST_000020,TRD,REPAIR,63.2,100.0,21.4,3,6,150,124,0,FALSE,TRUE,0.234,False,LOW,51.99
HIST_004561,AST_000037,ENGINEERING,REPLACEMENT,81.9,47.5,38.0,5,6,120,146,16,TRUE,TRUE,0.906,False,LOW,47.8
HIST_004562,AST_000004,ENGINEERING,TESTING,87.4,0.0,53.9,0,10,90,107,10,TRUE,FALSE,0.601,False,MEDIUM,44.5
HIST_004563,AST_000021,S&T,PREVENTIVE_MAINTENANCE,42.9,0.0,38.5,5,4,240,255,9,TRUE,TRUE,0.339,False,MEDIUM,28.07
HIST_004564,AST_000038,TRD,CORRECTIVE_MAINTENANCE,95.1,55.1,47.7,3,8,240,199,0,FALSE,TRUE,0.303,False,LOW,55.59
HIST_004565,AST_000005,TRD,INSPECTION,56.6,89.5,23.2,2,11,90,92,1,TRUE,TRUE,0.838,True,MEDIUM,61.5
HIST_004566,AST_000022,ENGINEERING,REPAIR,76.5,48.9,61.9,4,7,90,104,8,TRUE,TRUE,0.332,False,CRITICAL,62.55
HIST_004567,AST_000039,S&T,REPLACEMENT,91.8,55.6,37.9,0,9,60,54,0,FALSE,FALSE,0.645,False,HIGH,60.27
HIST_004568,AST_000006,S&T,TESTING,94.3,0.0,16.1,3,5,45,44,0,FALSE,TRUE,0.208,False,CRITICAL,46.51
HIST_004569,AST_000023,TRD,PREVENTIVE_MAINTENANCE,55.6,0.0,58.2,2,5,75,86,7,TRUE,TRUE,0.612,False,MEDIUM,35.82
HIST_004570,AST_000040,ENGINEERING,CORRECTIVE_MAINTENANCE,49.9,100.0,72.2,0,11,240,274,20,TRUE,FALSE,0.439,False,MEDIUM,61.91
HIST_004571,AST_000007,ENGINEERING,INSPECTION,52.8,100.0,44.5,0,1,30,31,1,TRUE,FALSE,0.943,False,LOW,53.49
HIST_004572,AST_000024,S&T,REPAIR,66.7,23.7,22.2,1,10,120,115,0,FALSE,TRUE,0.977,True,LOW,44.12
HIST_004573,AST_000041,TRD,REPLACEMENT,89.8,0.0,48.6,0,2,150,160,6,TRUE,FALSE,0.748,False,MEDIUM,44.16
HIST_004574,AST_000008,TRD,TESTING,88.0,29.6,68.3,4,11,90,83,0,FALSE,TRUE,0.75,False,MEDIUM,54.96
HIST_004575,AST_000025,ENGINEERING,PREVENTIVE_MAINTENANCE,94.7,20.5,34.8,3,6,30,36,4,TRUE,TRUE,0.235,False,HIGH,51.74
HIST_004576,AST_000042,S&T,CORRECTIVE_MAINTENANCE,44.5,27.9,43.2,1,1,45,41,0,FALSE,TRUE,0.787,False,CRITICAL,43.97
HIST_004577,AST_000009,S&T,INSPECTION,89.0,88.5,53.1,3,8,180,216,22,TRUE,TRUE,0.301,False,HIGH,70.7
HIST_004578,AST_000026,TRD,REPAIR,79.3,84.3,27.4,3,12,75,69,0,FALSE,TRUE,0.152,False,CRITICAL,65.34
HIST_004579,AST_000043,ENGINEERING,INSPECTION,70.1,100.0,43.2,2,6,90,89,0,FALSE,TRUE,0.07,True,LOW,68.42
HIST_004580,AST_000010,ENGINEERING,REPAIR,83.3,0.0,43.6,3,10,180,169,0,FALSE,TRUE,0.19,False,CRITICAL,48.71
HIST_004581,AST_000027,S&T,REPLACEMENT,50.8,2.3,49.7,2,4,150,155,3,TRUE,TRUE,0.391,False,MEDIUM,33.25
HIST_004582,AST_000044,TRD,TESTING,56.3,6.1,53.9,0,8,90,92,1,TRUE,FALSE,0.302,False,LOW,32.94
HIST_004583,AST_000011,TRD,PREVENTIVE_MAINTENANCE,69.6,86.6,70.2,4,12,75,60,0,FALSE,TRUE,0.095,False,LOW,60.32
HIST_004584,AST_000028,ENGINEERING,CORRECTIVE_MAINTENANCE,49.5,24.0,19.7,0,7,45,48,2,TRUE,FALSE,0.479,False,MEDIUM,32.29
HIST_004585,AST_000045,S&T,INSPECTION,42.3,36.9,23.2,0,7,180,214,20,TRUE,FALSE,0.313,False,CRITICAL,41.55
HIST_004586,AST_000012,S&T,REPAIR,62.0,75.6,40.1,1,1,150,140,0,FALSE,TRUE,0.55,True,CRITICAL,70.52
HIST_004587,AST_000029,TRD,REPLACEMENT,88.2,15.0,23.4,5,10,75,94,11,TRUE,TRUE,0.408,False,MEDIUM,42.39
HIST_004588,AST_000046,ENGINEERING,TESTING,52.0,100.0,52.4,0,4,240,210,0,FALSE,FALSE,0.411,False,LOW,54.83
HIST_004589,AST_000013,ENGINEERING,PREVENTIVE_MAINTENANCE,54.3,23.3,54.7,0,6,240,216,0,FALSE,FALSE,0.786,False,LOW,36.8
HIST_004590,AST_000030,S&T,CORRECTIVE_MAINTENANCE,88.6,53.8,28.6,3,2,90,94,2,TRUE,TRUE,0.269,False,MEDIUM,53.25
HIST_004591,AST_000047,TRD,INSPECTION,84.5,95.5,25.4,2,8,240,230,0,FALSE,TRUE,0.256,False,HIGH,65.55
HIST_004592,AST_000014,TRD,REPAIR,44.4,2.5,63.3,4,3,60,55,0,FALSE,TRUE,0.197,False,MEDIUM,34.1
HIST_004593,AST_000031,ENGINEERING,REPLACEMENT,40.4,97.8,58.9,5,4,180,157,0,FALSE,TRUE,0.555,True,HIGH,69.6
HIST_004594,AST_000048,S&T,TESTING,56.3,78.7,26.5,5,4,180,157,0,FALSE,TRUE,0.942,False,LOW,45.61
HIST_004595,AST_000015,S&T,PREVENTIVE_MAINTENANCE,53.9,0.0,71.6,4,9,240,289,29,TRUE,TRUE,0.77,False,MEDIUM,37.99
HIST_004596,AST_000032,TRD,CORRECTIVE_MAINTENANCE,72.1,39.7,54.3,3,8,180,206,16,TRUE,TRUE,0.265,False,CRITICAL,57.41
HIST_004597,AST_000049,ENGINEERING,INSPECTION,67.6,39.7,46.0,2,9,180,223,26,TRUE,TRUE,0.45,False,CRITICAL,54.41
HIST_004598,AST_000016,ENGINEERING,REPAIR,55.3,86.9,57.3,1,5,60,65,3,TRUE,TRUE,0.121,False,LOW,53.52
HIST_004599,AST_000033,S&T,REPLACEMENT,80.7,37.5,25.9,0,7,180,166,0,FALSE,FALSE,0.329,False,LOW,42.52
HIST_004600,AST_000050,TRD,TESTING,88.2,53.8,34.8,4,12,150,170,12,TRUE,TRUE,0.274,True,MEDIUM,64.37
HIST_004601,AST_000017,TRD,PREVENTIVE_MAINTENANCE,66.6,0.0,43.3,1,10,180,163,0,FALSE,TRUE,0.624,False,LOW,32.39
HIST_004602,AST_000034,ENGINEERING,CORRECTIVE_MAINTENANCE,82.4,98.7,19.5,3,2,240,275,21,TRUE,TRUE,0.529,False,CRITICAL,68.3
HIST_004603,AST_000001,ENGINEERING,INSPECTION,50.3,48.1,33.1,4,8,90,79,0,FALSE,TRUE,0.128,False,CRITICAL,48.73
HIST_004604,AST_000018,S&T,REPAIR,94.2,100.0,23.8,2,1,75,86,7,TRUE,TRUE,0.909,False,LOW,61.77
HIST_004605,AST_000035,TRD,REPLACEMENT,84.2,14.6,18.3,4,10,90,78,0,FALSE,TRUE,0.177,False,CRITICAL,47.57
HIST_004606,AST_000002,TRD,REPAIR,63.8,3.6,29.0,4,8,120,103,0,FALSE,TRUE,0.257,False,LOW,29.59
HIST_004607,AST_000019,ENGINEERING,REPLACEMENT,79.6,100.0,25.8,3,11,240,242,1,TRUE,TRUE,0.787,True,CRITICAL,79.04
HIST_004608,AST_000036,S&T,TESTING,78.2,19.9,57.2,0,12,45,42,0,FALSE,FALSE,0.594,False,HIGH,51.12
HIST_004609,AST_000003,S&T,PREVENTIVE_MAINTENANCE,55.7,58.8,59.0,5,5,60,54,0,FALSE,TRUE,0.764,False,LOW,46.96
HIST_004610,AST_000020,TRD,CORRECTIVE_MAINTENANCE,63.2,100.0,28.4,0,3,90,87,0,FALSE,FALSE,0.821,False,LOW,53.39
HIST_004611,AST_000037,ENGINEERING,INSPECTION,81.9,0.0,41.4,2,12,90,80,0,FALSE,TRUE,0.969,False,CRITICAL,47.85
HIST_004612,AST_000004,ENGINEERING,REPAIR,87.4,0.0,50.5,1,4,150,121,0,FALSE,TRUE,0.924,False,LOW,40.07
HIST_004613,AST_000021,S&T,REPLACEMENT,42.9,42.6,48.2,3,6,150,123,0,FALSE,TRUE,0.529,False,CRITICAL,48.16
HIST_004614,AST_000038,TRD,TESTING,95.1,14.2,45.8,4,1,120,108,0,FALSE,TRUE,0.509,True,CRITICAL,66.24
HIST_004615,AST_000005,TRD,PREVENTIVE_MAINTENANCE,56.6,87.2,18.3,4,8,30,30,0,FALSE,TRUE,0.499,False,LOW,46.19
HIST_004616,AST_000022,ENGINEERING,CORRECTIVE_MAINTENANCE,76.5,0.0,58.4,3,3,180,187,4,TRUE,TRUE,0.655,False,CRITICAL,49.63
HIST_004617,AST_000039,S&T,INSPECTION,91.8,25.8,40.5,2,9,180,158,0,FALSE,TRUE,0.28,False,LOW,45.84
HIST_004618,AST_000006,S&T,REPAIR,94.3,84.0,22.6,0,2,90,82,0,FALSE,FALSE,0.771,False,LOW,57.56
HIST_004619,AST_000023,TRD,REPLACEMENT,55.6,56.8,56.1,1,10,240,205,0,FALSE,TRUE,0.098,False,HIGH,53.35
HIST_004620,AST_000040,ENGINEERING,TESTING,49.9,0.0,79.9,4,1,30,30,0,FALSE,TRUE,0.651,False,LOW,34.7
HIST_004621,AST_000007,ENGINEERING,PREVENTIVE_MAINTENANCE,52.8,11.2,40.9,3,3,150,174,14,TRUE,TRUE,0.464,True,CRITICAL,51.82
HIST_004622,AST_000024,S&T,CORRECTIVE_MAINTENANCE,66.7,77.8,22.5,3,9,120,143,14,TRUE,TRUE,0.858,False,LOW,47.71
HIST_004623,AST_000041,TRD,INSPECTION,89.8,13.2,51.5,5,9,75,86,7,TRUE,TRUE,0.862,False,LOW,44.29
HIST_004624,AST_000008,TRD,REPAIR,88.0,18.5,68.3,4,4,60,55,0,FALSE,TRUE,0.41,False,LOW,48.44
HIST_004625,AST_000025,ENGINEERING,REPLACEMENT,94.7,93.9,32.3,0,11,150,175,15,TRUE,FALSE,0.873,False,CRITICAL,73.34
HIST_004626,AST_000042,S&T,TESTING,44.5,0.0,46.5,3,4,30,29,0,FALSE,TRUE,0.14,False,HIGH,33.9
HIST_004627,AST_000009,S&T,PREVENTIVE_MAINTENANCE,89.0,100.0,63.0,3,1,90,112,13,TRUE,TRUE,0.389,False,LOW,68.05
HIST_004628,AST_000026,TRD,CORRECTIVE_MAINTENANCE,79.3,56.1,25.7,4,1,45,47,1,TRUE,TRUE,0.181,True,LOW,56.7
HIST_004629,AST_000043,ENGINEERING,INSPECTION,70.1,93.2,44.1,1,9,180,203,14,TRUE,TRUE,0.183,False,LOW,56.9
HIST_004630,AST_000010,ENGINEERING,REPAIR,83.3,43.8,52.7,0,3,240,215,0,FALSE,FALSE,0.988,False,CRITICAL,61.48
HIST_004631,AST_000027,S&T,REPLACEMENT,50.8,50.5,56.4,0,11,150,167,10,TRUE,FALSE,0.188,False,HIGH,50.39
HIST_004632,AST_000044,TRD,REPAIR,56.3,92.5,52.2,3,11,300,270,0,FALSE,TRUE,0.521,False,LOW,54.2
HIST_004633,AST_000011,TRD,REPLACEMENT,69.6,0.0,72.1,5,10,75,88,8,TRUE,TRUE,0.305,False,CRITICAL,50.3
HIST_004634,AST_000028,ENGINEERING,TESTING,49.5,10.1,31.0,1,11,120,111,0,FALSE,TRUE,0.898,False,LOW,27.32
HIST_004635,AST_000045,S&T,PREVENTIVE_MAINTENANCE,42.3,100.0,27.0,1,4,90,74,0,FALSE,TRUE,0.393,True,HIGH,64.34
HIST_004636,AST_000012,S&T,CORRECTIVE_MAINTENANCE,62.0,100.0,43.5,5,7,150,143,0,FALSE,TRUE,0.252,False,MEDIUM,59.8
HIST_004637,AST_000029,TRD,INSPECTION,88.2,19.2,26.8,5,7,90,96,4,TRUE,TRUE,0.165,False,MEDIUM,44.12
HIST_004638,AST_000046,ENGINEERING,REPAIR,52.0,0.0,50.4,2,12,120,113,0,FALSE,TRUE,0.34,False,CRITICAL,40.68
HIST_004639,AST_000013,ENGINEERING,REPLACEMENT,54.3,100.0,53.2,4,5,30,35,3,TRUE,TRUE,0.105,False,CRITICAL,66.93
HIST_004640,AST_000030,S&T,TESTING,88.6,100.0,24.9,2,2,60,53,0,FALSE,TRUE,0.242,False,MEDIUM,64.06
HIST_004641,AST_000047,TRD,PREVENTIVE_MAINTENANCE,84.5,13.9,14.9,4,11,30,26,0,FALSE,TRUE,0.608,False,MEDIUM,39.3
HIST_004642,AST_000014,TRD,CORRECTIVE_MAINTENANCE,44.4,50.2,65.8,1,6,60,72,7,TRUE,TRUE,0.008,True,HIGH,60.28
HIST_004643,AST_000031,ENGINEERING,INSPECTION,40.4,97.2,54.1,0,7,60,57,0,FALSE,FALSE,0.977,False,HIGH,58.49
HIST_004644,AST_000048,S&T,REPAIR,56.3,0.0,37.4,0,1,180,214,20,TRUE,FALSE,0.7,False,MEDIUM,31.87
HIST_004645,AST_000015,S&T,REPLACEMENT,53.9,100.0,72.1,5,8,30,27,0,FALSE,TRUE,0.137,False,LOW,59.34
HIST_004646,AST_000032,TRD,TESTING,72.1,0.0,50.4,5,12,90,81,0,FALSE,TRUE,0.269,False,LOW,35.46
HIST_004647,AST_000049,ENGINEERING,PREVENTIVE_MAINTENANCE,67.6,100.0,59.3,4,1,75,76,1,TRUE,TRUE,0.855,False,HIGH,68.39
HIST_004648,AST_000016,ENGINEERING,CORRECTIVE_MAINTENANCE,55.3,72.7,46.2,0,12,90,112,13,TRUE,FALSE,0.436,False,CRITICAL,59.01
HIST_004649,AST_000033,S&T,INSPECTION,80.7,51.2,25.4,5,2,60,55,0,FALSE,TRUE,0.032,True,LOW,55.84
HIST_004650,AST_000050,TRD,REPAIR,88.2,100.0,39.7,4,6,150,141,0,FALSE,TRUE,0.42,False,HIGH,70.65
HIST_004651,AST_000017,TRD,REPLACEMENT,66.6,20.3,40.2,4,9,180,165,0,FALSE,TRUE,0.954,False,CRITICAL,48.09
HIST_004652,AST_000034,ENGINEERING,TESTING,82.4,53.7,20.5,5,6,240,204,0,FALSE,TRUE,0.135,False,MEDIUM,49.75
HIST_004653,AST_000001,ENGINEERING,PREVENTIVE_MAINTENANCE,50.3,59.5,27.4,2,4,240,207,0,FALSE,TRUE,0.63,False,HIGH,46.69
HIST_004654,AST_000018,S&T,CORRECTIVE_MAINTENANCE,94.2,19.6,21.5,3,7,90,79,0,FALSE,TRUE,0.988,False,LOW,41.21
HIST_004655,AST_000035,TRD,INSPECTION,84.2,32.3,31.3,3,2,240,277,22,TRUE,TRUE,0.219,False,LOW,43.34
HIST_004656,AST_000002,TRD,REPAIR,63.8,24.3,32.5,5,10,90,83,0,FALSE,TRUE,0.76,True,MEDIUM,49.21
HIST_004657,AST_000019,ENGINEERING,REPLACEMENT,79.6,8.5,20.1,4,4,240,193,0,FALSE,TRUE,0.237,False,LOW,33.77
HIST_004658,AST_000036,S&T,REPAIR,78.2,100.0,53.3,2,9,180,191,7,TRUE,TRUE,0.261,False,MEDIUM,66.62
HIST_004659,AST_000003,S&T,REPLACEMENT,55.7,0.0,55.5,2,3,120,119,0,FALSE,TRUE,0.49,False,MEDIUM,35.31
HIST_004660,AST_000020,TRD,TESTING,63.2,0.0,25.6,3,1,90,76,0,FALSE,TRUE,0.984,False,LOW,27.83
HIST_004661,AST_000037,ENGINEERING,PREVENTIVE_MAINTENANCE,81.9,78.5,35.6,0,1,120,119,0,FALSE,FALSE,0.227,False,LOW,55.06
HIST_004662,AST_000004,ENGINEERING,CORRECTIVE_MAINTENANCE,87.4,100.0,48.2,4,9,75,82,4,TRUE,TRUE,0.903,False,CRITICAL,75.86
HIST_004663,AST_000021,S&T,INSPECTION,42.9,42.6,45.7,1,11,30,31,1,TRUE,TRUE,0.161,True,CRITICAL,57.66
HIST_004664,AST_000038,TRD,REPAIR,95.1,90.1,39.8,0,10,90,79,0,FALSE,FALSE,0.865,False,MEDIUM,66.51
HIST_004665,AST_000005,TRD,REPLACEMENT,56.6,100.0,21.1,2,5,75,80,3,TRUE,TRUE,0.343,False,CRITICAL,61.2
HIST_004666,AST_000022,ENGINEERING,TESTING,76.5,94.8,55.1,1,9,150,125,0,FALSE,TRUE,0.418,False,MEDIUM,65.17
HIST_004667,AST_000039,S&T,PREVENTIVE_MAINTENANCE,91.8,11.8,42.5,1,7,90,100,6,TRUE,TRUE,0.997,False,HIGH,50.24
HIST_004668,AST_000006,S&T,CORRECTIVE_MAINTENANCE,94.3,0.0,24.9,0,6,180,188,5,TRUE,FALSE,0.129,False,LOW,37.02
HIST_004669,AST_000023,TRD,INSPECTION,55.6,58.2,56.0,4,2,180,162,0,FALSE,TRUE,0.904,False,LOW,46.18
HIST_004670,AST_000040,ENGINEERING,REPAIR,49.9,45.9,76.1,1,3,120,119,0,FALSE,TRUE,0.335,True,CRITICAL,66.66
HIST_004671,AST_000007,ENGINEERING,REPLACEMENT,52.8,100.0,40.5,3,10,240,231,0,FALSE,TRUE,0.307,False,CRITICAL,63.94
HIST_004672,AST_000024,S&T,TESTING,66.7,100.0,22.4,5,6,180,200,12,TRUE,TRUE,0.143,False,MEDIUM,56.99
HIST_004673,AST_000041,TRD,PREVENTIVE_MAINTENANCE,89.8,0.0,54.0,4,10,60,64,2,TRUE,TRUE,0.021,False,MEDIUM,45.24
HIST_004674,AST_000008,TRD,CORRECTIVE_MAINTENANCE,88.0,0.0,64.3,5,9,150,140,0,FALSE,TRUE,0.175,False,HIGH,50.51
HIST_004675,AST_000025,ENGINEERING,INSPECTION,94.7,0.0,43.1,5,2,240,246,4,TRUE,TRUE,0.129,False,LOW,40.78
HIST_004676,AST_000042,S&T,REPAIR,44.5,54.4,41.9,5,12,60,57,0,FALSE,TRUE,0.07,False,CRITICAL,50.33
HIST_004677,AST_000009,S&T,REPLACEMENT,89.0,32.1,57.4,4,8,30,37,4,TRUE,TRUE,0.039,True,CRITICAL,71.2
HIST_004678,AST_000026,TRD,TESTING,79.3,100.0,18.3,0,11,75,85,6,TRUE,FALSE,0.866,False,HIGH,63.7
HIST_004679,AST_000043,ENGINEERING,PREVENTIVE_MAINTENANCE,70.1,87.4,53.1,2,9,60,56,0,FALSE,TRUE,0.522,False,MEDIUM,61.0
HIST_004680,AST_000010,ENGINEERING,CORRECTIVE_MAINTENANCE,83.3,56.6,53.7,4,7,120,111,0,FALSE,TRUE,0.098,False,CRITICAL,64.88
HIST_004681,AST_000027,S&T,INSPECTION,50.8,0.0,50.2,1,9,75,69,0,FALSE,TRUE,0.618,False,LOW,29.03
HIST_004682,AST_000044,TRD,REPAIR,56.3,15.4,54.0,4,1,90,77,0,FALSE,TRUE,0.056,False,HIGH,42.79
HIST_004683,AST_000011,TRD,REPLACEMENT,69.6,28.6,65.4,0,10,75,67,0,FALSE,FALSE,0.28,False,MEDIUM,48.61
HIST_004684,AST_000028,ENGINEERING,TESTING,49.5,100.0,24.9,3,11,150,168,11,TRUE,TRUE,0.976,True,HIGH,66.08
HIST_004685,AST_000045,S&T,REPLACEMENT,42.3,74.4,19.6,0,2,120,115,0,FALSE,FALSE,0.691,False,HIGH,46.46
HIST_004686,AST_000012,S&T,TESTING,62.0,91.4,51.3,0,2,120,102,0,FALSE,FALSE,0.681,False,HIGH,62.96
HIST_004687,AST_000029,TRD,PREVENTIVE_MAINTENANCE,88.2,0.0,30.1,4,3,90,79,0,FALSE,TRUE,0.13,False,LOW,36.23
HIST_004688,AST_000046,ENGINEERING,CORRECTIVE_MAINTENANCE,52.0,36.4,49.6,3,3,45,36,0,FALSE,TRUE,0.21,False,MEDIUM,42.12
HIST_004689,AST_000013,ENGINEERING,INSPECTION,54.3,94.8,61.4,4,8,180,161,0,FALSE,TRUE,0.17,False,LOW,56.02
HIST_004690,AST_000030,S&T,REPAIR,88.6,100.0,27.8,3,1,120,133,8,TRUE,TRUE,0.256,False,MEDIUM,64.64
HIST_004691,AST_000047,TRD,REPLACEMENT,84.5,100.0,25.3,1,5,30,37,4,TRUE,TRUE,0.223,True,HIGH,76.66
HIST_004692,AST_000014,TRD,TESTING,44.4,93.3,73.9,4,10,60,51,0,FALSE,TRUE,0.023,False,LOW,55.17
HIST_004693,AST_000031,ENGINEERING,PREVENTIVE_MAINTENANCE,40.4,73.8,55.7,5,8,90,112,13,TRUE,TRUE,0.891,False,MEDIUM,49.21
HIST_004694,AST_000048,S&T,CORRECTIVE_MAINTENANCE,56.3,100.0,31.7,4,6,180,189,5,TRUE,TRUE,0.965,False,LOW,51.98
HIST_004695,AST_000015,S&T,INSPECTION,53.9,100.0,75.2,3,4,240,198,0,FALSE,TRUE,0.983,False,MEDIUM,63.71
HIST_004696,AST_000032,TRD,REPAIR,72.1,15.3,59.4,5,7,90,96,4,TRUE,TRUE,0.557,False,CRITICAL,52.34
HIST_004697,AST_000049,ENGINEERING,REPLACEMENT,67.6,46.4,54.6,1,1,30,33,2,TRUE,TRUE,0.187,False,MEDIUM,50.3
HIST_004698,AST_000016,ENGINEERING,TESTING,55.3,65.7,56.1,4,3,180,222,25,TRUE,TRUE,0.422,True,HIGH,65.48
HIST_004699,AST_000033,S&T,PREVENTIVE_MAINTENANCE,80.7,0.0,15.5,0,12,240,258,11,TRUE,FALSE,0.796,False,CRITICAL,42.31
HIST_004700,AST_000050,TRD,CORRECTIVE_MAINTENANCE,88.2,0.0,34.1,2,8,60,73,8,TRUE,TRUE,0.53,False,MEDIUM,40.78
HIST_004701,AST_000017,TRD,INSPECTION,66.6,100.0,44.8,0,2,30,36,4,TRUE,FALSE,0.248,False,CRITICAL,68.94
HIST_004702,AST_000034,ENGINEERING,REPAIR,82.4,26.5,29.4,1,1,60,61,1,TRUE,TRUE,0.212,False,HIGH,48.48
HIST_004703,AST_000001,ENGINEERING,REPLACEMENT,50.3,89.6,27.7,4,8,90,78,0,FALSE,TRUE,0.55,False,CRITICAL,58.03
HIST_004704,AST_000018,S&T,TESTING,94.2,32.7,23.6,2,8,90,78,0,FALSE,TRUE,0.446,False,CRITICAL,56.16
HIST_004705,AST_000035,TRD,PREVENTIVE_MAINTENANCE,84.2,25.8,31.4,2,1,90,106,10,TRUE,TRUE,0.547,True,MEDIUM,55.49
HIST_004706,AST_000002,TRD,CORRECTIVE_MAINTENANCE,63.8,11.3,32.8,2,3,60,70,6,TRUE,TRUE,0.871,False,LOW,32.27
HIST_004707,AST_000019,ENGINEERING,INSPECTION,79.6,73.4,28.4,5,6,150,126,0,FALSE,TRUE,0.172,False,MEDIUM,55.41
HIST_004708,AST_000036,S&T,REPAIR,78.2,7.9,57.3,5,12,150,133,0,FALSE,TRUE,0.586,False,CRITICAL,51.9
HIST_004709,AST_000003,S&T,REPLACEMENT,55.7,71.6,63.8,3,9,30,30,0,FALSE,TRUE,0.974,False,HIGH,58.62
HIST_004710,AST_000020,TRD,TESTING,63.2,98.5,28.1,5,2,45,54,5,TRUE,TRUE,0.624,False,LOW,52.95
HIST_004711,AST_000037,ENGINEERING,REPLACEMENT,81.9,97.4,34.5,4,8,300,256,0,FALSE,TRUE,0.85,False,CRITICAL,70.82
HIST_004712,AST_000004,ENGINEERING,TESTING,87.4,100.0,55.9,5,10,240,240,0,FALSE,TRUE,0.155,True,MEDIUM,79.9
HIST_004713,AST_000021,S&T,PREVENTIVE_MAINTENANCE,42.9,100.0,38.5,3,1,45,49,2,TRUE,TRUE,0.355,False,HIGH,56.82
HIST_004714,AST_000038,TRD,CORRECTIVE_MAINTENANCE,95.1,100.0,36.6,5,6,120,103,0,FALSE,TRUE,0.458,False,MEDIUM,68.35
HIST_004715,AST_000005,TRD,INSPECTION,56.6,68.2,18.9,2,4,45,47,1,TRUE,TRUE,0.329,False,MEDIUM,45.31
HIST_004716,AST_000022,ENGINEERING,REPAIR,76.5,0.0,60.1,1,2,120,117,0,FALSE,TRUE,0.717,False,CRITICAL,49.97
HIST_004717,AST_000039,S&T,REPLACEMENT,91.8,97.1,34.1,4,5,90,86,0,FALSE,TRUE,0.073,False,CRITICAL,73.63
HIST_004718,AST_000006,S&T,TESTING,94.3,27.7,21.4,2,1,90,96,4,TRUE,TRUE,0.841,False,CRITICAL,54.49
HIST_004719,AST_000023,TRD,PREVENTIVE_MAINTENANCE,55.6,55.0,50.0,3,12,90,74,0,FALSE,TRUE,0.947,True,LOW,54.18
HIST_004720,AST_000040,ENGINEERING,CORRECTIVE_MAINTENANCE,49.9,81.6,81.5,1,5,75,75,0,FALSE,TRUE,0.225,False,CRITICAL,66.67
HIST_004721,AST_000007,ENGINEERING,INSPECTION,52.8,0.0,45.9,4,7,75,90,9,TRUE,TRUE,0.823,False,CRITICAL,40.02
HIST_004722,AST_000024,S&T,REPAIR,66.7,34.4,23.8,5,2,45,50,3,TRUE,TRUE,0.858,False,HIGH,44.62
HIST_004723,AST_000041,TRD,REPLACEMENT,89.8,100.0,43.6,4,11,180,171,0,FALSE,TRUE,0.006,False,LOW,64.41
HIST_004724,AST_000008,TRD,TESTING,88.0,62.5,64.0,5,11,120,105,0,FALSE,TRUE,0.428,False,MEDIUM,62.33
HIST_004725,AST_000025,ENGINEERING,PREVENTIVE_MAINTENANCE,94.7,26.1,32.3,3,11,120,140,12,TRUE,TRUE,0.398,False,CRITICAL,56.4
HIST_004726,AST_000042,S&T,CORRECTIVE_MAINTENANCE,44.5,100.0,51.3,3,7,120,149,17,TRUE,TRUE,0.902,True,HIGH,69.86
HIST_004727,AST_000009,S&T,INSPECTION,89.0,0.0,63.5,0,5,75,60,0,FALSE,FALSE,0.42,False,MEDIUM,46.9
HIST_004728,AST_000026,TRD,REPAIR,79.3,100.0,21.5,5,3,120,136,10,TRUE,TRUE,0.175,False,HIGH,64.34
HIST_004729,AST_000043,ENGINEERING,REPLACEMENT,70.1,0.0,46.6,4,7,120,99,0,FALSE,TRUE,0.307,False,LOW,34.1
HIST_004730,AST_000010,ENGINEERING,TESTING,83.3,100.0,49.0,1,8,75,82,4,TRUE,TRUE,0.252,False,MEDIUM,67.29
HIST_004731,AST_000027,S&T,PREVENTIVE_MAINTENANCE,50.8,100.0,56.0,3,3,240,257,10,TRUE,TRUE,0.406,False,LOW,55.19
HIST_004732,AST_000044,TRD,CORRECTIVE_MAINTENANCE,56.3,57.9,50.0,2,6,90,104,8,TRUE,TRUE,0.166,False,CRITICAL,56.36
HIST_004733,AST_000011,TRD,INSPECTION,69.6,100.0,64.2,1,3,120,145,15,TRUE,TRUE,0.209,True,CRITICAL,83.72
HIST_004734,AST_000028,ENGINEERING,REPAIR,49.5,38.0,24.9,3,2,180,174,0,FALSE,TRUE,0.116,False,MEDIUM,36.83
HIST_004735,AST_000045,S&T,REPLACEMENT,42.3,62.8,24.0,0,10,90,88,0,FALSE,FALSE,0.2,False,CRITICAL,48.19
HIST_004736,AST_000012,S&T,TESTING,62.0,0.0,44.2,5,7,90,98,5,TRUE,TRUE,0.684,False,CRITICAL,42.44
HIST_004737,AST_000029,TRD,REPLACEMENT,88.2,23.0,23.4,0,9,60,48,0,FALSE,FALSE,0.377,False,LOW,40.64
HIST_004738,AST_000046,ENGINEERING,TESTING,52.0,100.0,55.7,5,9,60,56,0,FALSE,TRUE,0.176,False,MEDIUM,59.24
HIST_004739,AST_000013,ENGINEERING,PREVENTIVE_MAINTENANCE,54.3,92.8,50.4,0,10,120,133,8,TRUE,FALSE,0.699,False,HIGH,60.82
HIST_004740,AST_000030,S&T,CORRECTIVE_MAINTENANCE,88.6,0.0,18.6,2,10,30,25,0,FALSE,TRUE,0.261,True,CRITICAL,55.3
HIST_004741,AST_000047,TRD,INSPECTION,84.5,99.2,18.0,0,2,60,48,0,FALSE,FALSE,0.313,False,CRITICAL,68.75
HIST_004742,AST_000014,TRD,REPAIR,44.4,0.0,65.1,3,4,90,112,13,TRUE,TRUE,0.679,False,MEDIUM,33.84
HIST_004743,AST_000031,ENGINEERING,REPLACEMENT,40.4,0.0,59.2,2,6,240,206,0,FALSE,TRUE,0.074,False,MEDIUM,31.46
HIST_004744,AST_000048,S&T,TESTING,56.3,84.8,30.3,3,7,30,28,0,FALSE,TRUE,0.097,False,HIGH,55.4
HIST_004745,AST_000015,S&T,PREVENTIVE_MAINTENANCE,53.9,18.4,76.8,4,12,30,32,1,TRUE,TRUE,0.915,False,CRITICAL,51.13
HIST_004746,AST_000032,TRD,CORRECTIVE_MAINTENANCE,72.1,17.0,54.3,0,4,120,137,10,TRUE,FALSE,0.889,False,CRITICAL,51.74
HIST_004747,AST_000049,ENGINEERING,INSPECTION,67.6,80.7,58.7,3,9,75,82,4,TRUE,TRUE,0.191,True,CRITICAL,77.19
HIST_004748,AST_000016,ENGINEERING,REPAIR,55.3,61.1,47.6,2,1,240,213,0,FALSE,TRUE,0.197,False,MEDIUM,48.89
HIST_004749,AST_000033,S&T,REPLACEMENT,80.7,0.0,18.0,4,2,75,72,0,FALSE,TRUE,0.782,False,LOW,31.56
HIST_004750,AST_000050,TRD,TESTING,88.2,9.1,32.7,1,1,75,93,11,TRUE,TRUE,0.555,False,MEDIUM,42.77
HIST_004751,AST_000017,TRD,PREVENTIVE_MAINTENANCE,66.6,14.4,37.6,3,9,90,101,7,TRUE,TRUE,0.353,False,HIGH,42.35
HIST_004752,AST_000034,ENGINEERING,CORRECTIVE_MAINTENANCE,82.4,22.2,21.4,2,7,90,97,4,TRUE,TRUE,0.291,False,MEDIUM,42.05
HIST_004753,AST_000001,ENGINEERING,INSPECTION,50.3,31.2,32.9,5,1,120,120,0,FALSE,TRUE,0.192,False,LOW,33.22
HIST_004754,AST_000018,S&T,REPAIR,94.2,0.0,27.9,2,11,60,49,0,FALSE,TRUE,0.284,True,HIGH,55.09
HIST_004755,AST_000035,TRD,REPLACEMENT,84.2,74.8,26.3,0,9,240,222,0,FALSE,FALSE,0.7,False,LOW,52.97
HIST_004756,AST_000002,TRD,TESTING,63.8,0.0,36.7,1,11,150,145,0,FALSE,TRUE,0.725,False,LOW,30.23
HIST_004757,AST_000019,ENGINEERING,PREVENTIVE_MAINTENANCE,79.6,0.0,20.5,2,2,30,35,3,TRUE,TRUE,0.819,False,MEDIUM,35.48
HIST_004758,AST_000036,S&T,CORRECTIVE_MAINTENANCE,78.2,67.0,45.1,5,9,60,56,0,FALSE,TRUE,0.164,False,MEDIUM,56.73
HIST_004759,AST_000003,S&T,INSPECTION,55.7,64.4,52.7,2,1,60,50,0,FALSE,TRUE,0.063,False,HIGH,54.6
HIST_004760,AST_000020,TRD,REPAIR,63.2,0.0,26.4,5,2,90,103,8,TRUE,TRUE,0.611,False,MEDIUM,31.74
HIST_004761,AST_000037,ENGINEERING,REPLACEMENT,81.9,51.8,30.3,2,3,240,196,0,FALSE,TRUE,0.219,True,MEDIUM,61.08
HIST_004762,AST_000004,ENGINEERING,TESTING,87.4,100.0,44.5,5,5,90,91,1,TRUE,TRUE,0.887,False,LOW,63.87
HIST_004763,AST_000021,S&T,PREVENTIVE_MAINTENANCE,42.9,59.6,44.6,3,12,90,77,0,FALSE,TRUE,0.603,False,HIGH,47.94
HIST_004764,AST_000038,TRD,TESTING,95.1,75.3,46.7,1,4,90,104,8,TRUE,TRUE,0.879,False,HIGH,67.94
HIST_004765,AST_000005,TRD,PREVENTIVE_MAINTENANCE,56.6,100.0,19.9,0,11,120,112,0,FALSE,FALSE,0.24,False,HIGH,57.21
HIST_004766,AST_000022,ENGINEERING,CORRECTIVE_MAINTENANCE,76.5,69.3,51.7,0,5,150,165,9,TRUE,FALSE,0.926,False,MEDIUM,58.12
HIST_004767,AST_000039,S&T,INSPECTION,91.8,26.2,36.3,1,9,90,73,0,FALSE,TRUE,0.949,False,CRITICAL,56.35
HIST_004768,AST_000006,S&T,REPAIR,94.3,59.8,25.7,4,5,60,65,3,TRUE,TRUE,0.883,True,CRITICAL,73.38
HIST_004769,AST_000023,TRD,REPLACEMENT,55.6,87.2,61.1,2,9,45,51,4,TRUE,TRUE,0.14,False,MEDIUM,58.2
HIST_004770,AST_000040,ENGINEERING,TESTING,49.9,95.4,74.7,3,3,180,155,0,FALSE,TRUE,0.157,False,CRITICAL,68.76
HIST_004771,AST_000007,ENGINEERING,PREVENTIVE_MAINTENANCE,52.8,50.4,44.2,3,7,150,150,0,FALSE,TRUE,0.157,False,LOW,41.03
HIST_004772,AST_000024,S&T,CORRECTIVE_MAINTENANCE,66.7,58.3,21.3,1,11,120,113,0,FALSE,TRUE,0.471,False,LOW,42.59
HIST_004773,AST_000041,TRD,INSPECTION,89.8,94.1,52.4,0,12,90,97,4,TRUE,FALSE,0.226,False,HIGH,72.19
HIST_004774,AST_000008,TRD,REPAIR,88.0,88.9,68.3,5,6,150,149,0,FALSE,TRUE,0.244,False,CRITICAL,77.28
HIST_004775,AST_000025,ENGINEERING,REPLACEMENT,94.7,37.3,39.9,3,10,180,168,0,FALSE,TRUE,0.953,True,HIGH,66.97
HIST_004776,AST_000042,S&T,TESTING,44.5,100.0,48.6,0,7,90,76,0,FALSE,FALSE,0.019,False,LOW,51.82
HIST_004777,AST_000009,S&T,PREVENTIVE_MAINTENANCE,89.0,0.0,57.2,1,1,120,100,0,FALSE,TRUE,0.447,False,MEDIUM,45.64
HIST_004778,AST_000026,TRD,CORRECTIVE_MAINTENANCE,79.3,80.9,28.4,1,8,90,92,1,TRUE,TRUE,0.948,False,LOW,53.45
HIST_004779,AST_000043,ENGINEERING,INSPECTION,70.1,93.6,43.2,1,11,30,30,0,FALSE,TRUE,0.707,False,MEDIUM,60.57
HIST_004780,AST_000010,ENGINEERING,REPAIR,83.3,91.6,45.8,1,10,120,117,0,FALSE,TRUE,0.658,False,HIGH,68.3
HIST_004781,AST_000027,S&T,REPLACEMENT,50.8,24.1,60.9,4,3,240,299,35,TRUE,TRUE,0.116,False,LOW,37.2
HIST_004782,AST_000044,TRD,TESTING,56.3,79.6,46.1,1,4,75,63,0,FALSE,TRUE,0.645,True,HIGH,67.26
HIST_004783,AST_000011,TRD,PREVENTIVE_MAINTENANCE,69.6,54.1,74.0,3,2,150,138,0,FALSE,TRUE,0.97,False,HIGH,60.45
HIST_004784,AST_000028,ENGINEERING,CORRECTIVE_MAINTENANCE,49.5,65.8,21.9,5,3,75,65,0,FALSE,TRUE,0.663,False,MEDIUM,43.18
HIST_004785,AST_000045,S&T,INSPECTION,42.3,96.3,25.4,5,10,240,230,0,FALSE,TRUE,0.632,False,CRITICAL,56.84
HIST_004786,AST_000012,S&T,REPAIR,62.0,0.0,47.3,1,6,180,170,0,FALSE,TRUE,0.353,False,LOW,31.81
HIST_004787,AST_000029,TRD,REPLACEMENT,88.2,100.0,17.3,0,10,60,49,0,FALSE,FALSE,0.755,False,MEDIUM,62.42
HIST_004788,AST_000046,ENGINEERING,TESTING,52.0,25.5,50.0,1,8,30,37,4,TRUE,TRUE,0.541,False,CRITICAL,46.98
HIST_004789,AST_000013,ENGINEERING,PREVENTIVE_MAINTENANCE,54.3,0.0,62.4,2,12,120,140,12,TRUE,TRUE,0.571,True,HIGH,50.02
HIST_004790,AST_000030,S&T,TESTING,88.6,94.9,27.9,3,3,300,318,11,TRUE,TRUE,0.431,False,CRITICAL,70.88
HIST_004791,AST_000047,TRD,PREVENTIVE_MAINTENANCE,84.5,0.0,15.9,1,3,150,186,22,TRUE,TRUE,0.234,False,LOW,32.28
HIST_004792,AST_000014,TRD,CORRECTIVE_MAINTENANCE,44.4,100.0,74.4,4,1,180,157,0,FALSE,TRUE,0.122,False,LOW,56.95
HIST_004793,AST_000031,ENGINEERING,INSPECTION,40.4,9.9,58.1,3,9,75,76,1,TRUE,TRUE,0.798,False,LOW,29.96
HIST_004794,AST_000048,S&T,REPAIR,56.3,0.0,34.5,5,3,45,42,0,FALSE,TRUE,0.877,False,HIGH,35.04
HIST_004795,AST_000015,S&T,REPLACEMENT,53.9,15.2,71.0,2,4,150,157,4,TRUE,TRUE,0.414,False,HIGH,45.42
HIST_004796,AST_000032,TRD,TESTING,72.1,54.8,55.7,1,2,60,58,0,FALSE,TRUE,0.831,True,MEDIUM,63.97
HIST_004797,AST_000049,ENGINEERING,PREVENTIVE_MAINTENANCE,67.6,68.9,59.7,0,9,45,52,4,TRUE,FALSE,0.563,False,HIGH,60.69
HIST_004798,AST_000016,ENGINEERING,CORRECTIVE_MAINTENANCE,55.3,100.0,54.2,5,5,120,143,14,TRUE,TRUE,0.865,False,HIGH,63.68
HIST_004799,AST_000033,S&T,INSPECTION,80.7,100.0,27.9,4,2,90,78,0,FALSE,TRUE,0.949,False,CRITICAL,69.79
HIST_004800,AST_000050,TRD,REPAIR,88.2,100.0,35.1,4,12,75,74,0,FALSE,TRUE,0.687,False,LOW,62.23
HIST_004801,AST_000017,TRD,REPLACEMENT,66.6,0.0,38.2,0,12,240,273,20,TRUE,FALSE,0.914,False,CRITICAL,42.62
HIST_004802,AST_000034,ENGINEERING,TESTING,82.4,31.1,24.6,1,2,60,61,1,TRUE,TRUE,0.973,False,CRITICAL,52.42
HIST_004803,AST_000001,ENGINEERING,PREVENTIVE_MAINTENANCE,50.3,100.0,27.6,5,5,60,49,0,FALSE,TRUE,0.826,True,LOW,59.36
HIST_004804,AST_000018,S&T,CORRECTIVE_MAINTENANCE,94.2,100.0,32.2,1,1,30,37,4,TRUE,TRUE,0.692,False,CRITICAL,74.7
HIST_004805,AST_000035,TRD,INSPECTION,84.2,100.0,22.2,5,9,150,177,16,TRUE,TRUE,0.74,False,CRITICAL,69.7
HIST_004806,AST_000002,TRD,REPAIR,63.8,100.0,34.8,4,4,30,34,2,TRUE,TRUE,0.676,False,HIGH,62.35
HIST_004807,AST_000019,ENGINEERING,REPLACEMENT,79.6,100.0,18.1,0,5,150,157,4,TRUE,FALSE,0.163,False,LOW,56.25
HIST_004808,AST_000036,S&T,TESTING,78.2,94.2,48.5,5,5,30,37,4,TRUE,TRUE,0.326,False,HIGH,67.96
HIST_004809,AST_000003,S&T,PREVENTIVE_MAINTENANCE,55.7,17.4,61.0,0,6,60,67,4,TRUE,FALSE,0.468,False,HIGH,44.51
HIST_004810,AST_000020,TRD,CORRECTIVE_MAINTENANCE,63.2,57.5,30.5,3,5,240,197,0,FALSE,TRUE,0.377,True,CRITICAL,64.44
HIST_004811,AST_000037,ENGINEERING,INSPECTION,81.9,1.7,31.3,5,7,240,252,7,TRUE,TRUE,0.447,False,MEDIUM,38.76
HIST_004812,AST_000004,ENGINEERING,REPAIR,87.4,79.0,48.7,1,8,75,81,4,TRUE,TRUE,0.855,False,CRITICAL,70.71
HIST_004813,AST_000021,S&T,REPLACEMENT,42.9,45.5,44.3,4,1,240,235,0,FALSE,TRUE,0.755,False,CRITICAL,48.1
HIST_004814,AST_000038,TRD,TESTING,95.1,100.0,40.5,0,4,60,66,4,TRUE,FALSE,0.45,False,LOW,65.38
HIST_004815,AST_000005,TRD,PREVENTIVE_MAINTENANCE,56.6,100.0,19.0,2,3,120,110,0,FALSE,TRUE,0.985,False,MEDIUM,53.28
HIST_004816,AST_000022,ENGINEERING,TESTING,76.5,9.3,56.3,4,10,180,217,22,TRUE,TRUE,0.609,False,HIGH,47.78
HIST_004817,AST_000039,S&T,PREVENTIVE_MAINTENANCE,91.8,48.5,36.2,4,5,90,98,5,TRUE,TRUE,0.321,True,MEDIUM,64.41
HIST_004818,AST_000006,S&T,CORRECTIVE_MAINTENANCE,94.3,6.9,16.0,3,11,150,175,15,TRUE,TRUE,0.402,False,LOW,36.97
HIST_004819,AST_000023,TRD,INSPECTION,55.6,18.6,62.0,2,12,60,73,8,TRUE,TRUE,0.383,False,CRITICAL,48.73
HIST_004820,AST_000040,ENGINEERING,REPAIR,49.9,25.4,70.3,0,1,90,78,0,FALSE,FALSE,0.474,False,CRITICAL,50.38
HIST_004821,AST_000007,ENGINEERING,REPLACEMENT,52.8,100.0,35.2,3,3,180,155,0,FALSE,TRUE,0.025,False,CRITICAL,62.88
HIST_004822,AST_000024,S&T,TESTING,66.7,48.1,23.6,3,2,150,182,19,TRUE,TRUE,0.222,False,HIGH,48.01
HIST_004823,AST_000041,TRD,PREVENTIVE_MAINTENANCE,89.8,0.7,53.9,1,6,45,51,4,TRUE,TRUE,0.216,False,MEDIUM,45.39
HIST_004824,AST_000008,TRD,CORRECTIVE_MAINTENANCE,88.0,100.0,61.0,5,3,60,50,0,FALSE,TRUE,0.358,True,HIGH,84.85
HIST_004825,AST_000025,ENGINEERING,INSPECTION,94.7,100.0,40.4,5,7,180,171,0,FALSE,TRUE,0.942,False,HIGH,72.74
HIST_004826,AST_000042,S&T,REPAIR,44.5,100.0,49.8,4,10,180,182,1,TRUE,TRUE,0.656,False,MEDIUM,55.81
HIST_004827,AST_000009,S&T,REPLACEMENT,89.0,0.0,56.3,0,6,240,240,0,FALSE,FALSE,0.384,False,CRITICAL,52.96
HIST_004828,AST_000026,TRD,TESTING,79.3,59.5,27.8,0,6,60,64,2,TRUE,FALSE,0.55,False,MEDIUM,51.73
HIST_004829,AST_000043,ENGINEERING,PREVENTIVE_MAINTENANCE,70.1,32.6,45.2,5,12,90,100,6,TRUE,TRUE,0.831,False,MEDIUM,45.72
HIST_004830,AST_000010,ENGINEERING,CORRECTIVE_MAINTENANCE,83.3,40.9,46.2,4,4,75,74,0,FALSE,TRUE,0.625,False,CRITICAL,59.45
HIST_004831,AST_000027,S&T,INSPECTION,50.8,47.6,60.3,4,7,240,275,21,TRUE,TRUE,0.709,True,MEDIUM,56.7
HIST_004832,AST_000044,TRD,REPAIR,56.3,5.7,47.8,0,5,75,84,5,TRUE,FALSE,0.513,False,MEDIUM,35.38
HIST_004833,AST_000011,TRD,REPLACEMENT,69.6,100.0,64.9,5,10,90,112,13,TRUE,TRUE,0.462,False,LOW,62.61
HIST_004834,AST_000028,ENGINEERING,TESTING,49.5,0.0,27.7,1,12,30,29,0,FALSE,TRUE,0.143,False,LOW,24.14
HIST_004835,AST_000045,S&T,PREVENTIVE_MAINTENANCE,42.3,43.1,29.7,2,11,75,70,0,FALSE,TRUE,0.109,False,LOW,33.16
HIST_004836,AST_000012,S&T,CORRECTIVE_MAINTENANCE,62.0,73.4,46.4,0,11,90,90,0,FALSE,FALSE,0.536,False,LOW,49.98
HIST_004837,AST_000029,TRD,INSPECTION,88.2,100.0,18.3,0,11,150,155,3,TRUE,FALSE,0.535,False,HIGH,66.37
HIST_004838,AST_000046,ENGINEERING,REPAIR,52.0,73.2,59.7,4,8,75,78,2,TRUE,TRUE,0.752,True,MEDIUM,63.34
HIST_004839,AST_000013,ENGINEERING,REPLACEMENT,54.3,81.8,53.8,4,2,120,143,14,TRUE,TRUE,0.423,False,LOW,51.25
HIST_004840,AST_000030,S&T,TESTING,88.6,73.2,20.0,3,2,180,210,18,TRUE,TRUE,0.11,False,CRITICAL,63.88
HIST_004841,AST_000047,TRD,PREVENTIVE_MAINTENANCE,84.5,100.0,24.4,0,10,90,95,3,TRUE,FALSE,0.953,False,CRITICAL,70.23
HIST_004842,AST_000014,TRD,CORRECTIVE_MAINTENANCE,44.4,10.9,73.5,3,10,30,33,2,TRUE,TRUE,0.085,False,HIGH,41.99
HIST_004843,AST_000031,ENGINEERING,PREVENTIVE_MAINTENANCE,40.4,59.8,53.7,4,6,150,178,17,TRUE,TRUE,0.486,False,MEDIUM,45.31
HIST_004844,AST_000048,S&T,CORRECTIVE_MAINTENANCE,56.3,74.6,37.2,5,8,120,133,8,TRUE,TRUE,0.654,False,HIGH,54.23
HIST_004845,AST_000015,S&T,INSPECTION,53.9,99.7,69.6,4,7,180,171,0,FALSE,TRUE,0.275,True,MEDIUM,72.52
HIST_004846,AST_000032,TRD,REPAIR,72.1,69.8,54.9,3,8,60,53,0,FALSE,TRUE,0.114,False,CRITICAL,65.06
HIST_004847,AST_000049,ENGINEERING,REPLACEMENT,67.6,100.0,55.3,4,12,120,130,6,TRUE,TRUE,0.591,False,MEDIUM,63.84
HIST_004848,AST_000016,ENGINEERING,TESTING,55.3,100.0,48.3,5,12,150,167,10,TRUE,TRUE,0.614,False,HIGH,62.5
HIST_004849,AST_000033,S&T,PREVENTIVE_MAINTENANCE,80.7,74.9,17.4,3,2,180,199,11,TRUE,TRUE,0.137,False,CRITICAL,61.41
HIST_004850,AST_000050,TRD,CORRECTIVE_MAINTENANCE,88.2,26.1,35.4,0,12,180,196,10,TRUE,FALSE,0.608,False,MEDIUM,47.56
HIST_004851,AST_000017,TRD,INSPECTION,66.6,7.2,43.4,5,4,90,82,0,FALSE,TRUE,0.728,False,CRITICAL,45.46
HIST_004852,AST_000034,ENGINEERING,REPAIR,82.4,0.0,18.3,5,4,60,61,1,TRUE,TRUE,0.203,True,MEDIUM,45.88
HIST_004853,AST_000001,ENGINEERING,REPLACEMENT,50.3,0.0,34.3,5,5,120,129,5,TRUE,TRUE,0.826,False,MEDIUM,29.45
HIST_004854,AST_000018,S&T,TESTING,94.2,0.0,21.5,0,10,90,85,0,FALSE,FALSE,0.439,False,HIGH,43.81
HIST_004855,AST_000035,TRD,PREVENTIVE_MAINTENANCE,84.2,83.3,29.5,4,9,120,130,6,TRUE,TRUE,0.201,False,MEDIUM,59.48
HIST_004856,AST_000002,TRD,CORRECTIVE_MAINTENANCE,63.8,0.0,34.7,2,10,90,91,1,TRUE,TRUE,0.008,False,CRITICAL,41.08
HIST_004857,AST_000019,ENGINEERING,INSPECTION,79.6,100.0,28.5,1,12,150,145,0,FALSE,TRUE,0.983,False,CRITICAL,69.58
HIST_004858,AST_000036,S&T,REPAIR,78.2,71.1,57.9,5,4,75,81,4,TRUE,TRUE,0.412,False,LOW,56.56
HIST_004859,AST_000003,S&T,REPLACEMENT,55.7,72.3,57.3,5,3,180,187,4,TRUE,TRUE,0.185,True,LOW,59.99
HIST_004860,AST_000020,TRD,TESTING,63.2,26.7,22.6,4,2,120,132,7,TRUE,TRUE,0.94,False,MEDIUM,37.66
HIST_004861,AST_000037,ENGINEERING,PREVENTIVE_MAINTENANCE,81.9,62.2,34.1,2,2,150,161,7,TRUE,TRUE,0.237,False,HIGH,58.19
HIST_004862,AST_000004,ENGINEERING,CORRECTIVE_MAINTENANCE,87.4,0.0,50.4,4,12,150,182,19,TRUE,TRUE,0.291,False,LOW,40.05
HIST_004863,AST_000021,S&T,INSPECTION,42.9,100.0,44.5,3,4,240,211,0,FALSE,TRUE,0.775,False,CRITICAL,61.77
HIST_004864,AST_000038,TRD,REPAIR,95.1,100.0,46.7,3,3,45,49,2,TRUE,TRUE,0.005,False,HIGH,74.12
HIST_004865,AST_000005,TRD,REPLACEMENT,56.6,100.0,24.7,4,11,150,131,0,FALSE,TRUE,0.112,False,MEDIUM,54.42
HIST_004866,AST_000022,ENGINEERING,TESTING,76.5,16.0,50.4,1,12,180,148,0,FALSE,TRUE,0.797,True,LOW,50.78
HIST_004867,AST_000039,S&T,PREVENTIVE_MAINTENANCE,91.8,0.0,35.9,3,8,60,74,8,TRUE,TRUE,0.231,False,LOW,38.47
HIST_004868,AST_000006,S&T,CORRECTIVE_MAINTENANCE,94.3,89.2,21.7,3,1,75,79,2,TRUE,TRUE,0.51,False,CRITICAL,69.93
HIST_004869,AST_000023,TRD,PREVENTIVE_MAINTENANCE,55.6,22.4,55.1,1,4,60,73,8,TRUE,TRUE,0.206,False,LOW,37.05
HIST_004870,AST_000040,ENGINEERING,CORRECTIVE_MAINTENANCE,49.9,78.5,75.1,5,3,75,92,10,TRUE,TRUE,0.436,False,MEDIUM,57.11
HIST_004871,AST_000007,ENGINEERING,INSPECTION,52.8,62.5,39.5,2,4,180,216,22,TRUE,TRUE,0.841,False,LOW,43.11
HIST_004872,AST_000024,S&T,REPAIR,66.7,0.0,29.7,3,11,75,68,0,FALSE,TRUE,0.763,False,HIGH,37.2
HIST_004873,AST_000041,TRD,REPLACEMENT,89.8,100.0,46.1,1,12,30,30,0,FALSE,TRUE,0.199,True,HIGH,82.41
HIST_004874,AST_000008,TRD,TESTING,88.0,81.6,60.9,3,6,30,31,1,TRUE,TRUE,0.437,False,CRITICAL,73.98
HIST_004875,AST_000025,ENGINEERING,PREVENTIVE_MAINTENANCE,94.7,82.2,39.7,1,8,45,49,2,TRUE,TRUE,0.058,False,CRITICAL,71.9
HIST_004876,AST_000042,S&T,CORRECTIVE_MAINTENANCE,44.5,100.0,39.3,3,6,240,293,32,TRUE,TRUE,0.138,False,CRITICAL,61.21
HIST_004877,AST_000009,S&T,INSPECTION,89.0,0.0,61.0,2,11,60,65,3,TRUE,TRUE,0.591,False,HIGH,50.15
HIST_004878,AST_000026,TRD,REPAIR,79.3,78.6,20.7,1,9,60,61,1,TRUE,TRUE,0.143,False,MEDIUM,55.08
HIST_004879,AST_000043,ENGINEERING,REPLACEMENT,70.1,70.3,51.0,4,6,60,62,1,TRUE,TRUE,0.497,False,HIGH,60.05
HIST_004880,AST_000010,ENGINEERING,TESTING,83.3,96.1,52.4,1,3,180,187,4,TRUE,TRUE,0.631,True,CRITICAL,84.5
HIST_004881,AST_000027,S&T,PREVENTIVE_MAINTENANCE,50.8,60.9,48.5,2,12,120,122,1,TRUE,TRUE,0.336,False,MEDIUM,47.66
HIST_004882,AST_000044,TRD,CORRECTIVE_MAINTENANCE,56.3,0.0,47.6,5,9,180,167,0,FALSE,TRUE,0.408,False,LOW,30.16
HIST_004883,AST_000011,TRD,INSPECTION,69.6,10.8,71.0,1,9,30,36,4,TRUE,TRUE,0.833,False,MEDIUM,45.28
HIST_004884,AST_000028,ENGINEERING,REPAIR,49.5,54.2,23.9,2,11,45,55,6,TRUE,TRUE,0.826,False,CRITICAL,48.18
HIST_004885,AST_000045,S&T,REPLACEMENT,42.3,19.2,23.2,3,3,60,58,0,FALSE,TRUE,0.058,False,CRITICAL,37.13
HIST_004886,AST_000012,S&T,TESTING,62.0,0.0,42.1,4,11,150,185,21,TRUE,TRUE,0.293,False,CRITICAL,42.02
HIST_004887,AST_000029,TRD,PREVENTIVE_MAINTENANCE,88.2,0.0,30.3,2,4,120,123,2,TRUE,TRUE,0.036,True,MEDIUM,50.02
HIST_004888,AST_000046,ENGINEERING,CORRECTIVE_MAINTENANCE,52.0,0.0,61.4,3,11,150,184,20,TRUE,TRUE,0.905,False,LOW,31.63
HIST_004889,AST_000013,ENGINEERING,INSPECTION,54.3,88.2,61.5,0,10,30,34,2,TRUE,FALSE,0.732,False,HIGH,61.89
HIST_004890,AST_000030,S&T,REPAIR,88.6,100.0,27.4,5,8,60,50,0,FALSE,TRUE,0.28,False,LOW,60.81
HIST_004891,AST_000047,TRD,REPLACEMENT,84.5,0.0,19.8,5,1,30,29,0,FALSE,TRUE,0.802,False,HIGH,40.56
HIST_004892,AST_000014,TRD,TESTING,44.4,71.8,72.4,1,9,90,111,13,TRUE,TRUE,0.334,False,HIGH,57.0
HIST_004893,AST_000031,ENGINEERING,PREVENTIVE_MAINTENANCE,40.4,100.0,50.0,2,4,180,214,20,TRUE,TRUE,0.561,False,CRITICAL,62.12
HIST_004894,AST_000048,S&T,CORRECTIVE_MAINTENANCE,56.3,39.3,37.7,5,7,75,87,7,TRUE,TRUE,0.151,True,HIGH,55.5
HIST_004895,AST_000015,S&T,PREVENTIVE_MAINTENANCE,53.9,69.1,69.0,2,2,180,187,4,TRUE,TRUE,0.951,False,LOW,50.99
HIST_004896,AST_000032,TRD,CORRECTIVE_MAINTENANCE,72.1,80.0,57.0,5,7,120,106,0,FALSE,TRUE,0.511,False,MEDIUM,60.53
HIST_004897,AST_000049,ENGINEERING,INSPECTION,67.6,0.0,50.5,3,11,60,61,1,TRUE,TRUE,0.349,False,MEDIUM,37.88
HIST_004898,AST_000016,ENGINEERING,REPAIR,55.3,63.7,43.4,5,7,90,108,11,TRUE,TRUE,0.309,False,CRITICAL,56.2
HIST_004899,AST_000033,S&T,REPLACEMENT,80.7,75.6,24.8,1,11,75,71,0,FALSE,TRUE,0.856,False,LOW,51.82
HIST_004900,AST_000050,TRD,TESTING,88.2,35.6,35.5,4,10,30,30,0,FALSE,TRUE,0.602,False,HIGH,53.71
HIST_004901,AST_000017,TRD,PREVENTIVE_MAINTENANCE,66.6,100.0,43.2,5,12,30,24,0,FALSE,TRUE,0.474,True,MEDIUM,71.12
HIST_004902,AST_000034,ENGINEERING,CORRECTIVE_MAINTENANCE,82.4,0.0,25.1,2,3,150,187,22,TRUE,TRUE,0.107,False,CRITICAL,44.74
HIST_004903,AST_000001,ENGINEERING,INSPECTION,50.3,19.7,27.1,3,8,75,90,9,TRUE,TRUE,0.963,False,CRITICAL,40.44
HIST_004904,AST_000018,S&T,REPAIR,94.2,40.6,26.1,2,12,240,216,0,FALSE,TRUE,0.977,False,LOW,47.38
HIST_004905,AST_000035,TRD,REPLACEMENT,84.2,100.0,23.3,0,7,60,55,0,FALSE,FALSE,0.86,False,MEDIUM,62.42
HIST_004906,AST_000002,TRD,TESTING,63.8,100.0,39.9,1,10,60,56,0,FALSE,TRUE,0.663,False,MEDIUM,59.62
HIST_004907,AST_000019,ENGINEERING,PREVENTIVE_MAINTENANCE,79.6,42.0,22.7,5,5,120,139,11,TRUE,TRUE,0.055,False,LOW,42.67
HIST_004908,AST_000036,S&T,CORRECTIVE_MAINTENANCE,78.2,100.0,44.8,2,4,240,256,10,TRUE,TRUE,0.524,True,MEDIUM,74.92
HIST_004909,AST_000003,S&T,INSPECTION,55.7,0.0,54.3,1,6,30,28,0,FALSE,TRUE,0.249,False,CRITICAL,42.57
HIST_004910,AST_000020,TRD,REPAIR,63.2,77.6,28.3,4,6,90,111,13,TRUE,TRUE,0.571,False,LOW,47.77
HIST_004911,AST_000037,ENGINEERING,REPLACEMENT,81.9,74.4,29.5,3,9,180,171,0,FALSE,TRUE,0.479,False,LOW,52.82
HIST_004912,AST_000004,ENGINEERING,TESTING,87.4,100.0,43.6,4,7,120,132,7,TRUE,TRUE,0.414,False,LOW,63.69
HIST_004913,AST_000021,S&T,PREVENTIVE_MAINTENANCE,42.9,17.6,48.8,1,8,30,27,0,FALSE,TRUE,0.738,False,CRITICAL,42.03
HIST_004914,AST_000038,TRD,CORRECTIVE_MAINTENANCE,95.1,86.1,40.6,3,7,180,177,0,FALSE,TRUE,0.731,False,CRITICAL,73.17
HIST_004915,AST_000005,TRD,INSPECTION,56.6,82.3,21.0,2,5,60,60,0,FALSE,TRUE,0.362,True,MEDIUM,59.26
HIST_004916,AST_000022,ENGINEERING,REPAIR,76.5,100.0,54.0,1,12,240,283,26,TRUE,TRUE,0.959,False,MEDIUM,66.25
HIST_004917,AST_000039,S&T,REPLACEMENT,91.8,100.0,44.8,5,12,60,59,0,FALSE,TRUE,0.131,False,MEDIUM,69.0
HIST_004918,AST_000006,S&T,TESTING,94.3,62.3,16.1,1,5,75,74,0,FALSE,TRUE,0.332,False,LOW,50.83
HIST_004919,AST_000023,TRD,PREVENTIVE_MAINTENANCE,55.6,88.7,57.5,5,3,60,72,7,TRUE,TRUE,0.974,False,HIGH,61.61
HIST_004920,AST_000040,ENGINEERING,CORRECTIVE_MAINTENANCE,49.9,0.0,81.8,0,12,75,88,8,TRUE,FALSE,0.368,False,MEDIUM,38.83
HIST_004921,AST_000007,ENGINEERING,INSPECTION,52.8,17.5,37.0,4,10,120,105,0,FALSE,TRUE,0.996,False,CRITICAL,42.61
HIST_004922,AST_000024,S&T,CORRECTIVE_MAINTENANCE,66.7,10.8,27.7,4,11,240,236,0,FALSE,TRUE,0.37,True,HIGH,49.5
HIST_004923,AST_000041,TRD,INSPECTION,89.8,100.0,51.7,2,8,90,93,2,TRUE,TRUE,0.915,False,HIGH,73.53
HIST_004924,AST_000008,TRD,REPAIR,88.0,57.6,58.6,5,9,75,68,0,FALSE,TRUE,0.301,False,CRITICAL,67.52
HIST_004925,AST_000025,ENGINEERING,REPLACEMENT,94.7,98.7,40.5,5,4,180,166,0,FALSE,TRUE,0.662,False,CRITICAL,76.19
HIST_004926,AST_000042,S&T,TESTING,44.5,100.0,51.0,1,2,180,167,0,FALSE,TRUE,0.32,False,MEDIUM,56.05
HIST_004927,AST_000009,S&T,PREVENTIVE_MAINTENANCE,89.0,97.0,52.7,5,10,150,140,0,FALSE,TRUE,0.711,False,LOW,65.24
HIST_004928,AST_000026,TRD,CORRECTIVE_MAINTENANCE,79.3,0.0,22.1,3,6,75,90,9,TRUE,TRUE,0.629,False,HIGH,39.46
HIST_004929,AST_000043,ENGINEERING,INSPECTION,70.1,100.0,44.3,5,2,150,143,0,FALSE,TRUE,0.911,True,HIGH,76.14
HIST_004930,AST_000010,ENGINEERING,REPAIR,83.3,0.0,53.3,0,3,75,62,0,FALSE,FALSE,0.324,False,MEDIUM,43.15
HIST_004931,AST_000027,S&T,REPLACEMENT,50.8,3.4,52.9,3,3,30,35,3,TRUE,TRUE,0.099,False,MEDIUM,34.17
HIST_004932,AST_000044,TRD,TESTING,56.3,91.6,52.4,5,2,75,89,8,TRUE,TRUE,0.884,False,MEDIUM,57.77
HIST_004933,AST_000011,TRD,PREVENTIVE_MAINTENANCE,69.6,57.1,74.5,1,4,180,180,0,FALSE,TRUE,0.1,False,MEDIUM,57.55
HIST_004934,AST_000028,ENGINEERING,CORRECTIVE_MAINTENANCE,49.5,100.0,23.3,0,10,120,143,14,TRUE,FALSE,0.609,False,CRITICAL,59.51
HIST_004935,AST_000045,S&T,INSPECTION,42.3,100.0,26.5,2,2,180,167,0,FALSE,TRUE,0.192,False,MEDIUM,50.49
HIST_004936,AST_000012,S&T,REPAIR,62.0,34.5,47.7,4,4,120,145,15,TRUE,TRUE,0.922,True,LOW,50.52
HIST_004937,AST_000029,TRD,REPLACEMENT,88.2,100.0,20.6,4,6,30,28,0,FALSE,TRUE,0.237,False,HIGH,66.83
HIST_004938,AST_000046,ENGINEERING,TESTING,52.0,0.0,49.0,1,9,240,256,10,TRUE,TRUE,0.841,False,MEDIUM,32.9
HIST_004939,AST_000013,ENGINEERING,PREVENTIVE_MAINTENANCE,54.3,100.0,53.2,2,3,75,67,0,FALSE,TRUE,0.858,False,LOW,55.68
HIST_004940,AST_000030,S&T,CORRECTIVE_MAINTENANCE,88.6,54.3,29.8,0,10,240,226,0,FALSE,FALSE,0.179,False,MEDIUM,53.62
HIST_004941,AST_000047,TRD,INSPECTION,84.5,89.4,26.8,2,6,180,177,0,FALSE,TRUE,0.704,False,MEDIUM,60.56
HIST_004942,AST_000014,TRD,REPAIR,44.4,1.6,63.6,3,7,60,63,2,TRUE,TRUE,0.71,False,HIGH,37.69
HIST_004943,AST_000031,ENGINEERING,REPLACEMENT,40.4,11.6,58.3,3,3,240,232,0,FALSE,TRUE,0.255,True,HIGH,47.93
HIST_004944,AST_000048,S&T,TESTING,56.3,100.0,33.3,0,8,90,74,0,FALSE,FALSE,0.586,False,HIGH,59.8
HIST_004945,AST_000015,S&T,PREVENTIVE_MAINTENANCE,53.9,29.9,68.0,5,10,60,68,5,TRUE,TRUE,0.814,False,MEDIUM,44.74
HIST_004946,AST_000032,TRD,CORRECTIVE_MAINTENANCE,72.1,0.0,54.6,1,6,240,288,29,TRUE,TRUE,0.364,False,CRITICAL,47.55
HIST_004947,AST_000049,ENGINEERING,INSPECTION,67.6,81.9,53.4,1,3,150,166,10,TRUE,TRUE,0.707,False,MEDIUM,58.93
HIST_004948,AST_000016,ENGINEERING,CORRECTIVE_MAINTENANCE,55.3,100.0,47.3,0,7,61,63,1,TRUE,FALSE,0.565,False,MEDIUM,58.55
HIST_004949,AST_000033,S&T,INSPECTION,80.7,96.8,17.5,2,10,240,247,4,TRUE,TRUE,0.346,False,LOW,55.66
HIST_004950,AST_000050,TRD,REPAIR,88.2,57.0,30.9,4,1,180,223,26,TRUE,TRUE,0.045,True,HIGH,68.14
HIST_004951,AST_000017,TRD,REPLACEMENT,66.6,100.0,44.2,0,12,60,65,3,TRUE,FALSE,0.056,False,CRITICAL,68.82
HIST_004952,AST_000034,ENGINEERING,TESTING,82.4,99.0,26.0,1,6,75,71,0,FALSE,TRUE,0.054,False,LOW,58.42
HIST_004953,AST_000001,ENGINEERING,PREVENTIVE_MAINTENANCE,50.3,100.0,28.8,2,9,60,54,0,FALSE,TRUE,0.259,False,MEDIUM,53.35
HIST_004954,AST_000018,S&T,CORRECTIVE_MAINTENANCE,94.2,71.6,28.3,4,5,150,168,11,TRUE,TRUE,0.75,False,CRITICAL,66.82
HIST_004955,AST_000035,TRD,INSPECTION,84.2,100.0,26.0,3,2,75,84,5,TRUE,TRUE,0.302,False,MEDIUM,62.96
HIST_004956,AST_000002,TRD,REPAIR,63.8,10.9,40.2,5,8,90,111,13,TRUE,TRUE,0.527,False,MEDIUM,37.41
HIST_004957,AST_000019,ENGINEERING,REPLACEMENT,79.6,71.1,21.3,5,12,75,62,0,FALSE,TRUE,0.617,True,LOW,59.66
HIST_004958,AST_000036,S&T,TESTING,78.2,94.5,54.3,4,12,45,43,0,FALSE,TRUE,0.714,False,HIGH,69.19
HIST_004959,AST_000003,S&T,PREVENTIVE_MAINTENANCE,55.7,75.5,52.8,3,3,90,104,8,TRUE,TRUE,0.6,False,LOW,49.9
HIST_004960,AST_000020,TRD,CORRECTIVE_MAINTENANCE,63.2,100.0,29.2,4,6,75,71,0,FALSE,TRUE,0.109,False,LOW,53.55
HIST_004961,AST_000037,ENGINEERING,INSPECTION,81.9,54.4,41.5,3,5,75,74,0,FALSE,TRUE,0.893,False,CRITICAL,61.47
HIST_004962,AST_000004,ENGINEERING,REPAIR,87.4,100.0,43.9,3,11,75,61,0,FALSE,TRUE,0.013,False,MEDIUM,67.5
HIST_004963,AST_000021,S&T,REPLACEMENT,42.9,0.0,45.7,1,11,30,36,4,TRUE,TRUE,0.271,False,MEDIUM,29.51
HIST_004964,AST_000038,TRD,TESTING,95.1,100.0,44.3,3,12,45,37,0,FALSE,TRUE,0.46,True,MEDIUM,79.89
HIST_004965,AST_000005,TRD,PREVENTIVE_MAINTENANCE,56.6,66.7,11.2,3,10,120,150,18,TRUE,TRUE,0.721,False,CRITICAL,50.9
HIST_004966,AST_000022,ENGINEERING,CORRECTIVE_MAINTENANCE,76.5,51.8,53.6,5,7,45,47,1,TRUE,TRUE,0.303,False,HIGH,57.87
HIST_004967,AST_000039,S&T,INSPECTION,91.8,15.5,41.4,3,10,180,147,0,FALSE,TRUE,0.274,False,LOW,43.45
HIST_004968,AST_000006,S&T,REPAIR,94.3,0.0,14.0,4,10,75,64,0,FALSE,TRUE,0.587,False,LOW,34.84
HIST_004969,AST_000023,TRD,REPLACEMENT,55.6,24.2,62.7,1,8,30,27,0,FALSE,TRUE,0.245,False,HIGH,46.52
HIST_004970,AST_000040,ENGINEERING,TESTING,49.9,75.5,71.1,4,5,75,67,0,FALSE,TRUE,0.672,False,CRITICAL,63.06
HIST_004971,AST_000007,ENGINEERING,PREVENTIVE_MAINTENANCE,52.8,20.3,42.5,2,12,75,62,0,FALSE,TRUE,0.688,True,CRITICAL,54.41
HIST_004972,AST_000024,S&T,CORRECTIVE_MAINTENANCE,66.7,0.0,22.4,1,6,90,76,0,FALSE,TRUE,0.602,False,CRITICAL,39.49
HIST_004973,AST_000041,TRD,INSPECTION,89.8,100.0,51.6,1,6,150,138,0,FALSE,TRUE,0.749,False,CRITICAL,77.26
HIST_004974,AST_000008,TRD,CORRECTIVE_MAINTENANCE,88.0,10.5,59.8,4,4,60,61,1,TRUE,TRUE,0.64,False,CRITICAL,55.98
HIST_004975,AST_000025,ENGINEERING,INSPECTION,94.7,71.1,33.7,0,10,45,47,1,TRUE,FALSE,0.392,False,MEDIUM,60.43
HIST_004976,AST_000042,S&T,REPAIR,44.5,42.4,38.7,1,1,120,150,18,TRUE,TRUE,0.037,False,CRITICAL,46.69
HIST_004977,AST_000009,S&T,REPLACEMENT,89.0,0.0,60.6,3,2,30,28,0,FALSE,TRUE,0.956,False,HIGH,50.07
HIST_004978,AST_000026,TRD,TESTING,79.3,77.7,17.8,4,4,240,255,9,TRUE,TRUE,0.356,True,MEDIUM,64.28
HIST_004979,AST_000043,ENGINEERING,PREVENTIVE_MAINTENANCE,70.1,0.0,44.0,1,3,120,108,0,FALSE,TRUE,0.054,False,LOW,33.58
HIST_004980,AST_000010,ENGINEERING,CORRECTIVE_MAINTENANCE,83.3,100.0,42.3,1,8,180,182,1,TRUE,TRUE,0.68,False,LOW,62.2
HIST_004981,AST_000027,S&T,INSPECTION,50.8,24.5,60.7,0,11,45,43,0,FALSE,FALSE,0.257,False,HIGH,44.75
HIST_004982,AST_000044,TRD,REPAIR,56.3,100.0,49.2,0,3,60,67,4,TRUE,FALSE,0.439,False,LOW,55.48
HIST_004983,AST_000011,TRD,REPLACEMENT,69.6,98.8,66.3,3,11,240,292,31,TRUE,TRUE,0.201,False,MEDIUM,66.34
HIST_004984,AST_000028,ENGINEERING,TESTING,49.5,96.7,31.2,2,8,90,93,2,TRUE,TRUE,0.879,False,CRITICAL,60.27
HIST_004985,AST_000045,S&T,PREVENTIVE_MAINTENANCE,42.3,100.0,24.6,4,11,75,73,0,FALSE,TRUE,0.485,True,CRITICAL,67.61
HIST_004986,AST_000012,S&T,CORRECTIVE_MAINTENANCE,62.0,100.0,43.8,5,12,180,165,0,FALSE,TRUE,0.724,False,LOW,56.11
HIST_004987,AST_000029,TRD,INSPECTION,88.2,92.9,25.1,4,8,90,93,2,TRUE,TRUE,0.94,False,CRITICAL,69.71
HIST_004988,AST_000046,ENGINEERING,REPAIR,52.0,40.2,56.4,0,9,30,30,0,FALSE,FALSE,0.001,False,MEDIUM,44.43
HIST_004989,AST_000013,ENGINEERING,REPLACEMENT,54.3,33.1,58.0,5,11,60,60,0,FALSE,TRUE,0.684,False,CRITICAL,51.16
HIST_004990,AST_000030,S&T,TESTING,88.6,16.7,24.1,4,8,75,90,9,TRUE,TRUE,0.457,False,HIGH,46.83
HIST_004991,AST_000047,TRD,PREVENTIVE_MAINTENANCE,84.5,0.0,20.4,1,8,120,101,0,FALSE,TRUE,0.798,False,HIGH,40.68
HIST_004992,AST_000014,TRD,CORRECTIVE_MAINTENANCE,44.4,100.0,66.0,1,4,180,178,0,FALSE,TRUE,0.404,True,LOW,65.27
HIST_004993,AST_000031,ENGINEERING,INSPECTION,40.4,100.0,50.0,1,5,120,139,11,TRUE,TRUE,0.401,False,CRITICAL,62.12
HIST_004994,AST_000048,S&T,REPAIR,56.3,65.4,35.2,1,2,180,165,0,FALSE,TRUE,0.211,False,CRITICAL,55.28
HIST_004995,AST_000015,S&T,REPLACEMENT,53.9,66.0,70.1,2,6,45,40,0,FALSE,TRUE,0.754,False,HIGH,57.94
HIST_004996,AST_000032,TRD,TESTING,72.1,100.0,51.7,1,9,45,48,2,TRUE,TRUE,0.337,False,MEDIUM,64.47
HIST_004997,AST_000049,ENGINEERING,PREVENTIVE_MAINTENANCE,67.6,100.0,49.6,5,8,150,170,12,TRUE,TRUE,0.244,False,LOW,58.95
HIST_004998,AST_000016,ENGINEERING,CORRECTIVE_MAINTENANCE,55.3,0.2,47.4,5,11,90,101,7,TRUE,TRUE,0.659,False,MEDIUM,33.62
HIST_004999,AST_000033,S&T,INSPECTION,80.7,43.6,18.8,3,3,120,131,7,TRUE,TRUE,0.736,True,MEDIUM,56.37
HIST_005000,AST_000050,TRD,REPAIR,88.2,100.0,40.4,5,1,120,139,11,TRUE,TRUE,0.766,False,MEDIUM,67.04
